post_id,rugby_ignite_url,team_a,team_b,date,season,home_points,away_points,match_status,competition_name
33,https://rugbyignite.co.za/fixture/2025/michealhouse-vs-hilton/,Michaelhouse,Hilton College,2025-05-03,2025,20,25,migrated,
187,https://rugbyignite.co.za/fixture/2025/durban-high-school-vs-maritzburg-college/,Durban High School,Maritzburg College,2025-03-15,2025,29,13,migrated,
188,https://rugbyignite.co.za/fixture/2025/northwood-school-vs-michaelhouse/,Northwood School,Michaelhouse,2025-03-15,2025,15,13,migrated,
189,https://rugbyignite.co.za/fixture/2025/hilton-college-vs-westville-boys-high-school/,Hilton College,Westville Boys' High School,2025-03-15,2025,15,23,migrated,
190,https://rugbyignite.co.za/fixture/2025/maritzburg-college-vs-northwood-school/,Maritzburg College,Northwood School,2025-03-21,2025,21,24,migrated,
191,https://rugbyignite.co.za/fixture/2025/michaelhouse-vs-durban-high-school/,Michaelhouse,Durban High School,2025-03-22,2025,22,28,migrated,
192,https://rugbyignite.co.za/fixture/2025/kearsney-college-vs-hilton-college/,Kearsney College,Hilton College,2025-03-22,2025,10,50,migrated,
193,https://rugbyignite.co.za/fixture/2025/maritzburg-college-vs-glenwood-high-school/,Maritzburg College,Glenwood High School,2025-04-12,2025,37,25,migrated,
202,https://rugbyignite.co.za/fixture/2025/kearsney-college-vs-michaelhouse/,Kearsney College,Michaelhouse,2025-05-09,2025,17,50,migrated,
204,https://rugbyignite.co.za/fixture/2025/westville-boys-high-school-vs-durban-high-school/,Westville Boys' High School,Durban High School,2025-05-24,2025,33,28,migrated,
205,https://rugbyignite.co.za/fixture/2025/glenwood-high-school-vs-northwood-school/,Glenwood High School,Northwood School,2025-05-24,2025,16,30,migrated,
206,https://rugbyignite.co.za/fixture/2025/maritzburg-college-vs-kearsney-college/,Maritzburg College,Kearsney College,2025-05-31,2025,35,20,migrated,
207,https://rugbyignite.co.za/fixture/2025/durban-high-school-vs-hilton-college/,Durban High School,Hilton College,2025-05-31,2025,26,18,migrated,
208,https://rugbyignite.co.za/fixture/2025/westville-boys-high-school-vs-glenwood-high-school/,Westville Boys' High School,Glenwood High School,2025-05-31,2025,42,25,migrated,
209,https://rugbyignite.co.za/fixture/2025/michaelhouse-vs-maritzburg-college/,Michaelhouse,Maritzburg College,2025-06-07,2025,25,31,migrated,
210,https://rugbyignite.co.za/fixture/2025/westville-boys-high-school-vs-kearsney-college/,Westville Boys' High School,Kearsney College,2025-06-07,2025,33,15,migrated,
248,https://rugbyignite.co.za/fixture/2025/durban-high-school-vs-northwood-school/,Durban High School,Northwood School,2025-04-26,2025,22,19,migrated,
249,https://rugbyignite.co.za/fixture/2025/durban-high-school-vs-kearsney-college/,Durban High School,Kearsney College,2025-05-16,2025,42,20,migrated,
250,https://rugbyignite.co.za/fixture/2025/northwood-school-vs-durban-high-school/,Northwood School,Durban High School,2025-08-01,2025,5,38,migrated,
251,https://rugbyignite.co.za/fixture/2025/kearsney-college-vs-glenwood-high-school/,Kearsney College,Glenwood High School,2025-04-26,2025,32,31,migrated,
252,https://rugbyignite.co.za/fixture/2025/glenwood-high-school-vs-michaelhouse/,Hilton College,Glenwood High School,2025-05-16,2025,53,15,migrated,
253,https://rugbyignite.co.za/fixture/2025/northwood-school-vs-glenwood-high-school/,Northwood School,Glenwood High School,2025-07-26,2025,19,11,migrated,
254,https://rugbyignite.co.za/fixture/2025/glenwood-high-school-vs-maritzburg-college/,Glenwood High School,Maritzburg College,2025-08-09,2025,10,14,migrated,
255,https://rugbyignite.co.za/fixture/2025/northwood-school-vs-hilton-college/,Northwood School,Hilton College,2025-06-07,2025,22,35,migrated,
256,https://rugbyignite.co.za/fixture/2025/hilton-college-vs-maritzburg-college/,Hilton College,Maritzburg College,2025-06-14,2025,20,23,migrated,
258,https://rugbyignite.co.za/fixture/2025/hilton-college-vs-michaelhouse/,Hilton College,Michaelhouse,2025-06-21,2025,29,20,migrated,
259,https://rugbyignite.co.za/fixture/2025/maritzburg-college-vs-westville-boys-high-school/,Maritzburg College,Westville Boys' High School,2025-05-16,2025,21,22,migrated,
260,https://rugbyignite.co.za/fixture/2025/michaelhouse-vs-westville-boys-high-school/,Michaelhouse,Westville Boys' High School,2025-06-14,2025,20,50,migrated,
261,https://rugbyignite.co.za/fixture/2025/northwood-school-vs-westville-boys-high-school/,Northwood School,Westville Boys' High School,2025-04-12,2025,14,16,migrated,
334,https://rugbyignite.co.za/fixture/2025/jeppe-high-school-for-boys-vs-affies/,Jeppe High School For Boys,Afrikaanse Hoër Seunskool,2025-05-31,2025,36,38,migrated,
378,https://rugbyignite.co.za/fixture/2025/kearsney-college-vs-pretoria-boys-high-school/,Kearsney College,Pretoria Boys High School,2025-03-29,2025,28,26,migrated,
437,https://rugbyignite.co.za/fixture/2025/hilton-college-vs-pretoria-boys-high-school/,Hilton College,Pretoria Boys High School,2025-05-12,2025,38,24,migrated,
440,https://rugbyignite.co.za/fixture/2025/st-charles-college-vs-glenwood-high-school/,St Charles College,Glenwood High School,2025-03-15,2025,0,38,migrated,
441,https://rugbyignite.co.za/fixture/2025/st-charles-college-vs-hilton-college/,St Charles College,Hilton College,2025-04-26,2025,14,74,migrated,
442,https://rugbyignite.co.za/fixture/2025/st-charles-college-vs-maritzburg-college/,St Charles College,Maritzburg College,2025-05-10,2025,16,26,migrated,
457,https://rugbyignite.co.za/fixture/2025/michaelhouse-vs-northwood-school/,Michaelhouse,Northwood School,2025-05-16,2025,29,43,migrated,
497,https://rugbyignite.co.za/fixture/2025/paarl-gimnasium-vs-affies/,Paarl Gimnasium,Afrikaanse Hoër Seunskool,2025-04-12,2025,16,16,migrated,
500,https://rugbyignite.co.za/fixture/2025/paarl-gimnasium-vs-paarl-boys-high/,Paarl Gimnasium,Paarl Boys High,2025-08-02,2025,33,35,migrated,
501,https://rugbyignite.co.za/fixture/2025/paarl-boys-high-vs-affies/,Paarl Boys High,Afrikaanse Hoër Seunskool,2025-03-31,2025,25,17,migrated,
504,https://rugbyignite.co.za/fixture/2025/paarl-boys-high-vs-grey-college/,Paarl Boys High,Grey College,2025-05-10,2025,25,10,migrated,
505,https://rugbyignite.co.za/fixture/2025/grey-college-vs-jeppe-high-school-for-boys/,Grey College,Jeppe High School For Boys,2025-04-01,2025,64,31,migrated,
506,https://rugbyignite.co.za/fixture/2025/grey-college-vs-paarl-gimnasium/,Grey College,Paarl Gimnasium,2025-04-26,2025,31,43,migrated,
507,https://rugbyignite.co.za/fixture/2025/paarl-gimnasium-vs-northwood-school/,Paarl Gimnasium,Northwood School,2025-05-01,2025,46,20,migrated,Wildeklawer 2025
508,https://rugbyignite.co.za/fixture/2025/paarl-gimnasium-vs-durban-high-school/,Paarl Gimnasium,Durban High School,2025-05-03,2025,47,20,migrated,Wildeklawer 2025
509,https://rugbyignite.co.za/fixture/2025/jeppe-high-school-for-boys-vs-maritzburg-college/,Jeppe High School For Boys,Maritzburg College,2025-05-01,2025,37,24,migrated,Wildeklawer 2025
510,https://rugbyignite.co.za/fixture/2025/jeppe-high-school-for-boys-vs-northwood-school/,Jeppe High School For Boys,Northwood School,2025-05-10,2025,30,24,migrated,
512,https://rugbyignite.co.za/fixture/2025/grey-college-vs-affies/,Grey College,Afrikaanse Hoër Seunskool,2025-05-17,2025,42,37,migrated,
514,https://rugbyignite.co.za/fixture/2025/affies-vs-maritzburg-college/,Afrikaanse Hoër Seunskool,Maritzburg College,2025-07-26,2025,45,27,migrated,
515,https://rugbyignite.co.za/fixture/2025/jeppe-high-school-for-boys-vs-pretoria-boys-high-school/,Jeppe High School For Boys,Pretoria Boys High School,2025-03-15,2025,27,18,migrated,
516,https://rugbyignite.co.za/fixture/2025/pretoria-boys-high-school-vs-maritzburg-college/,Pretoria Boys High School,Maritzburg College,2025-04-26,2025,28,45,migrated,
517,https://rugbyignite.co.za/fixture/2025/pretoria-boys-high-school-vs-michaelhouse/,Pretoria Boys High School,Michaelhouse,2025-05-31,2025,24,31,migrated,
518,https://rugbyignite.co.za/fixture/2025/pretoria-boys-high-school-vs-jeppe-high-school-for-boys/,Pretoria Boys High School,Jeppe High School For Boys,2025-06-07,2025,29,30,migrated,
519,https://rugbyignite.co.za/fixture/2025/maritzburg-college-vs-pretoria-boys-high-school/,Maritzburg College,Pretoria Boys High School,2025-08-02,2025,27,31,migrated,
520,https://rugbyignite.co.za/fixture/2025/pretoria-boys-high-school-vs-affies/,Pretoria Boys High School,Afrikaanse Hoër Seunskool,2025-08-09,2025,12,41,migrated,
524,https://rugbyignite.co.za/fixture/2025/paul-roos-ginmasium-vs-affies/,Paul Roos Gimnasium,Afrikaanse Hoër Seunskool,2025-04-30,2025,18,20,migrated,Wildeklawer 2025
525,https://rugbyignite.co.za/fixture/2025/paul-roos-ginmasium-vs-paarl-gimnasium/,Paul Roos Gimnasium,Paarl Gimnasium,2025-05-10,2025,10,17,migrated,
526,https://rugbyignite.co.za/fixture/2025/paarl-boys-high-vs-paul-roos-ginmasium/,Paarl Boys High,Paul Roos Gimnasium,2025-05-24,2025,36,26,migrated,
527,https://rugbyignite.co.za/fixture/2025/grey-college-vs-paul-roos-ginmasium/,Grey College,Paul Roos Gimnasium,2025-08-16,2025,26,25,migrated,
530,https://rugbyignite.co.za/fixture/2025/rondebosch-boys-high-school-vs-jeppe-high-school-for-boys/,Rondebosch Boys High School,Jeppe High School For Boys,2025-03-29,2025,38,12,migrated,
531,https://rugbyignite.co.za/fixture/2025/rondebosch-boys-high-school-vs-paarl-boys-high/,Rondebosch Boys High School,Paarl Boys High,2025-04-26,2025,12,55,migrated,
532,https://rugbyignite.co.za/fixture/2025/paul-roos-ginmasium-vs-rondebosch-boys-high-school/,Paul Roos Gimnasium,Rondebosch Boys High School,2025-07-26,2025,48,12,migrated,
535,https://rugbyignite.co.za/fixture/2025/king-edward-vii-school-vs-jeppe-high-school-for-boys/,King Edward VII School,Jeppe High School For Boys,2025-03-22,2025,28,37,migrated,
537,https://rugbyignite.co.za/fixture/2025/king-edward-vii-school-vs-paarl-gimnasium/,King Edward VII School,Paarl Gimnasium,2025-03-28,2025,0,102,migrated,
538,https://rugbyignite.co.za/fixture/2025/king-edward-vii-school-vs-pretoria-boys-high-school/,King Edward VII School,Pretoria Boys High School,2025-04-12,2025,24,27,migrated,
539,https://rugbyignite.co.za/fixture/2025/king-edward-vii-school-vs-rondebosch-boys-high-school/,King Edward VII School,Rondebosch Boys High School,2025-04-19,2025,20,17,migrated,
540,https://rugbyignite.co.za/fixture/2025/king-edward-vii-school-vs-northwood-school/,King Edward VII School,Northwood School,2025-04-21,2025,7,12,migrated,
541,https://rugbyignite.co.za/fixture/2025/king-edward-vii-school-vs-westville-boys-high-school/,King Edward VII School,Westville Boys' High School,2025-05-10,2025,38,55,migrated,
542,https://rugbyignite.co.za/fixture/2025/affies-vs-king-edward-vii-school/,Afrikaanse Hoër Seunskool,King Edward VII School,2025-05-24,2025,65,19,migrated,
543,https://rugbyignite.co.za/fixture/2025/pretoria-boys-high-school-vs-king-edward-vii-school/,Pretoria Boys High School,King Edward VII School,2025-07-26,2025,23,24,migrated,
544,https://rugbyignite.co.za/fixture/2025/jeppe-high-school-for-boys-vs-king-edward-vii-school/,Jeppe High School For Boys,King Edward VII School,2025-08-02,2025,39,31,migrated,
545,https://rugbyignite.co.za/fixture/2025/durban-high-school-vs-king-edward-vii-school/,Durban High School,King Edward VII School,2025-08-09,2025,52,19,migrated,
587,https://rugbyignite.co.za/fixture/2025/bishops-vs-michaelhouse/,Bishops,Michaelhouse,2025-03-31,2025,26,17,migrated,
588,https://rugbyignite.co.za/fixture/2025/bishops-vs-brackenfell-high-school/,Bishops,Brackenfell High School,2025-04-12,2025,24,12,migrated,
589,https://rugbyignite.co.za/fixture/2025/bishops-vs-paul-roos-ginmasium/,Bishops,Paul Roos Gimnasium,2025-04-26,2025,10,41,migrated,
590,https://rugbyignite.co.za/fixture/2025/bishops-vs-sacs/,Bishops,SACS,2025-05-10,2025,14,14,migrated,
591,https://rugbyignite.co.za/fixture/2025/bishops-vs-stellenberg-high-school/,Bishops,Stellenberg High School,2025-05-17,2025,13,38,migrated,
592,https://rugbyignite.co.za/fixture/2025/bishops-vs-paarl-gimnasium/,Bishops,Paarl Gimnasium,2025-06-07,2025,0,50,migrated,
593,https://rugbyignite.co.za/fixture/2025/bishops-vs-wynberg-boys-high-school/,Bishops,Wynberg Boys' High School,2025-08-16,2025,26,26,migrated,
594,https://rugbyignite.co.za/fixture/2025/bishops-vs-rondebosch-boys-high-school/,Bishops,Rondebosch Boys High School,2025-08-30,2025,22,28,migrated,
595,https://rugbyignite.co.za/fixture/2025/boland-landbou-vs-hoerskool-outeniqua/,Boland Landbou,Hoërskool Outeniqua,2025-03-15,2025,34,49,migrated,
596,https://rugbyignite.co.za/fixture/2025/boland-landbou-vs-hoerskool-durbanville/,Boland Landbou,Hoerskool Durbanville,2025-03-20,2025,40,31,migrated,
597,https://rugbyignite.co.za/fixture/2025/boland-landbou-vs-affies/,Boland Landbou,Afrikaanse Hoër Seunskool,2025-05-03,2025,14,74,migrated,Wildeklawer 2025
598,https://rugbyignite.co.za/fixture/2025/boland-landbou-vs-paul-roos-ginmasium/,Boland Landbou,Paul Roos Gimnasium,2025-05-17,2025,36,40,migrated,
600,https://rugbyignite.co.za/fixture/2025/boland-landbou-vs-paarl-gimnasium/,Boland Landbou,Paarl Gimnasium,2025-06-21,2025,29,80,migrated,
601,https://rugbyignite.co.za/fixture/2025/boland-landbou-vs-bishops/,Boland Landbou,Bishops,2025-07-26,2025,45,19,migrated,
602,https://rugbyignite.co.za/fixture/2025/drostdy-vs-paarl-boys-high/,Drostdy,Paarl Boys High,2025-03-15,2025,19,55,migrated,
603,https://rugbyignite.co.za/fixture/2025/drostdy-vs-paul-roos-ginmasium/,Drostdy,Paul Roos Gimnasium,2025-03-21,2025,20,25,migrated,
604,https://rugbyignite.co.za/fixture/2025/drostdy-vs-affies/,Drostdy,Afrikaanse Hoër Seunskool,2025-03-28,2025,15,61,migrated,
605,https://rugbyignite.co.za/fixture/2025/drostdy-vs-hermanus-high-school/,Drostdy,Hermanus High School,2025-04-16,2025,51,22,migrated,
606,https://rugbyignite.co.za/fixture/2025/drostdy-vs-northwood-school/,Drostdy,Northwood School,2025-05-03,2025,12,21,migrated,Wildeklawer 2025
608,https://rugbyignite.co.za/fixture/2025/hoerskool-durbanville-vs-drostdy/,Hoerskool Durbanville,Drostdy,2025-04-12,2025,21,20,migrated,
609,https://rugbyignite.co.za/fixture/2025/hoerskool-durbanville-vs-durban-high-school/,Hoerskool Durbanville,Durban High School,2025-04-21,2025,5,33,migrated,
610,https://rugbyignite.co.za/fixture/2025/hoerskool-durbanville-vs-wynberg-boys-high-school/,Hoerskool Durbanville,Wynberg Boys' High School,2025-04-26,2025,31,37,migrated,
612,https://rugbyignite.co.za/fixture/2025/hoerskool-durbanville-vs-brackenfell-high-school/,Hoerskool Durbanville,Brackenfell High School,2025-07-26,2025,45,21,migrated,
614,https://rugbyignite.co.za/fixture/2025/hoerskool-durbanville-vs-hoerskool-outeniqua/,Hoerskool Durbanville,Hoërskool Outeniqua,2025-08-09,2025,5,8,migrated,
615,https://rugbyignite.co.za/fixture/2025/hoerskool-durbanville-vs-stellenberg-high-school/,Hoerskool Durbanville,Stellenberg High School,2025-08-16,2025,14,21,migrated,
619,https://rugbyignite.co.za/fixture/2025/paarl-boys-high-vs-boland-landbou/,Paarl Boys High,Boland Landbou,2025-06-07,2025,59,12,migrated,
620,https://rugbyignite.co.za/fixture/2025/paarl-boys-high-vs-bishops/,Paarl Boys High,Bishops,2025-06-14,2025,33,12,migrated,
621,https://rugbyignite.co.za/fixture/2025/paarl-boys-high-vs-sacs/,Paarl Boys High,SACS,2025-07-26,2025,51,8,migrated,
622,https://rugbyignite.co.za/fixture/2025/hoer-landbouschool-oakdale-vs-rondebosch-boys-high-school/,Hoer Landbouschool Oakdale,Rondebosch Boys High School,2025-03-22,2025,7,10,migrated,
623,https://rugbyignite.co.za/fixture/2025/hoer-landbouschool-oakdale-vs-paarl-boys-high/,Hoer Landbouschool Oakdale,Paarl Boys High,2025-04-12,2025,28,26,migrated,
624,https://rugbyignite.co.za/fixture/2025/hoer-landbouschool-oakdale-vs-jeppe-high-school-for-boys/,Hoer Landbouschool Oakdale,Jeppe High School For Boys,2025-05-03,2025,47,25,migrated,Wildeklawer 2025
625,https://rugbyignite.co.za/fixture/2025/hoer-landbouschool-oakdale-vs-hoerskool-durbanville/,Hoer Landbouschool Oakdale,Hoerskool Durbanville,2025-05-10,2025,43,7,migrated,
626,https://rugbyignite.co.za/fixture/2025/hoer-landbouschool-oakdale-vs-drostdy/,Hoer Landbouschool Oakdale,Drostdy,2025-07-26,2025,31,7,migrated,
627,https://rugbyignite.co.za/fixture/2025/hoer-landbouschool-oakdale-vs-paul-roos-ginmasium/,Hoer Landbouschool Oakdale,Paul Roos Gimnasium,2025-08-02,2025,21,17,migrated,
628,https://rugbyignite.co.za/fixture/2025/hoer-landbouschool-oakdale-vs-boland-landbou/,Hoer Landbouschool Oakdale,Boland Landbou,2025-08-09,2025,27,34,migrated,
629,https://rugbyignite.co.za/fixture/2025/hoerskool-outeniqua-vs-grey-college/,Hoërskool Outeniqua,Grey College,2025-04-12,2025,18,29,migrated,
630,https://rugbyignite.co.za/fixture/2025/hoerskool-outeniqua-vs-hoer-landbouschool-oakdale/,Hoërskool Outeniqua,Hoer Landbouschool Oakdale,2025-06-07,2025,7,50,migrated,
631,https://rugbyignite.co.za/fixture/2025/hoerskool-outeniqua-vs-stellenberg-high-school/,Hoërskool Outeniqua,Stellenberg High School,2025-07-26,2025,14,8,migrated,
632,https://rugbyignite.co.za/fixture/2025/hoerskool-outeniqua-vs-worcester-gymnasium/,Hoërskool Outeniqua,Worcester Gymnasium,2025-08-02,2025,45,13,migrated,
633,https://rugbyignite.co.za/fixture/2025/hoerskool-outeniqua-vs-drostdy/,Hoërskool Outeniqua,Drostdy,2025-08-16,2025,36,38,migrated,
634,https://rugbyignite.co.za/fixture/2025/paarl-gimnasium-vs-stellenberg-high-school/,Paarl Gimnasium,Stellenberg High School,2025-03-15,2025,39,17,migrated,
636,https://rugbyignite.co.za/fixture/2025/paarl-gimnasium-vs-drostdy/,Paarl Gimnasium,Drostdy,2025-05-24,2025,93,12,migrated,
637,https://rugbyignite.co.za/fixture/2025/paarl-gimnasium-vs-hoer-landbouschool-oakdale/,Paarl Gimnasium,Hoer Landbouschool Oakdale,2025-05-31,2025,29,9,migrated,
638,https://rugbyignite.co.za/fixture/2025/paarl-gimnasium-vs-wynberg-boys-high-school/,Paarl Gimnasium,Wynberg Boys' High School,2025-07-26,2025,68,22,migrated,
642,https://rugbyignite.co.za/fixture/2025/paul-roos-ginmasium-vs-sacs/,Paul Roos Gimnasium,SACS,2025-05-31,2025,22,3,migrated,
643,https://rugbyignite.co.za/fixture/2025/paul-roos-ginmasium-vs-stellenberg-high-school/,Paul Roos Gimnasium,Stellenberg High School,2025-06-07,2025,34,5,migrated,
646,https://rugbyignite.co.za/fixture/2025/rondebosch-boys-high-school-vs-stellenberg-high-school/,Rondebosch Boys High School,Stellenberg High School,2025-05-10,2025,22,23,migrated,
647,https://rugbyignite.co.za/fixture/2025/rondebosch-boys-high-school-vs-boland-landbou/,Rondebosch Boys High School,Boland Landbou,2025-05-24,2025,57,26,migrated,
648,https://rugbyignite.co.za/fixture/2025/rondebosch-boys-high-school-vs-wynberg-boys-high-school/,Rondebosch Boys High School,Wynberg Boys' High School,2025-06-07,2025,33,38,migrated,
649,https://rugbyignite.co.za/fixture/2025/rondebosch-boys-high-school-vs-bishops/,Rondebosch Boys High School,Bishops,2025-06-21,2025,28,7,migrated,
650,https://rugbyignite.co.za/fixture/2025/rondebosch-boys-high-school-vs-drostdy/,Rondebosch Boys High School,Drostdy,2025-08-02,2025,34,19,migrated,
651,https://rugbyignite.co.za/fixture/2025/rondebosch-boys-high-school-vs-sacs/,Rondebosch Boys High School,SACS,2025-08-16,2025,23,20,migrated,
652,https://rugbyignite.co.za/fixture/2025/sacs-vs-parel-vallei-high-school/,SACS,Parel Vallei High School,2025-03-21,2025,14,12,migrated,
653,https://rugbyignite.co.za/fixture/2025/sacs-vs-king-edward-vii-school/,SACS,King Edward VII School,2025-03-31,2025,27,5,migrated,
654,https://rugbyignite.co.za/fixture/2025/sacs-vs-boland-landbou/,SACS,Boland Landbou,2025-04-12,2025,18,21,migrated,
655,https://rugbyignite.co.za/fixture/2025/sacs-vs-stellenberg-high-school/,SACS,Stellenberg High School,2025-04-26,2025,7,29,migrated,
656,https://rugbyignite.co.za/fixture/2025/bishops-vs-sacs-2/,Bishops,SACS,2025-05-10,2025,14,14,migrated,
657,https://rugbyignite.co.za/fixture/2025/sacs-vs-rondebosch-boys-high-school/,SACS,Rondebosch Boys High School,2025-05-17,2025,17,40,migrated,
658,https://rugbyignite.co.za/fixture/2025/sacs-vs-hoerskool-durbanville/,SACS,Hoerskool Durbanville,2025-05-24,2025,17,20,migrated,
659,https://rugbyignite.co.za/fixture/2025/sacs-vs-paarl-gimnasium/,SACS,Paarl Gimnasium,2025-06-14,2025,7,82,migrated,
660,https://rugbyignite.co.za/fixture/2025/sacs-vs-wynberg-boys-high-school/,SACS,Wynberg Boys' High School,2025-06-21,2025,10,21,migrated,
661,https://rugbyignite.co.za/fixture/2025/sacs-vs-brackenfell-high-school/,SACS,Brackenfell High School,2025-08-02,2025,43,25,migrated,
663,https://rugbyignite.co.za/fixture/2025/sacs-vs-bishops/,SACS,Bishops,2025-08-23,2025,18,18,migrated,
664,https://rugbyignite.co.za/fixture/2025/stellenberg-high-school-vs-worcester-gymnasium/,Stellenberg High School,Worcester Gymnasium,2025-03-08,2025,40,21,migrated,
665,https://rugbyignite.co.za/fixture/2025/stellenberg-high-school-vs-durban-high-school/,Stellenberg High School,Durban High School,2025-05-01,2025,19,26,migrated,Wildeklawer 2025
666,https://rugbyignite.co.za/fixture/2025/stellenberg-high-school-vs-hoer-landbouschool-oakdale/,Stellenberg High School,Hoer Landbouschool Oakdale,2025-05-24,2025,17,47,migrated,
667,https://rugbyignite.co.za/fixture/2025/stellenberg-high-school-vs-paarl-boys-high/,Stellenberg High School,Paarl Boys High,2025-05-31,2025,0,27,migrated,
668,https://rugbyignite.co.za/fixture/2025/stellenberg-high-school-vs-boland-landbou/,Stellenberg High School,Boland Landbou,2025-08-02,2025,18,10,migrated,
669,https://rugbyignite.co.za/fixture/2025/wynberg-boys-high-school-vs-st-charles-college/,Wynberg Boys' High School,St Charles College,2025-03-21,2025,19,10,migrated,
670,https://rugbyignite.co.za/fixture/2025/wynberg-boys-high-school-vs-worcester-gymnasium/,Wynberg Boys' High School,Worcester Gymnasium,2025-03-23,2025,29,0,migrated,
671,https://rugbyignite.co.za/fixture/2025/wynberg-boys-high-school-vs-stellenberg-high-school/,Wynberg Boys' High School,Stellenberg High School,2025-04-12,2025,10,24,migrated,
672,https://rugbyignite.co.za/fixture/2025/wynberg-boys-high-school-vs-hoerskool-durbanville/,Wynberg Boys' High School,Hoerskool Durbanville,2025-04-26,2025,37,31,migrated,
673,https://rugbyignite.co.za/fixture/2025/wynberg-boys-high-school-vs-paarl-boys-high/,Wynberg Boys' High School,Paarl Boys High,2025-05-17,2025,26,32,migrated,
674,https://rugbyignite.co.za/fixture/2025/wynberg-boys-high-school-vs-bishops/,Wynberg Boys' High School,Bishops,2025-05-24,2025,34,5,migrated,
675,https://rugbyignite.co.za/fixture/2025/wynberg-boys-high-school-vs-paul-roos-ginmasium/,Wynberg Boys' High School,Paul Roos Gimnasium,2025-06-14,2025,17,21,migrated,
676,https://rugbyignite.co.za/fixture/2025/wynberg-boys-high-school-vs-rondebosch-boys-high-school/,Wynberg Boys' High School,Rondebosch Boys High School,2025-08-23,2025,43,0,migrated,
677,https://rugbyignite.co.za/fixture/2025/wynberg-boys-high-school-vs-sacs/,Wynberg Boys' High School,SACS,2025-08-30,2025,41,10,migrated,
678,https://rugbyignite.co.za/fixture/2025/bellville-high-school-vs-tygerberg-high-school/,Bellville High School,Tygerberg High School,2025-04-12,2025,13,3,migrated,
679,https://rugbyignite.co.za/fixture/2025/bellville-high-school-vs-boland-landbou/,Bellville High School,Boland Landbou,2025-04-23,2025,27,29,migrated,
680,https://rugbyignite.co.za/fixture/2025/bellville-high-school-vs-parel-vallei-high-school/,Bellville High School,Parel Vallei High School,2025-05-10,2025,20,43,migrated,
681,https://rugbyignite.co.za/fixture/2025/bellville-high-school-vs-strand-high-school/,Bellville High School,Strand High School,2025-05-17,2025,7,29,migrated,
682,https://rugbyignite.co.za/fixture/2025/bellville-high-school-vs-milnerton-high-school/,Bellville High School,Milnerton High School,2025-05-31,2025,5,37,migrated,
683,https://rugbyignite.co.za/fixture/2025/bellville-high-school-vs-sacs/,Bellville High School,SACS,2025-06-07,2025,0,40,migrated,
684,https://rugbyignite.co.za/fixture/2025/bellville-high-school-vs-df-malan/,Bellville High School,DF Malan,2025-08-16,2025,15,3,migrated,
685,https://rugbyignite.co.za/fixture/2025/brackenfell-high-school-vs-bellville-high-school/,Brackenfell High School,Bellville High School,2025-03-15,2025,15,15,migrated,
686,https://rugbyignite.co.za/fixture/2025/brackenfell-high-school-vs-milnerton-high-school/,Brackenfell High School,Milnerton High School,2025-04-25,2025,8,22,migrated,
687,https://rugbyignite.co.za/fixture/2025/brackenfell-high-school-vs-worcester-gymnasium/,Brackenfell High School,Worcester Gymnasium,2025-05-10,2025,22,29,migrated,
688,https://rugbyignite.co.za/fixture/2025/brackenfell-high-school-vs-df-malan/,Brackenfell High School,DF Malan,2025-05-31,2025,61,17,migrated,
689,https://rugbyignite.co.za/fixture/2025/brackenfell-high-school-vs-parel-vallei-high-school/,Brackenfell High School,Parel Vallei High School,2025-06-07,2025,19,12,migrated,
690,https://rugbyignite.co.za/fixture/2025/brackenfell-high-school-vs-tygerberg-high-school/,Brackenfell High School,Tygerberg High School,2025-08-16,2025,18,9,migrated,
691,https://rugbyignite.co.za/fixture/2025/milnerton-high-school-vs-rondebosch-boys-high-school/,Milnerton High School,Rondebosch Boys High School,2025-04-12,2025,17,28,migrated,
692,https://rugbyignite.co.za/fixture/2025/milnerton-high-school-vs-glenwood-high-school/,Milnerton High School,Glenwood High School,2025-04-19,2025,34,37,migrated,
694,https://rugbyignite.co.za/fixture/2025/milnerton-high-school-vs-bellville-high-school/,Milnerton High School,Bellville High School,2025-05-10,2025,75,5,migrated,
696,https://rugbyignite.co.za/fixture/2025/milnerton-high-school-vs-df-malan/,Milnerton High School,DF Malan,2025-05-24,2025,83,15,migrated,
697,https://rugbyignite.co.za/fixture/2025/milnerton-high-school-vs-hoerskool-durbanville/,Milnerton High School,Hoerskool Durbanville,2025-06-07,2025,12,24,migrated,
698,https://rugbyignite.co.za/fixture/2025/milnerton-high-school-vs-bishops/,Milnerton High School,Bishops,2025-08-02,2025,36,42,migrated,
699,https://rugbyignite.co.za/fixture/2025/milnerton-high-school-vs-stellenberg-high-school/,Milnerton High School,Stellenberg High School,2025-08-09,2025,14,12,migrated,
700,https://rugbyignite.co.za/fixture/2025/milnerton-high-school-vs-strand-high-school/,Milnerton High School,Strand High School,2025-08-16,2025,41,18,migrated,
701,https://rugbyignite.co.za/fixture/2025/parel-vallei-high-school-vs-hermanus-high-school/,Parel Vallei High School,Hermanus High School,2025-03-15,2025,22,10,migrated,
702,https://rugbyignite.co.za/fixture/2025/parel-vallei-high-school-vs-sacs/,Parel Vallei High School,SACS,2025-03-21,2025,12,14,migrated,
703,https://rugbyignite.co.za/fixture/2025/parel-vallei-high-school-vs-strand-high-school/,Parel Vallei High School,Strand High School,2025-04-24,2025,17,7,migrated,
704,https://rugbyignite.co.za/fixture/2025/parel-vallei-high-school-vs-milnerton-high-school/,Parel Vallei High School,Milnerton High School,2025-05-17,2025,7,20,migrated,
705,https://rugbyignite.co.za/fixture/2025/parel-vallei-high-school-vs-worcester-gymnasium/,Parel Vallei High School,Worcester Gymnasium,2025-07-26,2025,24,21,migrated,
706,https://rugbyignite.co.za/fixture/2025/parel-vallei-high-school-vs-wynberg-boys-high-school/,Parel Vallei High School,Wynberg Boys' High School,2025-08-02,2025,13,59,migrated,
707,https://rugbyignite.co.za/fixture/2025/strand-high-school-vs-hermanus-high-school/,Strand High School,Hermanus High School,2025-05-10,2025,31,20,migrated,
708,https://rugbyignite.co.za/fixture/2025/strand-high-school-vs-brackenfell-high-school/,Strand High School,Brackenfell High School,2025-05-24,2025,17,45,migrated,
709,https://rugbyignite.co.za/fixture/2025/strand-high-school-vs-swartland-high-school/,Strand High School,Swartland High School,2025-07-26,2025,25,29,migrated,
710,https://rugbyignite.co.za/fixture/2025/tygerberg-high-school-vs-drostdy/,Tygerberg High School,Drostdy,2025-04-23,2025,21,20,migrated,
711,https://rugbyignite.co.za/fixture/2025/tygerberg-high-school-vs-paul-roos-ginmasium/,Tygerberg High School,Paul Roos Gimnasium,2025-04-30,2025,20,49,migrated,
712,https://rugbyignite.co.za/fixture/2025/tygerberg-high-school-vs-parel-vallei-high-school/,Tygerberg High School,Parel Vallei High School,2025-05-24,2025,14,42,migrated,
713,https://rugbyignite.co.za/fixture/2025/tygerberg-high-school-vs-swartland-high-school/,Tygerberg High School,Swartland High School,2025-05-31,2025,21,17,migrated,
714,https://rugbyignite.co.za/fixture/2025/tygerberg-high-school-vs-milnerton-high-school/,Tygerberg High School,Milnerton High School,2025-07-26,2025,12,47,migrated,
715,https://rugbyignite.co.za/fixture/2025/tygerberg-high-school-vs-strand-high-school/,Tygerberg High School,Strand High School,2025-08-09,2025,29,12,migrated,
716,https://rugbyignite.co.za/fixture/2025/charlie-hofmeyr-vs-df-malan/,Charlie Hofmeyr,DF Malan,2025-03-21,2025,19,17,migrated,
717,https://rugbyignite.co.za/fixture/2025/charlie-hofmeyr-vs-strand-high-school/,Charlie Hofmeyr,Strand High School,2025-04-12,2025,19,19,migrated,
718,https://rugbyignite.co.za/fixture/2025/charlie-hofmeyr-vs-hermanus-high-school/,Charlie Hofmeyr,Hermanus High School,2025-08-02,2025,42,27,migrated,
719,https://rugbyignite.co.za/fixture/2025/df-malan-vs-parel-vallei-high-school/,DF Malan,Parel Vallei High School,2025-04-12,2025,10,26,migrated,
721,https://rugbyignite.co.za/fixture/2025/hermanus-high-school-vs-swartland-high-school/,Hermanus High School,Swartland High School,2025-04-26,2025,17,0,migrated,
722,https://rugbyignite.co.za/fixture/2025/swartland-high-school-vs-drostdy/,Swartland High School,Drostdy,2025-05-17,2025,9,61,migrated,
723,https://rugbyignite.co.za/fixture/2025/swartland-high-school-vs-charlie-hofmeyr/,Swartland High School,Charlie Hofmeyr,2025-05-24,2025,18,10,migrated,
724,https://rugbyignite.co.za/fixture/2025/worcester-gymnasium-vs-swartland-high-school/,Worcester Gymnasium,Swartland High School,2025-04-12,2025,65,7,migrated,
725,https://rugbyignite.co.za/fixture/2025/worcester-gymnasium-vs-drostdy/,Worcester Gymnasium,Drostdy,2025-05-31,2025,17,35,migrated,
744,https://rugbyignite.co.za/fixture/2025/grey-college-vs-trio-high-school/,Grey College,Trio High School,2025-02-22,2025,38,10,migrated,
745,https://rugbyignite.co.za/fixture/2025/grey-college-vs-hoer-landbouschool-oakdale/,Grey College,Hoer Landbouschool Oakdale,2025-03-15,2025,25,10,migrated,
749,https://rugbyignite.co.za/fixture/2025/welkom-gimnasium-vs-hoerskool-jim-fouche/,Welkom Gimnasium,Hoerskool Jim Fouche,2025-02-22,2025,24,12,migrated,
750,https://rugbyignite.co.za/fixture/2025/welkom-gimnasium-vs-grey-college/,Welkom Gimnasium,Grey College,2025-03-08,2025,17,60,migrated,
751,https://rugbyignite.co.za/fixture/2025/welkom-gimnasium-vs-sacs/,Welkom Gimnasium,SACS,2025-03-28,2025,21,31,migrated,
752,https://rugbyignite.co.za/fixture/2025/welkom-gimnasium-vs-hoerskool-outeniqua/,Welkom Gimnasium,Hoërskool Outeniqua,2025-03-31,2025,24,50,migrated,
753,https://rugbyignite.co.za/fixture/2025/bethlehem-voortrekker-hoerskool/,Welkom Gimnasium,Bethlehem Voortrekker Hoerskool,2025-04-12,2025,24,21,migrated,
754,https://rugbyignite.co.za/fixture/2025/welkom-gimnasium-vs-hoerskool-diamantveld/,Welkom Gimnasium,Hoerskool Diamantveld,2025-04-19,2025,33,50,migrated,
755,https://rugbyignite.co.za/fixture/2025/welkom-gimnasium-vs-trio-high-school/,Welkom Gimnasium,Trio High School,2025-05-10,2025,34,30,migrated,
756,https://rugbyignite.co.za/fixture/2025/hoerskool-fichardtpark-vs-hoerskool-diamantveld/,Hoërskool Fichardtpark,Hoerskool Diamantveld,2025-03-01,2025,7,25,migrated,
757,https://rugbyignite.co.za/fixture/2025/hoerskool-diamantveld-vs-affies/,Hoerskool Diamantveld,Afrikaanse Hoër Seunskool,2025-03-08,2025,24,45,migrated,
758,https://rugbyignite.co.za/fixture/2025/hoerskool-diamantveld-vs-witteberg-hoerskool/,Hoerskool Diamantveld,Witteberg Hoerskool,2025-03-15,2025,51,21,migrated,
759,https://rugbyignite.co.za/fixture/2025/hoerskool-diamantveld-vs-pretoria-boys-high-school/,Hoerskool Diamantveld,Pretoria Boys High School,2025-04-17,2025,31,43,migrated,
760,https://rugbyignite.co.za/fixture/2025/hoerskool-diamantveld-vs-maritzburg-college/,Hoerskool Diamantveld,Maritzburg College,2025-05-03,2025,38,31,migrated,Wildeklawer 2025
761,https://rugbyignite.co.za/fixture/2025/hoerskool-diamantveld-vs-hoerskool-sentraal/,Hoerskool Diamantveld,Hoerskool Sentraal,2025-05-21,2025,55,0,migrated,
762,https://rugbyignite.co.za/fixture/2025/hoerskool-diamantveld-vs-hoerskool-jim-fouche/,Hoerskool Diamantveld,Hoerskool Jim Fouche,2025-05-31,2025,47,37,migrated,
763,https://rugbyignite.co.za/fixture/2025/hoerskool-diamantveld-vs-trio-high-school/,Hoerskool Diamantveld,Trio High School,2025-08-02,2025,38,10,migrated,
764,https://rugbyignite.co.za/fixture/2025/hoerskool-fichardtpark-vs-goudveld-hoerskool/,Hoërskool Fichardtpark,Goudveld Hoërskool,2025-03-15,2025,40,0,migrated,
765,https://rugbyignite.co.za/fixture/2025/hoerskool-fichardtpark-vs-hoerskool-diamantveld-2/,Hoërskool Fichardtpark,Hoerskool Diamantveld,2025-05-01,2025,7,25,migrated,
766,https://rugbyignite.co.za/fixture/2025/hoerskool-fichardtpark-vs-bethlehem-voortrekker-hoerskool/,Hoërskool Fichardtpark,Bethlehem Voortrekker Hoerskool,2025-08-02,2025,26,19,migrated,
800,https://rugbyignite.co.za/fixture/2025/hoerskool-brandwag-vs-dale-college/,Hoërskool Brandwag,Dale College,2025-03-07,2025,16,7,migrated,
801,https://rugbyignite.co.za/fixture/2025/hoerskool-brandwag-vs-graeme-college/,Hoërskool Brandwag,Graeme College,2025-03-20,2025,27,31,migrated,
802,https://rugbyignite.co.za/fixture/2025/hoerskool-brandwag-vs-queens-college/,Hoërskool Brandwag,Queen's College,2025-03-22,2025,15,29,migrated,
803,https://rugbyignite.co.za/fixture/2025/hoerskool-brandwag-vs-kingswood-college/,Hoërskool Brandwag,Kingswood College,2025-05-10,2025,19,7,migrated,
804,https://rugbyignite.co.za/fixture/2025/hoerskool-brandwag-vs-muir-college/,Hoërskool Brandwag,Muir College,2025-07-26,2025,62,3,migrated,
805,https://rugbyignite.co.za/fixture/2025/hoerskool-brandwag-vs-daniel-pienaar/,Hoërskool Brandwag,Daniel Pienaar,2025-08-16,2025,26,0,migrated,
806,https://rugbyignite.co.za/fixture/2025/dale-college-vs-nico-malan-high-school/,Dale College,Nico Malan High School,2025-03-21,2025,22,24,migrated,
807,https://rugbyignite.co.za/fixture/2025/dale-college-vs-northwood-school/,Dale College,Northwood School,2025-03-29,2025,0,24,migrated,
808,https://rugbyignite.co.za/fixture/2025/dale-college-vs-westville-boys-high-school/,Dale College,Westville Boys' High School,2025-03-31,2025,13,28,migrated,
809,https://rugbyignite.co.za/fixture/2025/dale-college-vs-hoerskool-durbanville/,Dale College,Hoerskool Durbanville,2025-04-17,2025,22,66,migrated,
810,https://rugbyignite.co.za/fixture/2025/kearsney-college-vs-dale-college/,Kearsney College,Dale College,2025-04-19,2025,34,13,migrated,
811,https://rugbyignite.co.za/fixture/2025/dale-college-vs-glenwood-high-school/,Dale College,Glenwood High School,2025-04-21,2025,12,33,migrated,
812,https://rugbyignite.co.za/fixture/2025/dale-college-vs-grey-high-school/,Dale College,Grey High School,2025-04-26,2025,3,43,migrated,
813,https://rugbyignite.co.za/fixture/2025/dale-college-vs-queens-college/,Dale College,Queen's College,2025-05-10,2025,13,21,migrated,
814,https://rugbyignite.co.za/fixture/2025/dale-college-vs-st-andrews-college/,Dale College,St Andrew's College,2025-06-21,2025,21,33,migrated,
815,https://rugbyignite.co.za/fixture/2025/dale-college-vs-graeme-college/,Dale College,Graeme College,2025-08-02,2025,10,17,migrated,
816,https://rugbyignite.co.za/fixture/2025/dale-college-vs-selborne-college/,Dale College,Selborne College,2025-08-09,2025,19,15,migrated,
817,https://rugbyignite.co.za/fixture/2025/dale-college-vs-hudson-park-high-school/,Dale College,Hudson Park High School,2025-08-16,2025,10,16,migrated,
818,https://rugbyignite.co.za/fixture/2025/daniel-pienaar-vs-muir-college/,Daniel Pienaar,Muir College,2025-03-08,2025,28,30,migrated,
819,https://rugbyignite.co.za/fixture/2025/daniel-pienaar-vs-st-charles-college/,Daniel Pienaar,St Charles College,2025-03-31,2025,13,26,migrated,
820,https://rugbyignite.co.za/fixture/2025/daniel-pienaar-vs-hoerskool-brandwag/,Daniel Pienaar,Hoërskool Brandwag,2025-04-26,2025,19,22,migrated,
821,https://rugbyignite.co.za/fixture/2025/daniel-pienaar-vs-brackenfell-high-school/,Daniel Pienaar,Brackenfell High School,2025-04-28,2025,21,26,migrated,
822,https://rugbyignite.co.za/fixture/2025/daniel-pienaar-vs-nico-malan-high-school/,Daniel Pienaar,Nico Malan High School,2025-08-02,2025,8,38,migrated,
823,https://rugbyignite.co.za/fixture/2025/framesby-vs-st-andrews-college/,Framesby,St Andrew's College,2025-03-22,2025,17,46,migrated,
824,https://rugbyignite.co.za/fixture/2025/framesby-vs-hoerskool-diamantveld/,Framesby,Hoerskool Diamantveld,2025-04-01,2025,29,59,migrated,
825,https://rugbyignite.co.za/fixture/2025/framesby-vs-daniel-pienaar/,Framesby,Daniel Pienaar,2025-04-12,2025,52,12,migrated,
826,https://rugbyignite.co.za/fixture/2025/framesby-vs-westville-boys-high-school/,Framesby,Westville Boys' High School,2025-04-17,2025,0,31,migrated,
827,https://rugbyignite.co.za/fixture/2025/hoer-landbouschool-oakdale-vs-framesby/,Hoer Landbouschool Oakdale,Framesby,2025-04-26,2025,75,0,migrated,
828,https://rugbyignite.co.za/fixture/2025/framesby-vs-boland-landbou/,Framesby,Boland Landbou,2025-05-01,2025,5,64,migrated,Wildeklawer 2025
829,https://rugbyignite.co.za/fixture/2025/hoerskool-outeniqua-vs-framesby/,Hoërskool Outeniqua,Framesby,2025-05-24,2025,41,25,migrated,
830,https://rugbyignite.co.za/fixture/2025/framesby-vs-hudson-park-high-school/,Framesby,Hudson Park High School,2025-05-10,2025,46,21,migrated,
831,https://rugbyignite.co.za/fixture/2025/framesby-vs-pearson-high-school/,Framesby,Pearson High School,2025-05-31,2025,19,19,migrated,
832,https://rugbyignite.co.za/fixture/2025/framesby-vs-hoer-landbouskool-marlow/,Framesby,Hoër Landbouskool Marlow,2025-08-16,2025,27,10,migrated,
833,https://rugbyignite.co.za/fixture/2025/graeme-college-vs-daniel-pienaar/,Graeme College,Daniel Pienaar,2025-03-15,2025,51,17,migrated,
834,https://rugbyignite.co.za/fixture/2025/graeme-college-vs-hilton-college/,Graeme College,Hilton College,2025-03-29,2025,17,27,migrated,
835,https://rugbyignite.co.za/fixture/2025/graeme-college-vs-bethlehem-voortrekker-hoerskool/,Graeme College,Bethlehem Voortrekker Hoerskool,2025-04-17,2025,21,10,migrated,
836,https://rugbyignite.co.za/fixture/2025/graeme-college-vs-pretoria-boys-high-school/,Graeme College,Pretoria Boys High School,2025-04-19,2025,25,10,migrated,
837,https://rugbyignite.co.za/fixture/2025/graeme-college-vs-st-andrews-college/,Graeme College,St Andrew's College,2025-05-10,2025,10,17,migrated,
838,https://rugbyignite.co.za/fixture/2025/graeme-college-vs-nico-malan-high-school/,Graeme College,Nico Malan High School,2025-05-31,2025,43,42,migrated,
839,https://rugbyignite.co.za/fixture/2025/graeme-college-vs-queens-college/,Graeme College,Queen's College,2025-08-09,2025,29,26,migrated,
840,https://rugbyignite.co.za/fixture/2025/grey-high-school-vs-hudson-park-high-school/,Grey High School,Hudson Park High School,2025-03-21,2025,45,34,migrated,
841,https://rugbyignite.co.za/fixture/2025/grey-high-school-vs-michaelhouse/,Grey High School,Michaelhouse,2025-03-29,2025,28,28,migrated,
842,https://rugbyignite.co.za/fixture/2025/grey-high-school-vs-hilton-college/,Grey High School,Hilton College,2025-03-31,2025,20,7,migrated,
843,https://rugbyignite.co.za/fixture/2025/paul-roos-ginmasium-vs-grey-high-school/,Paul Roos Gimnasium,Grey High School,2025-04-12,2025,37,7,migrated,
844,https://rugbyignite.co.za/fixture/2025/pretoria-boys-high-school-vs-grey-high-school/,Pretoria Boys High School,Grey High School,2025-05-03,2025,29,37,migrated,
845,https://rugbyignite.co.za/fixture/2025/grey-high-school-vs-wynberg-boys-high-school/,Grey High School,Wynberg Boys' High School,2025-05-10,2025,27,32,migrated,
846,https://rugbyignite.co.za/fixture/2025/grey-high-school-vs-st-andrews-college/,Grey High School,St Andrew's College,2025-05-31,2025,27,28,migrated,
848,https://rugbyignite.co.za/fixture/2025/grey-high-school-vs-framesby/,Grey High School,Framesby,2025-07-26,2025,19,15,migrated,
849,https://rugbyignite.co.za/fixture/2025/grey-high-school-vs-grey-college/,Grey High School,Grey College,2025-08-02,2025,15,46,migrated,
850,https://rugbyignite.co.za/fixture/2025/hudson-park-high-school-vs-selborne-college/,Hudson Park High School,Selborne College,2025-03-15,2025,3,12,migrated,
851,https://rugbyignite.co.za/fixture/2025/hudson-park-high-school-vs-muir-college/,Hudson Park High School,Muir College,2025-03-29,2025,34,15,migrated,
852,https://rugbyignite.co.za/fixture/2025/hudson-park-high-school-vs-kearsney-college/,Hudson Park High School,Kearsney College,2025-03-31,2025,31,41,migrated,
853,https://rugbyignite.co.za/fixture/2025/hudson-park-high-school-vs-graeme-college/,Hudson Park High School,Graeme College,2025-05-24,2025,22,27,migrated,
854,https://rugbyignite.co.za/fixture/2025/hudson-park-high-school-vs-queens-college/,Hudson Park High School,Queen's College,2025-05-31,2025,18,32,migrated,
855,https://rugbyignite.co.za/fixture/2025/hudson-park-high-school-vs-selborne-college-2/,Hudson Park High School,Selborne College,2025-07-26,2025,26,30,migrated,
856,https://rugbyignite.co.za/fixture/2025/kingswood-college-vs-durban-high-school/,Kingswood College,Durban High School,2025-03-29,2025,20,41,migrated,
857,https://rugbyignite.co.za/fixture/2025/kingswood-college-vs-northwood-school/,Kingswood College,Northwood School,2025-03-31,2025,14,33,migrated,
858,https://rugbyignite.co.za/fixture/2025/kingswood-college-vs-hilton-college/,Kingswood College,Hilton College,2025-04-19,2025,16,33,migrated,
859,https://rugbyignite.co.za/fixture/2025/hudson-park-high-school-vs-kingswood-college/,Hudson Park High School,Kingswood College,2025-06-07,2025,26,42,migrated,
860,https://rugbyignite.co.za/fixture/2025/kingswood-college-vs-st-andrews-college/,Kingswood College,St Andrew's College,2025-06-14,2025,22,25,migrated,
861,https://rugbyignite.co.za/fixture/2025/hoer-landbouskool-marlow-vs-hoerskool-sentraal/,Hoër Landbouskool Marlow,Hoerskool Sentraal,2025-03-01,2025,36,24,migrated,
862,https://rugbyignite.co.za/fixture/2025/hoer-landbouskool-marlow-vs-st-andrews-college/,Hoër Landbouskool Marlow,St Andrew's College,2025-03-15,2025,25,25,migrated,
863,https://rugbyignite.co.za/fixture/2025/hoer-landbouskool-marlow-vs-selborne-college/,Hoër Landbouskool Marlow,Selborne College,2025-03-21,2025,22,26,migrated,
864,https://rugbyignite.co.za/fixture/2025/hoer-landbouskool-marlow-vs-hoerskool-brandwag/,Hoër Landbouskool Marlow,Hoërskool Brandwag,2025-04-12,2025,31,36,migrated,
865,https://rugbyignite.co.za/fixture/2025/hoer-landbouskool-marlow-vs-glenwood-high-school/,Hoër Landbouskool Marlow,Glenwood High School,2025-05-03,2025,6,8,migrated,Wildeklawer 2025
866,https://rugbyignite.co.za/fixture/2025/hoer-landbouskool-marlow-vs-dale-college/,Hoër Landbouskool Marlow,Dale College,2025-05-31,2025,40,27,migrated,
867,https://rugbyignite.co.za/fixture/2025/hoer-landbouskool-marlow-vs-queens-college/,Hoër Landbouskool Marlow,Queen's College,2025-07-26,2025,27,30,migrated,
868,https://rugbyignite.co.za/fixture/2025/hoer-landbouskool-marlow-vs-pearson-high-school/,Hoër Landbouskool Marlow,Pearson High School,2025-08-02,2025,24,26,migrated,
869,https://rugbyignite.co.za/fixture/2025/muir-college-vs-hoerskool-brandwag/,Muir College,Hoërskool Brandwag,2025-04-19,2025,10,26,migrated,
870,https://rugbyignite.co.za/fixture/2025/muir-college-vs-nico-malan-high-school/,Muir College,Nico Malan High School,2025-04-26,2025,14,43,migrated,
871,https://rugbyignite.co.za/fixture/2025/muir-college-vs-pearson-high-school/,Muir College,Pearson High School,2025-05-24,2025,14,21,migrated,
872,https://rugbyignite.co.za/fixture/2025/muir-college-vs-grey-high-school/,Muir College,Grey High School,2025-08-09,2025,7,60,migrated,
873,https://rugbyignite.co.za/fixture/2025/muir-college-vs-graeme-college/,Muir College,Graeme College,2025-08-16,2025,26,29,migrated,
874,https://rugbyignite.co.za/fixture/2025/muir-college-vs-daniel-pienaar/,Muir College,Daniel Pienaar,2025-08-23,2025,17,17,migrated,
875,https://rugbyignite.co.za/fixture/2025/nico-malan-high-school-vs-hoerskool-outeniqua/,Nico Malan High School,Hoërskool Outeniqua,2025-03-08,2025,14,27,migrated,
876,https://rugbyignite.co.za/fixture/2025/nico-malan-high-school-vs-kingswood-college/,Nico Malan High School,Kingswood College,2025-03-15,2025,24,10,migrated,
877,https://rugbyignite.co.za/fixture/2025/nico-malan-high-school-vs-glenwood-high-school/,Nico Malan High School,Glenwood High School,2025-04-30,2025,41,39,migrated,Wildeklawer 2025
878,https://rugbyignite.co.za/fixture/2025/nico-malan-high-school-vs-hoer-landbouskool-marlow/,Nico Malan High School,Hoër Landbouskool Marlow,2025-05-24,2025,26,7,migrated,
879,https://rugbyignite.co.za/fixture/2025/nico-malan-high-school-vs-hoerskool-brandwag/,Nico Malan High School,Hoërskool Brandwag,2025-08-09,2025,12,19,migrated,
880,https://rugbyignite.co.za/fixture/2025/nico-malan-high-school-vs-framesby/,Nico Malan High School,Framesby,2025-08-23,2025,17,22,migrated,
881,https://rugbyignite.co.za/fixture/2025/pearson-high-school-vs-queens-college/,Pearson High School,Queen's College,2025-03-20,2025,20,17,migrated,
882,https://rugbyignite.co.za/fixture/2025/pearson-high-school-vs-hoerskool-fichardtpark/,Pearson High School,Hoërskool Fichardtpark,2025-04-03,2025,29,24,migrated,
883,https://rugbyignite.co.za/fixture/2025/pearson-high-school-vs-northwood-school/,Pearson High School,Northwood School,2025-04-19,2025,26,61,migrated,
884,https://rugbyignite.co.za/fixture/2025/pearson-high-school-vs-hoerskool-outeniqua/,Pearson High School,Hoërskool Outeniqua,2025-04-26,2025,10,35,migrated,
885,https://rugbyignite.co.za/fixture/2025/pearson-high-school-vs-nico-malan-high-school/,Pearson High School,Nico Malan High School,2025-05-10,2025,10,18,migrated,
886,https://rugbyignite.co.za/fixture/2025/pearson-high-school-vs-muir-college/,Pearson High School,Muir College,2025-05-24,2025,21,14,migrated,
887,https://rugbyignite.co.za/fixture/2025/pearson-high-school-vs-framesby/,Pearson High School,Daniel Pienaar,2025-06-07,2025,41,36,migrated,
888,https://rugbyignite.co.za/fixture/2025/pearson-high-school-vs-graeme-college/,Pearson High School,Graeme College,2025-07-26,2025,10,10,migrated,
891,https://rugbyignite.co.za/fixture/2025/pearson-high-school-vs-hoerskool-brandwag/,Pearson High School,Hoërskool Brandwag,2025-08-23,2025,5,26,migrated,
892,https://rugbyignite.co.za/fixture/2025/queens-college-vs-pretoria-boys-high-school/,Queen's College,Pretoria Boys High School,2025-03-31,2025,17,14,migrated,
893,https://rugbyignite.co.za/fixture/2025/queens-college-vs-rondebosch-boys-high-school/,Queen's College,Rondebosch Boys High School,2025-04-21,2025,0,33,migrated,
894,https://rugbyignite.co.za/fixture/2025/queens-college-vs-selborne-college/,Queen's College,Selborne College,2025-04-26,2025,40,22,migrated,
896,https://rugbyignite.co.za/fixture/2025/queens-college-vs-grey-high-school/,Queen's College,Grey High School,2025-05-24,2025,25,24,migrated,
897,https://rugbyignite.co.za/fixture/2025/queens-college-vs-dale-college/,Queen's College,Dale College,2025-08-22,2025,31,17,migrated,
898,https://rugbyignite.co.za/fixture/2025/selborne-college-vs-westville-boys-high-school/,Selborne College,Westville Boys' High School,2025-03-29,2025,12,45,migrated,
899,https://rugbyignite.co.za/fixture/2025/selborne-college-vs-durban-high-school/,Selborne College,Durban High School,2025-03-31,2025,5,35,migrated,
900,https://rugbyignite.co.za/fixture/2025/selborne-college-vs-pearson-high-school/,Selborne College,Pearson High School,2025-04-12,2025,40,13,migrated,
901,https://rugbyignite.co.za/fixture/2025/selborne-college-vs-jeppe-high-school-for-boys/,Selborne College,Jeppe High School For Boys,2025-04-19,2025,17,38,migrated,
902,https://rugbyignite.co.za/fixture/2025/selborne-college-vs-affies/,Selborne College,Afrikaanse Hoër Seunskool,2025-04-21,2025,19,61,migrated,
903,https://rugbyignite.co.za/fixture/2025/selborne-college-vs-queens-college/,Selborne College,Queen's College,2025-08-02,2025,28,31,migrated,
904,https://rugbyignite.co.za/fixture/2025/selborne-college-vs-grey-high-school/,Selborne College,Grey High School,2025-08-16,2025,27,14,migrated,
905,https://rugbyignite.co.za/fixture/2025/st-andrews-college-vs-bishops/,St Andrew's College,Bishops,2025-03-29,2025,34,31,migrated,
906,https://rugbyignite.co.za/fixture/2025/st-andrews-college-vs-michaelhouse/,St Andrew's College,Michaelhouse,2025-04-02,2025,22,22,migrated,
907,https://rugbyignite.co.za/fixture/2025/st-andrews-college-vs-st-charles-college/,St Andrew's College,St Charles College,2025-04-19,2025,19,14,migrated,
908,https://rugbyignite.co.za/fixture/2025/st-andrews-college-vs-queens-college/,St Andrew's College,Queen's College,2025-05-17,2025,17,38,migrated,
909,https://rugbyignite.co.za/fixture/2025/st-andrews-college-vs-selborne-college/,St Andrew's College,Selborne College,2025-05-24,2025,40,10,migrated,
913,https://rugbyignite.co.za/fixture/2025/grey-college-vs-selborne-college/,Grey College,Selborne College,2025-05-31,2025,103,14,migrated,
1016,https://rugbyignite.co.za/fixture/2025/pretoria-boys-high-school-vs-st-stithians-college/,Pretoria Boys High School,St Stithians College,2025-05-17,2025,29,27,migrated,
1021,https://rugbyignite.co.za/fixture/2025/st-albans-college-vs-st-stithians-college/,St Alban’s College,St Stithians College,2025-04-03,2025,20,17,migrated,
1022,https://rugbyignite.co.za/fixture/2025/st-albans-college-vs-parktown-boys-high-school/,St Alban’s College,Parktown Boys High School,2025-05-17,2025,10,22,migrated,
1023,https://rugbyignite.co.za/fixture/2025/st-albans-college-vs-pretoria-boys-high-school/,St Alban’s College,Pretoria Boys High School,2025-05-24,2025,7,73,migrated,
1024,https://rugbyignite.co.za/fixture/2025/st-albans-college-vs-st-benedicts-college/,St Alban’s College,St Benedict’s College,2025-06-14,2025,50,0,migrated,
1025,https://rugbyignite.co.za/fixture/2025/st-albans-college-vs-kearsney-college/,St Alban’s College,Kearsney College,2025-06-21,2025,9,59,migrated,
1026,https://rugbyignite.co.za/fixture/2025/st-stithians-college-vs-queens-college/,St Stithians College,Queen's College,2025-03-29,2025,13,13,migrated,
1027,https://rugbyignite.co.za/fixture/2025/st-stithians-college-vs-michaelhouse/,St Stithians College,Michaelhouse,2025-04-19,2025,27,19,migrated,
1028,https://rugbyignite.co.za/fixture/2025/st-stithians-college-vs-st-charles-college/,St Stithians College,St Charles College,2025-05-31,2025,38,20,migrated,
1029,https://rugbyignite.co.za/fixture/2025/kearsney-college-vs-st-stithians-college/,Kearsney College,St Stithians College,2025-06-14,2025,26,25,migrated,
1030,https://rugbyignite.co.za/fixture/2025/st-stithians-college-vs-st-johns-college/,St Stithians College,St John’s College,2025-06-21,2025,25,21,migrated,
1031,https://rugbyignite.co.za/fixture/2025/eg-jansen-vs-hoerskool-nelspruit/,EG Jansen,Hoërskool Nelspruit,2025-03-15,2025,22,24,migrated,
1032,https://rugbyignite.co.za/fixture/2025/eg-jansen-vs-ben-vorster/,EG Jansen,Ben Vorster,2025-03-21,2025,43,25,migrated,
1033,https://rugbyignite.co.za/fixture/2025/eg-jansen-vs-boland-landbou/,EG Jansen,Boland Landbou,2025-03-28,2025,10,71,migrated,
1034,https://rugbyignite.co.za/fixture/2025/eg-jansen-vs-hoerskool-durbanville/,EG Jansen,Hoerskool Durbanville,2025-03-31,2025,16,34,migrated,
1035,https://rugbyignite.co.za/fixture/2025/eg-jansen-vs-hoerskool-kempton-park/,EG Jansen,Hoërskool Kempton Park,2025-04-12,2025,34,27,migrated,
1036,https://rugbyignite.co.za/fixture/2025/kearsney-college-vs-eg-jansen/,Kearsney College,EG Jansen,2025-04-17,2025,26,29,migrated,
1037,https://rugbyignite.co.za/fixture/2025/eg-jansen-vs-westville-boys-high-school/,EG Jansen,Westville Boys' High School,2025-04-19,2025,5,36,migrated,
1038,https://rugbyignite.co.za/fixture/2025/eg-jansen-vs-framesby/,EG Jansen,Framesby,2025-04-21,2025,22,20,migrated,
1039,https://rugbyignite.co.za/fixture/2025/eg-jansen-vs-drostdy/,EG Jansen,Drostdy,2025-05-01,2025,20,10,migrated,Wildeklawer 2025
1040,https://rugbyignite.co.za/fixture/2025/eg-jansen-vs-paul-roos-ginmasium/,EG Jansen,Paul Roos Gimnasium,2025-05-03,2025,17,46,migrated,Wildeklawer 2025
1041,https://rugbyignite.co.za/fixture/2025/eg-jansen-vs-helpmekaar/,EG Jansen,Helpmekaar,2025-05-24,2025,15,35,migrated,
1042,https://rugbyignite.co.za/fixture/2025/eg-jansen-vs-noordheuwel/,EG Jansen,Hoërskool Noordheuwel,2025-05-31,2025,45,55,migrated,
1043,https://rugbyignite.co.za/fixture/2025/eg-jansen-vs-hoerskool-menlopark/,EG Jansen,Hoërskool Menlopark,2025-06-14,2025,34,22,migrated,
1044,https://rugbyignite.co.za/fixture/2025/eg-jansen-vs-garsfontein/,EG Jansen,Garsfontein,2025-08-16,2025,24,31,migrated,
1045,https://rugbyignite.co.za/fixture/2025/garsfontein-vs-noordheuwel/,Garsfontein,Hoërskool Noordheuwel,2025-03-21,2025,34,28,migrated,
1046,https://rugbyignite.co.za/fixture/2025/garsfontein-vs-paul-roos-ginmasium/,Garsfontein,Paul Roos Gimnasium,2025-03-29,2025,32,34,migrated,
1047,https://rugbyignite.co.za/fixture/2025/garsfontein-vs-stellenberg-high-school/,Garsfontein,Stellenberg High School,2025-04-01,2025,25,18,migrated,
1048,https://rugbyignite.co.za/fixture/2025/garsfontein-vs-hoer-landbouschool-oakdale/,Garsfontein,Hoer Landbouschool Oakdale,2025-05-01,2025,30,30,migrated,Wildeklawer 2025
1049,https://rugbyignite.co.za/fixture/2025/garsfontein-vs-grey-college/,Garsfontein,Grey College,2025-05-03,2025,29,45,migrated,Wildeklawer 2025
1050,https://rugbyignite.co.za/fixture/2025/garsfontein-vs-hoerskool-waterkloof/,Garsfontein,Hoërskool Waterkloof,2025-05-10,2025,53,19,migrated,
1051,https://rugbyignite.co.za/fixture/2025/garsfontein-vs-hoerskool-nelspruit/,Garsfontein,Hoërskool Nelspruit,2025-05-31,2025,32,20,migrated,
1052,https://rugbyignite.co.za/fixture/2025/garsfontein-vs-hoerskool-transvalia/,Garsfontein,Hoërskool Transvalia,2025-06-14,2025,43,41,migrated,
1053,https://rugbyignite.co.za/fixture/2025/garsfontein-vs-hoerskool-monument/,Garsfontein,Hoërskool Monument,2025-07-26,2025,68,17,migrated,
1054,https://rugbyignite.co.za/fixture/2025/michaelhouse-vs-helpmekaar/,Michaelhouse,Helpmekaar,2025-03-08,2025,10,17,migrated,
1055,https://rugbyignite.co.za/fixture/2025/helpmekaar-vs-nico-malan-high-school/,Helpmekaar,Nico Malan High School,2025-03-29,2025,33,17,migrated,
1056,https://rugbyignite.co.za/fixture/2025/helpmekaar-vs-hoer-landbouschool-oakdale/,Helpmekaar,Hoer Landbouschool Oakdale,2025-04-01,2025,21,40,migrated,
1057,https://rugbyignite.co.za/fixture/2025/helpmekaar-vs-garsfontein/,Helpmekaar,Garsfontein,2025-04-12,2025,29,47,migrated,
1058,https://rugbyignite.co.za/fixture/2025/helpmekaar-vs-bishops/,Helpmekaar,Bishops,2025-04-17,2025,38,12,migrated,
1059,https://rugbyignite.co.za/fixture/2025/helpmekaar-vs-wynberg-boys-high-school/,Helpmekaar,Wynberg Boys' High School,2025-04-19,2025,18,17,migrated,
1060,https://rugbyignite.co.za/fixture/2025/helpmekaar-vs-hoerskool-menlopark/,Helpmekaar,Hoërskool Menlopark,2025-04-26,2025,33,36,migrated,
1061,https://rugbyignite.co.za/fixture/2025/helpmekaar-vs-grey-college/,Helpmekaar,Grey College,2025-05-01,2025,14,56,migrated,Wildeklawer 2025
1062,https://rugbyignite.co.za/fixture/2025/helpmekaar-vs-framesby/,Helpmekaar,Framesby,2025-05-03,2025,62,7,migrated,Wildeklawer 2025
1063,https://rugbyignite.co.za/fixture/2025/helpmekaar-vs-noordheuwel/,Helpmekaar,Hoërskool Noordheuwel,2025-05-10,2025,36,0,migrated,
1064,https://rugbyignite.co.za/fixture/2025/helpmekaar-vs-king-edward-vii-school/,Helpmekaar,King Edward VII School,2025-06-07,2025,21,23,migrated,
1065,https://rugbyignite.co.za/fixture/2025/helpmekaar-vs-hoerskool-waterkloof/,Helpmekaar,Hoërskool Waterkloof,2025-06-14,2025,50,43,migrated,
1066,https://rugbyignite.co.za/fixture/2025/helpmekaar-vs-hoerskool-rustenburg/,Helpmekaar,Hoërskool Rustenburg,2025-08-02,2025,38,22,migrated,
1067,https://rugbyignite.co.za/fixture/2025/hoerskool-menlopark-vs-hoerskool-eldoraigne/,Hoërskool Menlopark,Hoërskool Eldoraigne,2025-03-04,2025,52,13,migrated,
1068,https://rugbyignite.co.za/fixture/2025/hoerskool-menlopark-vs-hoerskool-transvalia/,Hoërskool Menlopark,Hoërskool Transvalia,2025-03-21,2025,29,17,migrated,
1069,https://rugbyignite.co.za/fixture/2025/hoerskool-menlopark-vs-hoerskool-outeniqua/,Hoërskool Menlopark,Hoërskool Outeniqua,2025-03-28,2025,34,24,migrated,
1070,https://rugbyignite.co.za/fixture/2025/hoerskool-menlopark-vs-drostdy/,Hoërskool Menlopark,Drostdy,2025-03-31,2025,43,29,migrated,
1072,https://rugbyignite.co.za/fixture/2025/hoerskool-menlopark-vs-hoerskool-nelspruit/,Hoërskool Menlopark,Hoërskool Nelspruit,2025-05-10,2025,40,17,migrated,
1073,https://rugbyignite.co.za/fixture/2025/hoerskool-menlopark-vs-garsfontein/,Hoërskool Menlopark,Garsfontein,2025-05-24,2025,27,40,migrated,
1075,https://rugbyignite.co.za/fixture/2025/hoerskool-menlopark-vs-hoerskool-transvalia-2/,Hoërskool Menlopark,Hoërskool Transvalia,2025-05-31,2025,27,47,migrated,
1076,https://rugbyignite.co.za/fixture/2025/hoerskool-menlopark-vs-hoerskool-monument/,Hoërskool Menlopark,Hoërskool Monument,2025-08-02,2025,39,37,migrated,
1077,https://rugbyignite.co.za/fixture/2025/hoerskool-menlopark-vs-hoerskool-rustenburg/,Hoërskool Menlopark,Hoërskool Rustenburg,2025-08-16,2025,30,26,migrated,
1078,https://rugbyignite.co.za/fixture/2025/hoerskool-monument-vs-grey-college/,Hoërskool Monument,Grey College,2025-03-21,2025,3,47,migrated,
1079,https://rugbyignite.co.za/fixture/2025/hoerskool-monument-vs-hoerskool-durbanville/,Hoërskool Monument,Hoerskool Durbanville,2025-03-28,2025,21,27,migrated,
1080,https://rugbyignite.co.za/fixture/2025/hoerskool-monument-vs-paarl-gimnasium/,Hoërskool Monument,Paarl Gimnasium,2025-03-31,2025,16,66,migrated,
1081,https://rugbyignite.co.za/fixture/2025/hoerskool-monument-vs-glenwood-high-school/,Hoërskool Monument,Glenwood High School,2025-04-17,2025,26,26,migrated,
1082,https://rugbyignite.co.za/fixture/2025/hoerskool-monument-vs-durban-high-school/,Hoërskool Monument,Durban High School,2025-04-19,2025,17,32,migrated,
1083,https://rugbyignite.co.za/fixture/2025/hoerskool-monument-vs-milnerton-high-school/,Hoërskool Monument,Milnerton High School,2025-04-21,2025,26,21,migrated,
1084,https://rugbyignite.co.za/fixture/2025/hoerskool-monument-vs-hoerskool-outeniqua/,Hoërskool Monument,Hoërskool Outeniqua,2025-05-01,2025,20,21,migrated,Wildeklawer 2025
1085,https://rugbyignite.co.za/fixture/2025/hoerskool-monument-vs-paarl-boys-high/,Hoërskool Monument,Paarl Boys High,2025-05-03,2025,0,85,migrated,Wildeklawer 2025
1086,https://rugbyignite.co.za/fixture/2025/hoerskool-monument-vs-eg-jansen/,Hoërskool Monument,EG Jansen,2025-05-10,2025,31,39,migrated,
1087,https://rugbyignite.co.za/fixture/2025/hoerskool-monument-vs-helpmekaar/,Hoërskool Monument,Helpmekaar,2025-05-31,2025,43,53,migrated,
1088,https://rugbyignite.co.za/fixture/2025/hoerskool-monument-vs-hoerskool-transvalia/,Hoërskool Monument,Hoërskool Transvalia,2025-06-07,2025,24,22,migrated,
1089,https://rugbyignite.co.za/fixture/2025/hoerskool-monument-vs-hoerskool-nelspruit/,Hoërskool Monument,Hoërskool Nelspruit,2025-06-14,2025,41,34,migrated,
1090,https://rugbyignite.co.za/fixture/2025/hoerskool-nelspruit-vs-middelburg-high-school/,Hoërskool Nelspruit,Middelburg High School,2025-03-01,2025,18,13,migrated,
1091,https://rugbyignite.co.za/fixture/2025/hoerskool-nelspruit-vs-hts-middelburg/,Hoërskool Nelspruit,HTS Middelburg,2025-03-08,2025,18,24,migrated,
1092,https://rugbyignite.co.za/fixture/2025/hoerskool-nelspruit-vs-hoerskool-oos-moot/,Hoërskool Nelspruit,Hoërskool Oos-Moot,2025-03-21,2025,40,32,migrated,
1093,https://rugbyignite.co.za/fixture/2025/hoerskool-nelspruit-vs-hoer-landbouschool-oakdale/,Hoërskool Nelspruit,Hoer Landbouschool Oakdale,2025-03-29,2025,12,45,migrated,
1094,https://rugbyignite.co.za/fixture/2025/hoerskool-nelspruit-vs-rondebosch-boys-high-school/,Hoërskool Nelspruit,Rondebosch Boys High School,2025-04-01,2025,12,47,migrated,
1095,https://rugbyignite.co.za/fixture/2025/hoerskool-nelspruit-vs-middelburg-high-school-2/,Hoërskool Nelspruit,Middelburg High School,2025-04-12,2025,26,27,migrated,
1096,https://rugbyignite.co.za/fixture/2025/hoerskool-nelspruit-vs-welkom-gimnasium/,Hoërskool Nelspruit,Welkom Gimnasium,2025-04-17,2025,34,31,migrated,
1097,https://rugbyignite.co.za/fixture/2025/hoerskool-nelspruit-vs-maritzburg-college/,Hoërskool Nelspruit,Maritzburg College,2025-04-19,2025,22,13,migrated,
1098,https://rugbyignite.co.za/fixture/2025/hoerskool-nelspruit-vs-hoerskool-waterkloof/,Hoërskool Nelspruit,Hoërskool Waterkloof,2025-04-26,2025,31,24,migrated,
1099,https://rugbyignite.co.za/fixture/2025/hoerskool-nelspruit-vs-helpmekaar/,Hoërskool Nelspruit,Helpmekaar,2025-05-17,2025,13,22,migrated,
1100,https://rugbyignite.co.za/fixture/2025/hoerskool-nelspruit-vs-noordheuwel/,Hoërskool Nelspruit,Hoërskool Noordheuwel,2025-06-07,2025,14,27,migrated,
1101,https://rugbyignite.co.za/fixture/2025/hoerskool-nelspruit-vs-eg-jansen/,Hoërskool Nelspruit,EG Jansen,2025-08-09,2025,27,21,migrated,
1102,https://rugbyignite.co.za/fixture/2025/noordheuwel-vs-hoerskool-rustenburg/,Hoërskool Noordheuwel,Hoërskool Rustenburg,2025-03-15,2025,40,12,migrated,
1103,https://rugbyignite.co.za/fixture/2025/noordheuwel-vs-grey-college/,Hoërskool Noordheuwel,Grey College,2025-03-29,2025,22,24,migrated,
1104,https://rugbyignite.co.za/fixture/2025/noordheuwel-vs-paul-roos-ginmasium/,Hoërskool Noordheuwel,Paul Roos Gimnasium,2025-04-01,2025,19,26,migrated,
1105,https://rugbyignite.co.za/fixture/2025/noordheuwel-vs-affies/,Hoërskool Noordheuwel,Afrikaanse Hoër Seunskool,2025-04-19,2025,27,45,migrated,
1106,https://rugbyignite.co.za/fixture/2025/noordheuwel-vs-jeppe-high-school-for-boys/,Hoërskool Noordheuwel,Jeppe High School For Boys,2025-04-21,2025,21,20,migrated,
1107,https://rugbyignite.co.za/fixture/2025/noordheuwel-vs-paarl-boys-high/,Hoërskool Noordheuwel,Paarl Boys High,2025-05-01,2025,14,42,migrated,Wildeklawer 2025
1108,https://rugbyignite.co.za/fixture/2025/noordheuwel-vs-hoerskool-outeniqua/,Hoërskool Noordheuwel,Hoërskool Outeniqua,2025-05-03,2025,35,32,migrated,Wildeklawer 2025
1109,https://rugbyignite.co.za/fixture/2025/noordheuwel-vs-king-edward-vii-school/,Hoërskool Noordheuwel,King Edward VII School,2025-05-17,2025,22,23,migrated,
1110,https://rugbyignite.co.za/fixture/2025/noordheuwel-vs-hoerskool-monument/,Hoërskool Noordheuwel,Hoërskool Monument,2025-05-24,2025,43,27,migrated,
1111,https://rugbyignite.co.za/fixture/2025/noordheuwel-vs-hoerskool-waterkloof/,Hoërskool Noordheuwel,Hoërskool Waterkloof,2025-07-26,2025,33,27,migrated,
1112,https://rugbyignite.co.za/fixture/2025/noordheuwel-vs-garsfontein/,Hoërskool Noordheuwel,Garsfontein,2025-08-02,2025,28,22,migrated,
1113,https://rugbyignite.co.za/fixture/2025/noordheuwel-vs-hoerskool-menlopark/,Hoërskool Noordheuwel,Hoërskool Menlopark,2025-08-09,2025,20,34,migrated,
1114,https://rugbyignite.co.za/fixture/2025/hoerskool-rustenburg-vs-trio-high-school/,Hoërskool Rustenburg,Trio High School,2025-03-01,2025,17,14,migrated,
1115,https://rugbyignite.co.za/fixture/2025/hoerskool-rustenburg-vs-hoerskool-diamantveld/,Hoërskool Rustenburg,Hoerskool Diamantveld,2025-03-29,2025,60,24,migrated,
1116,https://rugbyignite.co.za/fixture/2025/hoerskool-rustenburg-vs-nico-malan-high-school/,Hoërskool Rustenburg,Nico Malan High School,2025-04-01,2025,15,15,migrated,
1117,https://rugbyignite.co.za/fixture/2025/hoerskool-rustenburg-vs-durban-high-school/,Hoërskool Rustenburg,Durban High School,2025-04-17,2025,7,41,migrated,
1118,https://rugbyignite.co.za/fixture/2025/hoerskool-rustenburg-vs-westville-boys-high-school/,Hoërskool Rustenburg,Westville Boys' High School,2025-04-21,2025,17,24,migrated,
1119,https://rugbyignite.co.za/fixture/2025/hoerskool-rustenburg-vs-bethlehem-voortrekker-hoerskool/,Hoërskool Rustenburg,Bethlehem Voortrekker Hoerskool,2025-05-01,2025,40,7,migrated,Wildeklawer 2025
1120,https://rugbyignite.co.za/fixture/2025/hoerskool-rustenburg-vs-welkom-gimnasium/,Hoërskool Rustenburg,Welkom Gimnasium,2025-05-03,2025,33,0,migrated,Wildeklawer 2025
1121,https://rugbyignite.co.za/fixture/2025/hoerskool-rustenburg-vs-hoerskool-nelspruit/,Hoërskool Rustenburg,Hoërskool Nelspruit,2025-05-24,2025,38,32,migrated,
1122,https://rugbyignite.co.za/fixture/2025/hoerskool-rustenburg-vs-garsfontein/,Hoërskool Rustenburg,Garsfontein,2025-06-07,2025,27,33,migrated,
1123,https://rugbyignite.co.za/fixture/2025/hoerskool-rustenburg-vs-noordheuwel/,Hoërskool Rustenburg,Hoërskool Noordheuwel,2025-06-14,2025,7,27,migrated,
1124,https://rugbyignite.co.za/fixture/2025/hoerskool-rustenburg-vs-eg-jansen/,Hoërskool Rustenburg,EG Jansen,2025-07-26,2025,34,28,migrated,
1125,https://rugbyignite.co.za/fixture/2025/hoerskool-rustenburg-vs-hoerskool-monument/,Hoërskool Rustenburg,Hoërskool Monument,2025-08-09,2025,14,24,migrated,
1126,https://rugbyignite.co.za/fixture/2025/hoerskool-transvalia-vs-middelburg-high-school/,Hoërskool Transvalia,Middelburg High School,2025-03-15,2025,28,21,migrated,
1127,https://rugbyignite.co.za/fixture/2025/hoerskool-transvalia-vs-hoerskool-menlopark/,Hoërskool Transvalia,Hoërskool Menlopark,2025-03-21,2025,17,29,migrated,
1128,https://rugbyignite.co.za/fixture/2025/hoerskool-transvalia-vs-durban-high-school/,Hoërskool Transvalia,Durban High School,2025-04-03,2025,10,10,migrated,
1129,https://rugbyignite.co.za/fixture/2025/hoerskool-transvalia-vs-glenwood-high-school/,Hoërskool Transvalia,Glenwood High School,2025-04-05,2025,6,5,migrated,
1130,https://rugbyignite.co.za/fixture/2025/hoerskool-transvalia-vs-hts-middelburg/,Hoërskool Transvalia,HTS Middelburg,2025-04-12,2025,21,10,migrated,
1131,https://rugbyignite.co.za/fixture/2025/hoerskool-transvalia-vs-hoerskool-rustenburg/,Hoërskool Transvalia,Hoërskool Rustenburg,2025-05-10,2025,20,13,migrated,
1132,https://rugbyignite.co.za/fixture/2025/hoerskool-transvalia-vs-eg-jansen/,Hoërskool Transvalia,EG Jansen,2025-05-17,2025,39,26,migrated,
1133,https://rugbyignite.co.za/fixture/2025/hoerskool-transvalia-vs-helpmekaar/,Hoërskool Transvalia,Helpmekaar,2025-07-26,2025,10,36,migrated,
1134,https://rugbyignite.co.za/fixture/2025/hoerskool-transvalia-vs-hoerskool-nelspruit/,Hoërskool Transvalia,Hoërskool Nelspruit,2025-08-02,2025,20,19,migrated,
1135,https://rugbyignite.co.za/fixture/2025/hoerskool-transvalia-vs-noordheuwel/,Hoërskool Transvalia,Hoërskool Noordheuwel,2025-08-16,2025,14,14,migrated,
1136,https://rugbyignite.co.za/fixture/2025/hoerskool-waterkloof-vs-hoerskool-oos-moot/,Hoërskool Waterkloof,Hoërskool Oos-Moot,2025-03-11,2025,24,21,migrated,
1137,https://rugbyignite.co.za/fixture/2025/hoerskool-waterkloof-vs-hts-middelburg/,Hoërskool Waterkloof,HTS Middelburg,2025-03-21,2025,26,22,migrated,
1138,https://rugbyignite.co.za/fixture/2025/hoerskool-waterkloof-vs-paarl-boys-high/,Hoërskool Waterkloof,Paarl Boys High,2025-03-28,2025,0,66,migrated,
1139,https://rugbyignite.co.za/fixture/2025/hoerskool-waterkloof-vs-boland-landbou/,Hoërskool Waterkloof,Boland Landbou,2025-03-31,2025,37,46,migrated,
1140,https://rugbyignite.co.za/fixture/2025/hoerskool-waterkloof-vs-hoerskool-menlopark/,Hoërskool Waterkloof,Hoërskool Menlopark,2025-04-12,2025,23,23,migrated,
1141,https://rugbyignite.co.za/fixture/2025/hoerskool-waterkloof-vs-hoerskool-diamantveld/,Hoërskool Waterkloof,Hoerskool Diamantveld,2025-04-30,2025,52,26,migrated,Wildeklawer 2025
1142,https://rugbyignite.co.za/fixture/2025/hoerskool-waterkloof-vs-stellenberg-high-school/,Hoërskool Waterkloof,Stellenberg High School,2025-05-03,2025,17,17,migrated,Wildeklawer 2025
1143,https://rugbyignite.co.za/fixture/2025/hoerskool-waterkloof-vs-hoerskool-menlopark-2/,Hoërskool Waterkloof,Hoërskool Menlopark,2025-05-17,2025,27,19,migrated,
1144,https://rugbyignite.co.za/fixture/2025/hoerskool-waterkloof-vs-hoerskool-rustenburg/,Hoërskool Waterkloof,Hoërskool Rustenburg,2025-05-31,2025,40,15,migrated,
1145,https://rugbyignite.co.za/fixture/2025/hoerskool-waterkloof-vs-eg-jansen/,Hoërskool Waterkloof,EG Jansen,2025-06-07,2025,20,22,migrated,
1146,https://rugbyignite.co.za/fixture/2025/hoerskool-waterkloof-vs-affies/,Hoërskool Waterkloof,Afrikaanse Hoër Seunskool,2025-08-02,2025,64,19,migrated,
1147,https://rugbyignite.co.za/fixture/2025/hoerskool-waterkloof-vs-hoerskool-transvalia/,Hoërskool Waterkloof,Hoërskool Transvalia,2025-08-09,2025,23,12,migrated,
1148,https://rugbyignite.co.za/fixture/2025/hoerskool-waterkloof-vs-hoerskool-monument/,Hoërskool Waterkloof,Hoërskool Monument,2025-08-16,2025,29,28,migrated,
1149,https://rugbyignite.co.za/fixture/2025/hts-middelburg-vs-eg-jansen/,HTS Middelburg,EG Jansen,2025-03-01,2025,30,12,migrated,
1150,https://rugbyignite.co.za/fixture/2025/hts-middelburg-vs-glenwood-high-school/,HTS Middelburg,Glenwood High School,2025-04-01,2025,5,7,migrated,
1151,https://rugbyignite.co.za/fixture/2025/hts-middelburg-vs-df-malan/,HTS Middelburg,DF Malan,2025-04-03,2025,27,9,migrated,
1153,https://rugbyignite.co.za/fixture/2025/hts-middelburg-vs-middelburg-high-school/,HTS Middelburg,Middelburg High School,2025-05-17,2025,11,16,migrated,
1154,https://rugbyignite.co.za/fixture/2025/hts-middelburg-vs-klerksdorp-hoerskool/,HTS Middelburg,Klerksdorp Hoërskool,2025-06-07,2025,7,15,migrated,
1155,https://rugbyignite.co.za/fixture/2025/marais-viljoen-vs-hoerskool-transvalia/,Marais Viljoen,Hoërskool Transvalia,2025-03-01,2025,24,15,migrated,
1156,https://rugbyignite.co.za/fixture/2025/hts-middelburg-vs-hoerskool-kempton-park/,HTS Middelburg,Hoërskool Kempton Park,2025-07-26,2025,22,3,migrated,
1157,https://rugbyignite.co.za/fixture/2025/hts-middelburg-vs-ligbron/,HTS Middelburg,Ligbron,2025-08-02,2025,41,32,migrated,
1158,https://rugbyignite.co.za/fixture/2025/hoerskool-kempton-park-vs-montana/,Hoërskool Kempton Park,Montana,2025-03-01,2025,33,27,migrated,
1159,https://rugbyignite.co.za/fixture/2025/hoerskool-kempton-park-vs-hoerskool-transvalia/,Hoërskool Kempton Park,Hoërskool Transvalia,2025-03-11,2025,28,21,migrated,
1160,https://rugbyignite.co.za/fixture/2025/hoerskool-kempton-park-vs-hoerskool-piet-retief/,Hoërskool Kempton Park,Hoërskool Piet Retief,2025-03-21,2025,23,10,migrated,
1161,https://rugbyignite.co.za/fixture/2025/hoerskool-kempton-park-vs-strand-high-school/,Hoërskool Kempton Park,Strand High School,2025-03-29,2025,15,5,migrated,
1162,https://rugbyignite.co.za/fixture/2025/hoerskool-kempton-park-vs-hoerskool-brandwag/,Hoërskool Kempton Park,Hoërskool Brandwag,2025-03-31,2025,8,12,migrated,
1163,https://rugbyignite.co.za/fixture/2025/hoerskool-kempton-park-vs-marais-viljoen/,Hoërskool Kempton Park,Marais Viljoen,2025-05-17,2025,20,30,migrated,
1164,https://rugbyignite.co.za/fixture/2025/hoerskool-kempton-park-vs-klerksdorp-hoerskool/,Hoërskool Kempton Park,Klerksdorp Hoërskool,2025-05-31,2025,27,37,migrated,
1165,https://rugbyignite.co.za/fixture/2025/hoerskool-kempton-park-vs-middelburg-high-school/,Hoërskool Kempton Park,Middelburg High School,2025-06-07,2025,22,36,migrated,
1166,https://rugbyignite.co.za/fixture/2025/hoerskool-kempton-park-vs-ligbron/,Hoërskool Kempton Park,Ligbron,2025-08-09,2025,44,21,migrated,
1167,https://rugbyignite.co.za/fixture/2025/klerksdorp-hoerskool-vs-hoerskool-hugenote/,Klerksdorp Hoërskool,Hoërskool Hugenote,2025-03-08,2025,28,19,migrated,
1168,https://rugbyignite.co.za/fixture/2025/klerksdorp-hoerskool-vs-zwartkop/,Klerksdorp Hoërskool,Zwartkop,2025-03-15,2025,20,39,migrated,
1169,https://rugbyignite.co.za/fixture/2025/klerksdorp-hoerskool-vs-wesvalia/,Klerksdorp Hoërskool,Wesvalia,2025-03-21,2025,12,16,migrated,
1170,https://rugbyignite.co.za/fixture/2025/klerksdorp-hoerskool-vs-lichtenburg/,Klerksdorp Hoërskool,Lichtenburg,2025-05-17,2025,21,13,migrated,
1171,https://rugbyignite.co.za/fixture/2025/klerksdorp-hoerskool-vs-wesvalia-2/,Klerksdorp Hoërskool,Wesvalia,2025-05-10,2025,22,27,migrated,
1172,https://rugbyignite.co.za/fixture/2025/klerksdorp-hoerskool-vs-middelburg-high-school/,Klerksdorp Hoërskool,Middelburg High School,2025-05-24,2025,25,24,migrated,
1173,https://rugbyignite.co.za/fixture/2025/klerksdorp-hoerskool-vs-hoerskool-oos-moot/,Klerksdorp Hoërskool,Hoërskool Oos-Moot,2025-08-02,2025,37,19,migrated,
1174,https://rugbyignite.co.za/fixture/2025/klerksdorp-hoerskool-vs-zwartkop-2/,Klerksdorp Hoërskool,Zwartkop,2025-08-16,2025,24,25,migrated,
1175,https://rugbyignite.co.za/fixture/2025/ligbron-vs-hoerskool-outeniqua/,Ligbron,Hoërskool Outeniqua,2025-03-22,2025,7,76,migrated,
1176,https://rugbyignite.co.za/fixture/2025/ligbron-vs-zwartkop/,Ligbron,Zwartkop,2025-05-10,2025,15,59,migrated,
1177,https://rugbyignite.co.za/fixture/2025/ligbron-vs-hoerskool-oos-moot/,Ligbron,Hoërskool Oos-Moot,2025-06-07,2025,41,38,migrated,
1178,https://rugbyignite.co.za/fixture/2025/ligbron-vs-klerksdorp-hoerskool/,Ligbron,Klerksdorp Hoërskool,2025-07-26,2025,31,46,migrated,
1179,https://rugbyignite.co.za/fixture/2025/ligbron-vs-middelburg-high-school/,Ligbron,Middelburg High School,2025-08-16,2025,30,45,migrated,
1180,https://rugbyignite.co.za/fixture/2025/marais-viljoen-vs-lichtenburg/,Marais Viljoen,Lichtenburg,2025-03-15,2025,22,13,migrated,
1181,https://rugbyignite.co.za/fixture/2025/marais-viljoen-vs-pietersburg-hoerskool/,Marais Viljoen,Pietersburg Hoërskool,2025-03-21,2025,25,27,migrated,
1182,https://rugbyignite.co.za/fixture/2025/marais-viljoen-vs-worcester-gymnasium/,Marais Viljoen,Worcester Gymnasium,2025-03-29,2025,41,31,migrated,
1183,https://rugbyignite.co.za/fixture/2025/marais-viljoen-vs-brackenfell-high-school/,Marais Viljoen,Brackenfell High School,2025-04-01,2025,12,38,migrated,
1184,https://rugbyignite.co.za/fixture/2025/marais-viljoen-vs-middelburg-high-school/,Marais Viljoen,Middelburg High School,2025-05-10,2025,15,44,migrated,
1185,https://rugbyignite.co.za/fixture/2025/marais-viljoen-vs-ligbron/,Marais Viljoen,Ligbron,2025-05-24,2025,36,27,migrated,
1186,https://rugbyignite.co.za/fixture/2025/marais-viljoen-vs-wesvalia/,Marais Viljoen,Wesvalia,2025-07-26,2025,22,28,migrated,
1187,https://rugbyignite.co.za/fixture/2025/marais-viljoen-vs-klerksdorp-hoerskool/,Marais Viljoen,Klerksdorp Hoërskool,2025-08-09,2025,12,34,migrated,
1188,https://rugbyignite.co.za/fixture/2025/middelburg-high-school-vs-hoerskool-kempton-park/,Middelburg High School,Hoërskool Kempton Park,2025-03-08,2025,32,22,migrated,
1189,https://rugbyignite.co.za/fixture/2025/middelburg-high-school-vs-hoerskool-eldoraigne/,Middelburg High School,Hoërskool Eldoraigne,2025-03-21,2025,45,24,migrated,
1190,https://rugbyignite.co.za/fixture/2025/middelburg-high-school-vs-hoerskool-brandwag/,Middelburg High School,Hoërskool Brandwag,2025-03-29,2025,10,5,migrated,
1191,https://rugbyignite.co.za/fixture/2025/middelburg-high-school-vs-hoerskool-nelspruit/,Middelburg High School,Hoërskool Nelspruit,2025-04-12,2025,27,26,migrated,
1192,https://rugbyignite.co.za/fixture/2025/middelburg-high-school-vs-marais-viljoen/,Middelburg High School,Marais Viljoen,2025-05-31,2025,45,17,migrated,
1193,https://rugbyignite.co.za/fixture/2025/middelburg-high-school-vs-zwartkop/,Middelburg High School,Zwartkop,2025-07-26,2025,19,30,migrated,
1194,https://rugbyignite.co.za/fixture/2025/middelburg-high-school-vs-wesvalia/,Middelburg High School,Wesvalia,2025-08-02,2025,24,9,migrated,
1195,https://rugbyignite.co.za/fixture/2025/middelburg-high-school-vs-hoerskool-oos-moot/,Middelburg High School,Hoërskool Oos-Moot,2025-08-09,2025,28,29,migrated,
1196,https://rugbyignite.co.za/fixture/2025/hoerskool-oos-moot-vs-milnerton-high-school/,Hoërskool Oos-Moot,Milnerton High School,2025-03-12,2025,32,38,migrated,
1197,https://rugbyignite.co.za/fixture/2025/hoerskool-oos-moot-vs-ben-vorster/,Hoërskool Oos-Moot,Ben Vorster,2025-03-15,2025,30,28,migrated,
1198,https://rugbyignite.co.za/fixture/2025/hoerskool-oos-moot-vs-hoerskool-eldoraigne/,Hoërskool Oos-Moot,Hoërskool Eldoraigne,2025-04-12,2025,42,35,migrated,
1199,https://rugbyignite.co.za/fixture/2025/hoerskool-oos-moot-vs-hts-middelburg/,Hoërskool Oos-Moot,HTS Middelburg,2025-04-24,2025,23,21,migrated,
1200,https://rugbyignite.co.za/fixture/2025/hoerskool-oos-moot-vs-hoerskool-kempton-park/,Hoërskool Oos-Moot,Hoërskool Kempton Park,2025-05-10,2025,29,26,migrated,
1201,https://rugbyignite.co.za/fixture/2025/hoerskool-oos-moot-vs-zwartkop/,Hoërskool Oos-Moot,Zwartkop,2025-05-31,2025,15,36,migrated,
1202,https://rugbyignite.co.za/fixture/2025/hoerskool-oos-moot-vs-marais-viljoen/,Hoërskool Oos-Moot,Marais Viljoen,2025-08-16,2025,49,19,migrated,
1203,https://rugbyignite.co.za/fixture/2025/wesvalia-vs-die-anker/,Wesvalia,Die Anker,2025-03-08,2025,26,24,migrated,
1204,https://rugbyignite.co.za/fixture/2025/wesvalia-vs-potchefstroom-gimnasium/,Wesvalia,Potchefstroom Gimnasium,2025-03-11,2025,28,12,migrated,
1205,https://rugbyignite.co.za/fixture/2025/wesvalia-vs-ligbron/,Wesvalia,Ligbron,2025-05-17,2025,32,19,migrated,
1206,https://rugbyignite.co.za/fixture/2025/wesvalia-vs-hoerskool-oos-moot/,Wesvalia,Hoërskool Oos-Moot,2025-05-24,2025,43,38,migrated,
1207,https://rugbyignite.co.za/fixture/2025/wesvalia-vs-hts-middelburg/,Wesvalia,HTS Middelburg,2025-05-31,2025,22,24,migrated,
1208,https://rugbyignite.co.za/fixture/2025/wesvalia-vs-hoerskool-kempton-park/,Wesvalia,Hoërskool Kempton Park,2025-08-16,2025,48,15,migrated,
1209,https://rugbyignite.co.za/fixture/2025/zwartkop-vs-klerksdorp-hoerskool/,Zwartkop,Klerksdorp Hoërskool,2025-03-15,2025,39,20,migrated,
1210,https://rugbyignite.co.za/fixture/2025/zwartkop-vs-die-anker/,Zwartkop,Die Anker,2025-03-21,2025,44,3,migrated,
1211,https://rugbyignite.co.za/fixture/2025/zwartkop-vs-hoerskool-hugenote/,Zwartkop,Hoërskool Hugenote,2025-03-31,2025,38,28,migrated,
1212,https://rugbyignite.co.za/fixture/2025/zwartkop-vs-hoer-landbouschool-oakdale/,Zwartkop,Hoer Landbouschool Oakdale,2025-04-02,2025,27,20,migrated,
1213,https://rugbyignite.co.za/fixture/2025/zwartkop-vs-bergsig/,Zwartkop,Bergsig,2025-05-01,2025,40,6,migrated,
1214,https://rugbyignite.co.za/fixture/2025/zwartkop-vs-heidelberg/,Zwartkop,Heidelberg,2025-05-03,2025,74,12,migrated,
1215,https://rugbyignite.co.za/fixture/2025/zwartkop-vs-hoerskool-kempton-park/,Zwartkop,Hoërskool Kempton Park,2025-05-24,2025,26,10,migrated,
1216,https://rugbyignite.co.za/fixture/2025/zwartkop-vs-wesvalia/,Zwartkop,Wesvalia,2025-06-06,2025,28,21,migrated,
1217,https://rugbyignite.co.za/fixture/2025/zwartkop-vs-marais-viljoen/,Zwartkop,Marais Viljoen,2025-08-02,2025,66,7,migrated,
1218,https://rugbyignite.co.za/fixture/2025/zwartkop-vs-hts-middelburg/,Zwartkop,HTS Middelburg,2025-08-09,2025,36,30,migrated,
1219,https://rugbyignite.co.za/fixture/2025/ben-vorster-vs-hoerskool-waterkloof/,Ben Vorster,Hoërskool Waterkloof,2025-03-08,2025,30,47,migrated,
1220,https://rugbyignite.co.za/fixture/2025/ben-vorster-vs-hoerskool-piet-retief/,Ben Vorster,Hoërskool Piet Retief,2025-04-12,2025,31,19,migrated,
1221,https://rugbyignite.co.za/fixture/2025/ben-vorster-vs-die-anker/,Ben Vorster,Die Anker,2025-05-10,2025,26,12,migrated,
1222,https://rugbyignite.co.za/fixture/2025/ben-vorster-vs-pietersburg-hoerskool/,Ben Vorster,Pietersburg Hoërskool,2025-06-07,2025,39,15,migrated,
1223,https://rugbyignite.co.za/fixture/2025/ben-vorster-vs-montana/,Ben Vorster,Montana,2025-08-02,2025,34,41,migrated,
1224,https://rugbyignite.co.za/fixture/2025/ben-vorster-vs-secunda/,Ben Vorster,Secunda,2025-08-16,2025,17,12,migrated,
1225,https://rugbyignite.co.za/fixture/2025/die-anker-vs-jeppe-high-school-for-boys/,Die Anker,Jeppe High School For Boys,2025-02-25,2025,5,35,migrated,
1226,https://rugbyignite.co.za/fixture/2025/die-anker-vs-potchefstroom-gimnasium/,Die Anker,Potchefstroom Gimnasium,2025-03-15,2025,50,10,migrated,
1227,https://rugbyignite.co.za/fixture/2025/die-anker-vs-charlie-hofmeyr/,Die Anker,Charlie Hofmeyr,2025-03-31,2025,31,13,migrated,
1228,https://rugbyignite.co.za/fixture/2025/die-anker-vs-hoerskool-brandwag/,Die Anker,Hoërskool Brandwag,2025-04-02,2025,22,32,migrated,
1229,https://rugbyignite.co.za/fixture/2025/die-anker-vs-secunda/,Die Anker,Secunda,2025-05-24,2025,34,32,migrated,
1230,https://rugbyignite.co.za/fixture/2025/die-anker-vs-lichtenburg/,Die Anker,Lichtenburg,2025-06-07,2025,36,31,migrated,
1231,https://rugbyignite.co.za/fixture/2025/die-anker-vs-heidelberg/,Die Anker,Heidelberg,2025-06-14,2025,55,31,migrated,
1232,https://rugbyignite.co.za/fixture/2025/die-anker-vs-montana/,Die Anker,Montana,2025-08-09,2025,17,31,migrated,
1233,https://rugbyignite.co.za/fixture/2025/heidelberg-vs-pietersburg-hoerskool/,Heidelberg,Pietersburg Hoërskool,2025-03-15,2025,43,34,migrated,
1234,https://rugbyignite.co.za/fixture/2025/heidelberg-vs-jeugland/,Heidelberg,Jeugland,2025-03-21,2025,41,25,migrated,
1235,https://rugbyignite.co.za/fixture/2025/heidelberg-vs-hoerskool-piet-retief/,Heidelberg,Hoërskool Piet Retief,2025-05-10,2025,57,15,migrated,
1236,https://rugbyignite.co.za/fixture/2025/heidelberg-vs-ben-vorster/,Heidelberg,Ben Vorster,2025-05-17,2025,53,17,migrated,
1237,https://rugbyignite.co.za/fixture/2025/heidelberg-vs-hoerskool-hugenote/,Heidelberg,Hoërskool Hugenote,2025-06-07,2025,43,36,migrated,
1238,https://rugbyignite.co.za/fixture/2025/heidelberg-vs-secunda/,Heidelberg,Secunda,2025-08-09,2025,31,24,migrated,
1239,https://rugbyignite.co.za/fixture/2025/jeugland-vs-marais-viljoen/,Jeugland,Marais Viljoen,2025-03-08,2025,24,25,migrated,
1240,https://rugbyignite.co.za/fixture/2025/jeugland-vs-hoerskool-randburg/,Jeugland,Hoërskool Randburg,2025-05-24,2025,47,23,migrated,
1241,https://rugbyignite.co.za/fixture/2025/jeugland-vs-potchefstroom-gimnasium/,Jeugland,Potchefstroom Gimnasium,2025-05-31,2025,13,39,migrated,
1242,https://rugbyignite.co.za/fixture/2025/jeugland-vs-bergsig/,Jeugland,Bergsig,2025-08-02,2025,39,32,migrated,
1243,https://rugbyignite.co.za/fixture/2025/jeugland-vs-merensky-landbou-akademie/,Jeugland,Merensky Landbou Akademie,2025-08-09,2025,39,27,migrated,
1244,https://rugbyignite.co.za/fixture/2025/lichtenburg-vs-montana/,Lichtenburg,Montana,2025-03-08,2025,28,29,migrated,
1245,https://rugbyignite.co.za/fixture/2025/lichtenburg-vs-jeugland/,Lichtenburg,Jeugland,2025-03-18,2025,41,17,migrated,
1246,https://rugbyignite.co.za/fixture/2025/lichtenburg-vs-bergsig/,Lichtenburg,Bergsig,2025-03-21,2025,25,26,migrated,
1247,https://rugbyignite.co.za/fixture/2025/lichtenburg-vs-hoerskool-hugenote/,Lichtenburg,Hoërskool Hugenote,2025-03-29,2025,41,24,migrated,
1248,https://rugbyignite.co.za/fixture/2025/lichtenburg-vs-strand-high-school/,Lichtenburg,Strand High School,2025-03-31,2025,19,24,migrated,
1249,https://rugbyignite.co.za/fixture/2025/lichtenburg-vs-heidelberg/,Lichtenburg,Heidelberg,2025-05-31,2025,25,24,migrated,
1250,https://rugbyignite.co.za/fixture/2025/lichtenburg-vs-ben-vorster/,Lichtenburg,Ben Vorster,2025-07-26,2025,35,24,migrated,
1251,https://rugbyignite.co.za/fixture/2025/lichtenburg-vs-pietersburg-hoerskool/,Lichtenburg,Pietersburg Hoërskool,2025-08-09,2025,24,27,migrated,
1252,https://rugbyignite.co.za/fixture/2025/lichtenburg-vs-montana-2/,Lichtenburg,Montana,2025-08-16,2025,20,22,migrated,
1253,https://rugbyignite.co.za/fixture/2025/montana-vs-milnerton-high-school/,Montana,Milnerton High School,2025-03-10,2025,14,40,migrated,
1254,https://rugbyignite.co.za/fixture/2025/montana-vs-marais-viljoen/,Montana,Marais Viljoen,2025-03-11,2025,35,24,migrated,
1255,https://rugbyignite.co.za/fixture/2025/montana-vs-jeugland/,Montana,Jeugland,2025-03-15,2025,22,17,migrated,
1256,https://rugbyignite.co.za/fixture/2025/montana-vs-hoer-volkskool-potchefstroom/,Montana,Hoër Volkskool Potchefstroom,2025-03-21,2025,19,20,migrated,
1257,https://rugbyignite.co.za/fixture/2025/montana-vs-pietersburg-hoerskool/,Montana,Pietersburg Hoërskool,2025-05-10,2025,36,25,migrated,
1258,https://rugbyignite.co.za/fixture/2025/montana-vs-heidelberg/,Montana,Heidelberg,2025-05-24,2025,45,24,migrated,
1259,https://rugbyignite.co.za/fixture/2025/montana-vs-hoerskool-hugenote/,Montana,Hoërskool Hugenote,2025-05-31,2025,33,27,migrated,
1260,https://rugbyignite.co.za/fixture/2025/montana-vs-hoerskool-piet-retief/,Montana,Hoërskool Piet Retief,2025-06-07,2025,55,33,migrated,
1261,https://rugbyignite.co.za/fixture/2025/hoerskool-piet-retief-vs-hoerskool-menlopark/,Hoërskool Piet Retief,Hoërskool Menlopark,2025-03-08,2025,7,78,migrated,
1262,https://rugbyignite.co.za/fixture/2025/hoerskool-piet-retief-vs-lichtenburg/,Hoërskool Piet Retief,Lichtenburg,2025-05-24,2025,14,38,migrated,
1263,https://rugbyignite.co.za/fixture/2025/hoerskool-piet-retief-vs-ben-vorster/,Hoërskool Piet Retief,Ben Vorster,2025-05-31,2025,27,31,migrated,
1264,https://rugbyignite.co.za/fixture/2025/hoerskool-piet-retief-vs-pietersburg-hoerskool/,Hoërskool Piet Retief,Pietersburg Hoërskool,2025-06-14,2025,13,22,migrated,
1265,https://rugbyignite.co.za/fixture/2025/hoerskool-piet-retief-vs-die-anker/,Hoërskool Piet Retief,Die Anker,2025-08-02,2025,29,26,migrated,
1267,https://rugbyignite.co.za/fixture/2025/pietersburg-hoerskool-vs-bergsig/,Pietersburg Hoërskool,Bergsig,2025-03-08,2025,15,14,migrated,
1268,https://rugbyignite.co.za/fixture/2025/pietersburg-hoerskool-vs-swartland-high-school/,Pietersburg Hoërskool,Swartland High School,2025-03-29,2025,29,11,migrated,
1269,https://rugbyignite.co.za/fixture/2025/pietersburg-hoerskool-vs-hoerskool-sentraal/,Pietersburg Hoërskool,Hoerskool Sentraal,2025-04-02,2025,28,7,migrated,
1270,https://rugbyignite.co.za/fixture/2025/pietersburg-hoerskool-vs-secunda/,Pietersburg Hoërskool,Secunda,2025-05-31,2025,23,21,migrated,
1271,https://rugbyignite.co.za/fixture/2025/pietersburg-hoerskool-vs-heidelberg/,Pietersburg Hoërskool,Heidelberg,2025-07-26,2025,50,22,migrated,
1272,https://rugbyignite.co.za/fixture/2025/pietersburg-hoerskool-vs-hoerskool-hugenote/,Pietersburg Hoërskool,Hoërskool Hugenote,2025-08-02,2025,40,25,migrated,
1273,https://rugbyignite.co.za/fixture/2025/pietersburg-hoerskool-vs-die-anker/,Pietersburg Hoërskool,Die Anker,2025-08-16,2025,24,21,migrated,
1274,https://rugbyignite.co.za/fixture/2025/secunda-vs-stellenberg-high-school/,Secunda,Stellenberg High School,2025-03-22,2025,10,22,migrated,
1275,https://rugbyignite.co.za/fixture/2025/secunda-vs-hoerskool-hugenote/,Secunda,Hoërskool Hugenote,2025-05-10,2025,39,13,migrated,
1276,https://rugbyignite.co.za/fixture/2025/secunda-vs-hoerskool-piet-retief/,Secunda,Hoërskool Piet Retief,2025-05-17,2025,48,18,migrated,
1277,https://rugbyignite.co.za/fixture/2025/secunda-vs-montana/,Secunda,Montana,2025-07-26,2025,34,19,migrated,
1278,https://rugbyignite.co.za/fixture/2025/secunda-vs-lichtenburg/,Secunda,Lichtenburg,2025-08-02,2025,23,20,migrated,
1279,https://rugbyignite.co.za/fixture/2025/bergsig-vs-heidelberg/,Bergsig,Heidelberg,2025-03-01,2025,12,14,migrated,
1280,https://rugbyignite.co.za/fixture/2025/bergsig-vs-hoer-volkskool-potchefstroom/,Bergsig,Hoër Volkskool Potchefstroom,2025-03-15,2025,30,31,migrated,
1281,https://rugbyignite.co.za/fixture/2025/bergsig-vs-framesby/,Bergsig,Framesby,2025-03-15,2025,0,12,migrated,
1282,https://rugbyignite.co.za/fixture/2025/bergsig-vs-merensky-landbou-akademie/,Bergsig,Merensky Landbou Akademie,2025-05-17,2025,18,17,migrated,
1283,https://rugbyignite.co.za/fixture/2025/bergsig-vs-dinamika/,Bergsig,Dinamika,2025-06-07,2025,20,15,migrated,
1284,https://rugbyignite.co.za/fixture/2025/bergsig-vs-hoerskool-randburg/,Bergsig,Hoërskool Randburg,2025-08-09,2025,45,24,migrated,
1285,https://rugbyignite.co.za/fixture/2025/dinamika-vs-jeugland/,Dinamika,Jeugland,2025-05-17,2025,17,34,migrated,
1286,https://rugbyignite.co.za/fixture/2025/dinamika-vs-potchefstroom-gimnasium/,Dinamika,Potchefstroom Gimnasium,2025-08-02,2025,24,27,migrated,
1287,https://rugbyignite.co.za/fixture/2025/dinamika-vs-hoer-volkskool-potchefstroom/,Dinamika,Hoër Volkskool Potchefstroom,2025-08-16,2025,22,32,migrated,
1289,https://rugbyignite.co.za/fixture/2025/hoerskool-eldoraigne-vs-hoerskool-piet-retief/,Hoërskool Eldoraigne,Hoërskool Piet Retief,2025-03-15,2025,40,29,migrated,
1290,https://rugbyignite.co.za/fixture/2025/hoerskool-eldoraigne-vs-hudson-park-high-school/,Hoërskool Eldoraigne,Hudson Park High School,2025-04-19,2025,26,32,migrated,
1291,https://rugbyignite.co.za/fixture/2025/hoerskool-eldoraigne-vs-pearson-high-school/,Hoërskool Eldoraigne,Pearson High School,2025-04-21,2025,12,21,migrated,
1292,https://rugbyignite.co.za/fixture/2025/hoerskool-eldoraigne-vs-jeugland/,Hoërskool Eldoraigne,Jeugland,2025-05-10,2025,27,20,migrated,
1293,https://rugbyignite.co.za/fixture/2025/hoerskool-eldoraigne-vs-zwartkop/,Hoërskool Eldoraigne,Zwartkop,2025-05-17,2025,10,59,migrated,
1294,https://rugbyignite.co.za/fixture/2025/hoerskool-eldoraigne-vs-bergsig/,Hoërskool Eldoraigne,Bergsig,2025-05-24,2025,10,15,migrated,
1295,https://rugbyignite.co.za/fixture/2025/hoerskool-eldoraigne-vs-hoer-volkskool-potchefstroom/,Hoërskool Eldoraigne,Hoër Volkskool Potchefstroom,2025-06-07,2025,34,36,migrated,
1296,https://rugbyignite.co.za/fixture/2025/hoerskool-eldoraigne-vs-dinamika/,Hoërskool Eldoraigne,Dinamika,2025-07-26,2025,17,29,migrated,
1297,https://rugbyignite.co.za/fixture/2025/hoerskool-ermelo-vs-potchefstroom-gimnasium/,Hoërskool Ermelo,Potchefstroom Gimnasium,2025-05-10,2025,19,47,migrated,
1298,https://rugbyignite.co.za/fixture/2025/dinamika-vs-hoerskool-ermelo/,Dinamika,Hoërskool Ermelo,2025-05-31,2025,26,22,migrated,
1299,https://rugbyignite.co.za/fixture/2025/hoerskool-ermelo-vs-hoerskool-randburg/,Hoërskool Ermelo,Hoërskool Randburg,2025-06-07,2025,47,52,migrated,
1300,https://rugbyignite.co.za/fixture/2025/bergsig-vs-hoerskool-ermelo/,Bergsig,Hoërskool Ermelo,2025-07-26,2025,38,25,migrated,
1301,https://rugbyignite.co.za/fixture/2025/hoerskool-ermelo-vs-jeugland/,Hoërskool Ermelo,Jeugland,2025-08-16,2025,27,25,migrated,
1302,https://rugbyignite.co.za/fixture/2025/hoerskool-hugenote-vs-zwartkop/,Hoërskool Hugenote,Zwartkop,2025-03-18,2025,12,28,migrated,
1303,https://rugbyignite.co.za/fixture/2025/hoerskool-hugenote-vs-ben-vorster/,Hoërskool Hugenote,Ben Vorster,2025-05-24,2025,18,18,migrated,
1304,https://rugbyignite.co.za/fixture/2025/hoerskool-hugenote-vs-lichtenburg/,Hoërskool Hugenote,Lichtenburg,2025-06-14,2025,29,26,migrated,
1306,https://rugbyignite.co.za/fixture/2025/hoerskool-hugenote-vs-hoerskool-piet-retief/,Hoërskool Hugenote,Hoërskool Piet Retief,2025-08-09,2025,39,27,migrated,
1307,https://rugbyignite.co.za/fixture/2025/hoer-landbouschool-oakdale-vs-merensky-landbou-akademie/,Hoer Landbouschool Oakdale,Merensky Landbou Akademie,2025-03-31,2025,36,14,migrated,
1308,https://rugbyignite.co.za/fixture/2025/merensky-landbou-akademie-vs-hoerskool-hugenote/,Merensky Landbou Akademie,Hoërskool Hugenote,2025-04-02,2025,17,19,migrated,
1309,https://rugbyignite.co.za/fixture/2025/merensky-landbou-akademie-vs-dinamika/,Merensky Landbou Akademie,Dinamika,2025-05-24,2025,28,26,migrated,
1310,https://rugbyignite.co.za/fixture/2025/merensky-landbou-akademie-vs-hoer-volkskool-potchefstroom/,Merensky Landbou Akademie,Hoër Volkskool Potchefstroom,2025-05-31,2025,28,19,migrated,
1313,https://rugbyignite.co.za/fixture/2025/merensky-landbou-akademie-vs-hoerskool-ermelo/,Merensky Landbou Akademie,Hoërskool Ermelo,2025-08-02,2025,57,8,migrated,
1314,https://rugbyignite.co.za/fixture/2025/merensky-landbou-akademie-vs-hoerskool-eldoraigne/,Merensky Landbou Akademie,Hoërskool Eldoraigne,2025-08-16,2025,8,36,migrated,
1316,https://rugbyignite.co.za/fixture/2025/potchefstroom-gimnasium-vs-strand-high-school/,Potchefstroom Gimnasium,Strand High School,2025-04-02,2025,21,45,migrated,
1317,https://rugbyignite.co.za/fixture/2025/potchefstroom-gimnasium-vs-hoer-volkskool-potchefstroom/,Potchefstroom Gimnasium,Hoër Volkskool Potchefstroom,2025-05-24,2025,21,12,migrated,
1318,https://rugbyignite.co.za/fixture/2025/potchefstroom-gimnasium-vs-merensky-landbou-akademie/,Potchefstroom Gimnasium,Merensky Landbou Akademie,2025-06-07,2025,41,41,migrated,
1319,https://rugbyignite.co.za/fixture/2025/potchefstroom-gimnasium-vs-hoerskool-eldoraigne/,Potchefstroom Gimnasium,Hoërskool Eldoraigne,2025-08-09,2025,26,13,migrated,
1320,https://rugbyignite.co.za/fixture/2025/potchefstroom-gimnasium-vs-bergsig/,Potchefstroom Gimnasium,Bergsig,2025-08-16,2025,18,17,migrated,
1321,https://rugbyignite.co.za/fixture/2025/hoer-volkskool-potchefstroom-vs-pietersburg-hoerskool/,Hoër Volkskool Potchefstroom,Pietersburg Hoërskool,2025-03-01,2025,6,3,migrated,
1322,https://rugbyignite.co.za/fixture/2025/hoer-volkskool-potchefstroom-vs-heidelberg/,Hoër Volkskool Potchefstroom,Heidelberg,2025-03-08,2025,31,24,migrated,
1323,https://rugbyignite.co.za/fixture/2025/hoer-volkskool-potchefstroom-vs-bergsig/,Hoër Volkskool Potchefstroom,Bergsig,2025-05-10,2025,40,28,migrated,
1324,https://rugbyignite.co.za/fixture/2025/hoer-volkskool-potchefstroom-vs-jeugland/,Hoër Volkskool Potchefstroom,Jeugland,2025-07-26,2025,32,18,migrated,
1325,https://rugbyignite.co.za/fixture/2025/hoer-volkskool-potchefstroom-vs-hoerskool-randburg/,Hoër Volkskool Potchefstroom,Hoërskool Randburg,2025-08-02,2025,36,26,migrated,
1326,https://rugbyignite.co.za/fixture/2025/hoer-volkskool-potchefstroom-vs-hoerskool-ermelo/,Hoër Volkskool Potchefstroom,Hoërskool Ermelo,2025-08-09,2025,26,13,migrated,
1327,https://rugbyignite.co.za/fixture/2025/hoerskool-randburg-vs-kingswood-college/,Hoërskool Randburg,Kingswood College,2025-04-17,2025,21,43,migrated,
1328,https://rugbyignite.co.za/fixture/2025/st-johns-college-vs-hoerskool-randburg/,St John’s College,Hoërskool Randburg,2025-04-19,2025,33,24,migrated,
1329,https://rugbyignite.co.za/fixture/2025/hoerskool-randburg-vs-dinamika/,Hoërskool Randburg,Dinamika,2025-05-10,2025,29,18,migrated,
1330,https://rugbyignite.co.za/fixture/2025/hoerskool-randburg-vs-potchefstroom-gimnasium/,Hoërskool Randburg,Potchefstroom Gimnasium,2025-05-17,2025,33,33,migrated,
1331,https://rugbyignite.co.za/fixture/2025/hoerskool-randburg-vs-hoerskool-eldoraigne/,Hoërskool Randburg,Hoërskool Eldoraigne,2025-05-31,2025,19,34,migrated,
1332,https://rugbyignite.co.za/fixture/2025/hoerskool-randburg-vs-merensky-landbou-akademie/,Hoërskool Randburg,Merensky Landbou Akademie,2025-07-26,2025,29,29,migrated,
1333,https://rugbyignite.co.za/fixture/2025/st-johns-college-vs-king-edward-vii-school/,St John’s College,King Edward VII School,2025-03-15,2025,15,17,migrated,
1334,https://rugbyignite.co.za/fixture/2025/graeme-college-vs-st-johns-college/,Graeme College,St John’s College,2025-03-22,2025,39,24,migrated,
1335,https://rugbyignite.co.za/fixture/2025/st-johns-college-vs-hilton-college/,St John’s College,Hilton College,2025-04-17,2025,5,29,migrated,
1336,https://rugbyignite.co.za/fixture/2025/st-johns-college-vs-jeppe-high-school-for-boys/,St John’s College,Jeppe High School For Boys,2025-05-17,2025,6,31,migrated,
1337,https://rugbyignite.co.za/fixture/2025/st-johns-college-vs-st-albans-college/,St John’s College,St Alban’s College,2025-06-07,2025,22,34,migrated,
1338,https://rugbyignite.co.za/fixture/2025/st-johns-college-vs-pretoria-boys-high-school/,St John’s College,Pretoria Boys High School,2025-06-14,2025,13,31,migrated,
1339,https://rugbyignite.co.za/fixture/2025/parktown-boys-high-school-vs-st-stithians-college/,Parktown Boys High School,St Stithians College,2025-03-15,2025,24,14,migrated,
1340,https://rugbyignite.co.za/fixture/2025/parktown-boys-high-school-vs-queens-college/,Parktown Boys High School,Queen's College,2025-04-19,2025,15,47,migrated,
1341,https://rugbyignite.co.za/fixture/2025/parktown-boys-high-school-vs-hudson-park-high-school/,Parktown Boys High School,Hudson Park High School,2025-04-21,2026,25,15,migrated,KES Easter Rugby Festival 2025
1342,https://rugbyignite.co.za/fixture/2025/parktown-boys-high-school-vs-st-benedicts-college/,Parktown Boys High School,St Benedict’s College,2025-05-10,2025,31,18,migrated,
1343,https://rugbyignite.co.za/fixture/2025/parktown-boys-high-school-vs-st-johns-college/,Parktown Boys High School,St John’s College,2025-05-31,2025,19,14,migrated,
1344,https://rugbyignite.co.za/fixture/2025/glenwood-high-school-vs-parktown-boys-high-school/,Glenwood High School,Parktown Boys High School,2025-08-02,2025,53,10,migrated,
1345,https://rugbyignite.co.za/fixture/2025/parktown-boys-high-school-vs-jeppe-high-school-for-boys/,Parktown Boys High School,Jeppe High School For Boys,2025-08-09,2025,13,22,migrated,
1346,https://rugbyignite.co.za/fixture/2025/st-benedicts-college-vs-st-albans-college/,St Benedict’s College,St Alban’s College,2025-03-15,2025,10,39,migrated,
1347,https://rugbyignite.co.za/fixture/2025/st-benedicts-college-vs-st-stithians-college/,St Benedict’s College,St Stithians College,2025-03-20,2025,12,53,migrated,
1348,https://rugbyignite.co.za/fixture/2025/st-benedicts-college-vs-st-johns-college/,St Benedict’s College,St John’s College,2025-05-24,2025,0,17,migrated,
1349,https://rugbyignite.co.za/fixture/2025/witteberg-hoerskool-vs-wesvalia/,Witteberg Hoerskool,Wesvalia,2025-03-01,2025,22,7,migrated,
1350,https://rugbyignite.co.za/fixture/2025/witteberg-hoerskool-vs-hoerskool-rustenburg/,Witteberg Hoerskool,Hoërskool Rustenburg,2025-03-08,2025,25,27,migrated,
1351,https://rugbyignite.co.za/fixture/2025/witteberg-hoerskool-vs-hoerskool-fichardtpark/,Witteberg Hoerskool,Hoërskool Fichardtpark,2025-03-22,2025,40,3,migrated,
1352,https://rugbyignite.co.za/fixture/2025/goudveld-hoerskool-vs-witteberg-hoerskool/,Goudveld Hoërskool,Witteberg Hoerskool,2025-05-10,2025,38,17,migrated,
1353,https://rugbyignite.co.za/fixture/2025/witteberg-hoerskool-vs-welkom-gimnasium/,Witteberg Hoerskool,Welkom Gimnasium,2025-05-24,2025,24,22,migrated,
1354,https://rugbyignite.co.za/fixture/2025/witteberg-hoerskool-vs-bethlehem-voortrekker-hoerskool/,Witteberg Hoerskool,Bethlehem Voortrekker Hoerskool,2025-05-31,2025,34,33,migrated,
1355,https://rugbyignite.co.za/fixture/2025/witteberg-hoerskool-vs-hoerskool-jim-fouche/,Witteberg Hoerskool,Hoerskool Jim Fouche,2025-07-26,2025,35,18,migrated,
1356,https://rugbyignite.co.za/fixture/2025/goudveld-hoerskool-vs-hoerskool-diamantveld/,Goudveld Hoërskool,Hoerskool Diamantveld,2025-03-22,2025,13,46,migrated,
1357,https://rugbyignite.co.za/fixture/2025/goudveld-hoerskool-vs-welkom-gimnasium/,Goudveld Hoërskool,Welkom Gimnasium,2025-05-31,2025,12,45,migrated,
1358,https://rugbyignite.co.za/fixture/2025/goudveld-hoerskool-vs-hoerskool-sentraal/,Goudveld Hoërskool,Hoerskool Sentraal,2025-07-26,2025,26,32,migrated,
1359,https://rugbyignite.co.za/fixture/2025/hoerskool-jim-fouche-vs-bethlehem-voortrekker-hoerskool/,Hoerskool Jim Fouche,Bethlehem Voortrekker Hoerskool,2025-03-22,2025,28,10,migrated,
1360,https://rugbyignite.co.za/fixture/2025/hoerskool-jim-fouche-vs-df-malan/,Hoerskool Jim Fouche,DF Malan,2025-04-01,2025,40,26,migrated,
1361,https://rugbyignite.co.za/fixture/2025/glenwood-high-school-vs-hoerskool-jim-fouche/,Glenwood High School,Hoerskool Jim Fouche,2025-04-03,2025,13,15,migrated,
1362,https://rugbyignite.co.za/fixture/2025/hoerskool-jim-fouche-vs-hoerskool-fichardtpark/,Hoerskool Jim Fouche,Hoërskool Fichardtpark,2025-04-12,2025,20,16,migrated,
1363,https://rugbyignite.co.za/fixture/2025/hoerskool-jim-fouche-vs-dinamika/,Hoerskool Jim Fouche,Dinamika,2025-05-03,2025,45,15,migrated,
1364,https://rugbyignite.co.za/fixture/2025/hoerskool-jim-fouche-vs-hoerskool-sentraal/,Hoerskool Jim Fouche,Hoerskool Sentraal,2025-05-17,2025,37,21,migrated,
1365,https://rugbyignite.co.za/fixture/2025/jim-fouche-vs-goudveld/,Hoerskool Jim Fouche,Goudveld Hoërskool,2025-08-02,2025,44,38,migrated,
1367,https://rugbyignite.co.za/fixture/2025/hoerskool-sentraal-vs-trio-high-school/,Hoerskool Sentraal,Trio High School,2025-03-22,2025,10,25,migrated,
1368,https://rugbyignite.co.za/fixture/2025/hoerskool-sentraal-vs-hermanus-high-school/,Hoerskool Sentraal,Hermanus High School,2025-03-31,2025,20,18,migrated,
1369,https://rugbyignite.co.za/fixture/2025/hoerskool-sentraal-vs-hoerskool-fichardtpark/,Hoerskool Sentraal,Hoërskool Fichardtpark,2025-04-28,2025,21,26,migrated,
1370,https://rugbyignite.co.za/fixture/2025/hoerskool-sentraal-vs-witteberg-hoerskool/,Hoerskool Sentraal,Witteberg Hoerskool,2025-08-02,2025,7,70,migrated,
1371,https://rugbyignite.co.za/fixture/2025/trio-high-school-vs-hoerskool-jim-fouche/,Trio High School,Hoerskool Jim Fouche,2025-03-15,2025,31,14,migrated,
1372,https://rugbyignite.co.za/fixture/2025/trio-high-school-vs-goudveld-hoerskool/,Trio High School,Goudveld Hoërskool,2025-04-12,2025,35,15,migrated,
1373,https://rugbyignite.co.za/fixture/2025/trio-high-school-vs-witteberg-hoerskool/,Trio High School,Witteberg Hoerskool,2025-05-17,2025,20,19,migrated,
1374,https://rugbyignite.co.za/fixture/2025/trio-high-school-vs-hoerskool-fichardtpark/,Trio High School,Hoërskool Fichardtpark,2025-07-26,2025,22,13,migrated,
1375,https://rugbyignite.co.za/fixture/2025/bethlehem-voortrekker-hoerskool-vs-durban-high-school/,Bethlehem Voortrekker Hoerskool,Durban High School,2025-03-08,2025,8,63,migrated,
1376,https://rugbyignite.co.za/fixture/2025/bethlehem-voortrekker-hoerskool-vs-hoerskool-sentraal/,Bethlehem Voortrekker Hoerskool,Hoerskool Sentraal,2025-03-15,2025,49,5,migrated,
1377,https://rugbyignite.co.za/fixture/2025/bethlehem-voortrekker-hoerskool-vs-stellenberg-high-school/,Bethlehem Voortrekker Hoerskool,Stellenberg High School,2025-03-29,2025,7,52,migrated,
1378,https://rugbyignite.co.za/fixture/2025/bethlehem-voortrekker-hoerskool-vs-sacs/,Bethlehem Voortrekker Hoerskool,SACS,2025-04-19,2025,8,21,migrated,
1380,https://rugbyignite.co.za/fixture/2025/bethlehem-voortrekker-hoerskool-vs-goudveld-hoerskool/,Bethlehem Voortrekker Hoerskool,Goudveld Hoërskool,2025-05-17,2025,57,15,migrated,
1381,https://rugbyignite.co.za/fixture/2025/bethlehem-voortrekker-hoerskool-vs-trio-high-school/,Bethlehem Voortrekker Hoerskool,Trio High School,2025-05-24,2025,43,46,migrated,
1382,https://rugbyignite.co.za/fixture/2025/bethlehem-voortrekker-hoerskool-vs-hoerskool-diamantveld/,Bethlehem Voortrekker Hoerskool,Hoerskool Diamantveld,2025-07-26,2025,31,33,migrated,
1383,https://rugbyignite.co.za/fixture/2025/hoerskool-hugenote-vs-charlie-hofmeyr/,Hoërskool Hugenote,Charlie Hofmeyr,2025-07-26,2025,13,21,migrated,
1385,https://rugbyignite.co.za/fixture/2025/hoerskool-ermelo-vs-hoerskool-eldoraigne/,Hoërskool Ermelo,Hoërskool Eldoraigne,2025-06-14,2025,32,29,migrated,
1397,https://rugbyignite.co.za/fixture/2025/hoerskool-jim-fouche-vs-goudveld-hoerskool-2/,Hoerskool Jim Fouche,Goudveld Hoërskool,2025-08-02,2025,44,38,migrated,
1405,https://rugbyignite.co.za/fixture/2025/jeppe-high-school-for-boys-vs-garsfontein/,Jeppe High School For Boys,Garsfontein,2025-03-08,2025,18,26,migrated,
1406,https://rugbyignite.co.za/fixture/2025/affies-vs-helpmekaar/,Afrikaanse Hoër Seunskool,Helpmekaar,2025-03-15,2025,40,8,migrated,
1407,https://rugbyignite.co.za/fixture/2025/pretoria-boys-high-school-vs-parktown-boys-high-school/,Pretoria Boys High School,Parktown Boys High School,2025-03-21,2025,64,16,migrated,
1408,https://rugbyignite.co.za/fixture/2025/jeppe-high-school-for-boys-vs-hoerskool-monument/,Jeppe High School For Boys,Hoërskool Monument,2025-04-12,2025,24,70,migrated,
1409,https://rugbyignite.co.za/fixture/2025/affies-vs-noordheuwel/,Afrikaanse Hoër Seunskool,Hoërskool Noordheuwel,2025-04-19,2025,45,27,migrated,
1410,https://rugbyignite.co.za/fixture/2025/jeppe-high-school-for-boys-vs-noordheuwel/,Jeppe High School For Boys,Hoërskool Noordheuwel,2025-04-21,2025,20,21,migrated,
1411,https://rugbyignite.co.za/fixture/2025/affies-vs-garsfontein/,Afrikaanse Hoër Seunskool,Garsfontein,2025-04-26,2025,41,25,migrated,
1412,https://rugbyignite.co.za/fixture/2025/king-edward-vii-school-vs-parktown-boys-high-school/,King Edward VII School,Parktown Boys High School,2025-04-26,2025,17,14,migrated,
1413,https://rugbyignite.co.za/fixture/2025/king-edward-vii-school-vs-st-benedicts-college/,King Edward VII School,St Benedict’s College,2025-05-31,2025,43,0,migrated,
1414,https://rugbyignite.co.za/fixture/2025/jeppe-high-school-for-boys-vs-durban-high-school/,Jeppe High School For Boys,Durban High School,2025-07-26,2025,10,24,migrated,
1465,https://rugbyignite.co.za/fixture/2025/paarl-boys-high-vs-hoerskool-durbanville/,Paarl Boys High,Hoerskool Durbanville,2025-08-17,2025,54,14,migrated,
1474,https://rugbyignite.co.za/fixture/2025/zwartkop-vs-middelburg-high-school/,Zwartkop,Middelburg High School,2025-08-22,2025,19,22,migrated,
1563,https://rugbyignite.co.za/fixture/2026/durban-high-school-vs-michaelhouse/,Durban High School,Michaelhouse,2026-03-14,2026,26,20,migrated,
1564,https://rugbyignite.co.za/fixture/2026/durban-high-school-vs-westville-boys-high-school/,Durban High School,Westville Boys' High School,2026-05-30,2026,26,19,migrated,
1565,https://rugbyignite.co.za/fixture/2026/durban-high-school-vs-jeppe-high-school-for-boys/,Durban High School,Jeppe High School For Boys,2026-07-25,2026,21,21,migrated,
1566,https://rugbyignite.co.za/fixture/2026/durban-high-school-vs-northwood-school-2/,Durban High School,Northwood School,2026-08-01,2026,26,19,migrated,
1567,https://rugbyignite.co.za/fixture/2026/kearsney-vs-glenwood/,Kearsney College,Glenwood High School,2026-03-21,2026,18,10,migrated,
1568,https://rugbyignite.co.za/fixture/2026/glenwood-high-school-vs-maritzburg-college-2/,Glenwood High School,Maritzburg College,2026-04-11,2026,13,33,migrated,
1571,https://rugbyignite.co.za/fixture/2026/glenwood-high-school-vs-westville-boys-high-school/,Glenwood High School,Westville Boys' High School,2026-05-23,2026,3,50,migrated,
1572,https://rugbyignite.co.za/fixture/2026/glenwood-high-school-vs-northwood-school-2/,Glenwood High School,Northwood School,2026-07-25,2026,23,82,migrated,
1574,https://rugbyignite.co.za/fixture/2026/hilton-college-vs-bishops/,Hilton College,Bishops,2026-04-25,2026,26,17,migrated,
1575,https://rugbyignite.co.za/fixture/2026/hilton-college-vs-michaelhouse-2/,Hilton College,Michaelhouse,2026-05-02,2026,23,21,migrated,
1577,https://rugbyignite.co.za/fixture/2026/hilton-college-vs-kearsney-college/,Hilton College,Kearsney College,2026-06-13,2026,31,27,migrated,
1578,https://rugbyignite.co.za/fixture/2026/st-charles-vs-kearsney/,St Charles College,Kearsney College,2026-03-14,2026,17,60,migrated,
1580,https://rugbyignite.co.za/fixture/2026/kearsney-college-vs-westville-boys-high-school/,Kearsney College,Westville Boys' High School,2026-05-02,2026,14,14,migrated,
1581,https://rugbyignite.co.za/fixture/2026/kearsney-college-vs-durban-high-school/,Kearsney College,Durban High School,2026-05-16,2026,24,36,migrated,
1583,https://rugbyignite.co.za/fixture/2026/kearsney-college-vs-northwood-school/,Kearsney College,Northwood School,2026-05-30,2026,34,45,migrated,
1585,https://rugbyignite.co.za/fixture/2026/kearsney-college-vs-maritzburg-college/,Kearsney College,Maritzburg College,2026-06-06,2026,22,24,migrated,
1586,https://rugbyignite.co.za/fixture/2026/kearsney-college-vs-st-albans-college/,Kearsney College,St Alban’s College,2026-06-20,2026,94,10,migrated,
1599,https://rugbyignite.co.za/fixture/2026/maritzburg-college-vs-helpmekaar/,Maritzburg College,Helpmekaar,2026-03-14,2026,19,31,migrated,
1600,https://rugbyignite.co.za/fixture/2026/maritzburg-college-vs-pretoria-boys-high-school-2/,Maritzburg College,Pretoria Boys High School,2026-04-18,2026,61,5,migrated,
1601,https://rugbyignite.co.za/fixture/2026/maritzburg-college-vs-st-charles-college/,Maritzburg College,St Charles College,2026-05-02,2026,50,5,migrated,
1602,https://rugbyignite.co.za/fixture/2026/maritzburg-college-vs-hilton-college/,Maritzburg College,Hilton College,2026-05-30,2026,14,9,migrated,
1603,https://rugbyignite.co.za/fixture/2026/maritzburg-college-vs-michaelhouse/,Maritzburg College,Michaelhouse,2026-06-13,2026,17,24,migrated,
1604,https://rugbyignite.co.za/fixture/2026/maritzburg-college-vs-affies/,Maritzburg College,Afrikaanse Hoër Seunskool,2026-07-25,2026,12,40,migrated,
1605,https://rugbyignite.co.za/fixture/2026/maritzburg-college-vs-glenwood-high-school-2/,Maritzburg College,Glenwood High School,2026-08-08,2026,64,7,migrated,
1609,https://rugbyignite.co.za/fixture/2026/michaelhouse-vs-northwood-school-2/,Michaelhouse,Northwood School,2026-03-21,2026,28,14,migrated,
1610,https://rugbyignite.co.za/fixture/2026/michaelhouse-vs-pretoria-boys-high-school/,Michaelhouse,Pretoria Boys High School,2026-05-30,2026,53,17,migrated,
1611,https://rugbyignite.co.za/fixture/2026/michaelhouse-vs-hilton-college/,Michaelhouse,Hilton College,2026-06-20,2026,20,16,migrated,
1613,https://rugbyignite.co.za/fixture/2026/northwood-school-vs-glenwood-high-school-2/,Northwood School,Glenwood High School,2026-03-14,2026,40,7,migrated,
1614,https://rugbyignite.co.za/fixture/2026/northwood-school-vs-durban-high-school-2/,Northwood School,Durban High School,2026-04-18,2026,17,14,migrated,
1615,https://rugbyignite.co.za/fixture/2026/northwood-school-vs-maritzburg-college/,Northwood School,Maritzburg College,2026-05-16,2026,24,27,migrated,
1616,https://rugbyignite.co.za/fixture/2026/northwood-school-vs-jeppe-high-school-for-boys/,Northwood School,Jeppe High School For Boys,2026-05-23,2026,30,6,migrated,
1617,https://rugbyignite.co.za/fixture/2026/st-charles-college-vs-glenwood-high-school-2/,St Charles College,Glenwood High School,2026-05-16,2026,26,26,migrated,
1618,https://rugbyignite.co.za/fixture/2026/st-charles-college-vs-st-stithians-college/,St Charles College,St Stithians College,2026-05-30,2026,33,31,migrated,
1619,https://rugbyignite.co.za/fixture/2026/hilton-vs-westville/,Hilton College,Westville Boys' High School,2026-03-14,2026,39,35,migrated,
1620,https://rugbyignite.co.za/fixture/2026/westville-boys-high-school-vs-maritzburg-college/,Westville Boys' High School,Maritzburg College,2026-03-21,2026,26,10,migrated,
1621,https://rugbyignite.co.za/fixture/2026/westville-boys-high-school-vs-northwood-school/,Westville Boys' High School,Northwood School,2026-04-11,2026,35,29,migrated,
1622,https://rugbyignite.co.za/fixture/2026/westville-boys-high-school-vs-king-edward-vii-school/,Westville Boys' High School,King Edward VII School,2026-05-16,2026,40,0,migrated,
1623,https://rugbyignite.co.za/fixture/2026/westville-boys-high-school-vs-michaelhouse/,Westville Boys' High School,Michaelhouse,2026-06-06,2026,52,19,migrated,
1626,https://rugbyignite.co.za/fixture/2026/diamantveld-vs-queens-college/,Hoerskool Diamantveld,Queen's College,2026-04-24,2026,40,29,migrated,Wildeklawer 2026
1627,https://rugbyignite.co.za/fixture/2026/paul-roos-ginmasium-vs-garsfontein/,Paul Roos Gimnasium,Garsfontein,2026-04-24,2026,21,18,migrated,Wildeklawer 2026
1628,https://rugbyignite.co.za/fixture/2026/jeppe-high-school-for-boys-vs-boland-landbou/,Jeppe High School For Boys,Boland Landbou,2026-04-25,2026,31,26,migrated,Wildeklawer 2026
1630,https://rugbyignite.co.za/fixture/2026/hoerskool-monument-vs-durban-high-school-2/,Hoërskool Monument,Durban High School,2026-04-25,2026,41,27,migrated,Wildeklawer 2026
1631,https://rugbyignite.co.za/fixture/2026/maritzburg-college-vs-stellenberg-high-school/,Maritzburg College,Stellenberg High School,2026-04-25,2026,19,24,migrated,Wildeklawer 2026
1632,https://rugbyignite.co.za/fixture/2026/paarl-boys-high-vs-northwood-school/,Paarl Boys High,Northwood School,2026-04-25,2026,21,18,migrated,Wildeklawer 2026
1633,https://rugbyignite.co.za/fixture/2026/paarl-gimnasium-vs-helpmekaar/,Paarl Gimnasium,Helpmekaar,2026-04-25,2026,45,10,migrated,Wildeklawer 2026
1634,https://rugbyignite.co.za/fixture/2026/affies-vs-hoerskool-outeniqua/,Afrikaanse Hoër Seunskool,Hoërskool Outeniqua,2026-04-25,2026,55,26,migrated,Wildeklawer 2026
1635,https://rugbyignite.co.za/fixture/2026/grey-college-vs-noordheuwel/,Grey College,Hoërskool Noordheuwel,2026-04-25,2026,34,12,migrated,Wildeklawer 2026
1636,https://rugbyignite.co.za/fixture/2026/helpmekaar-vs-queens-college/,Helpmekaar,Queen's College,2026-04-27,2026,73,31,migrated,Wildeklawer 2026
1637,https://rugbyignite.co.za/fixture/2026/hoerskool-outeniqua-vs-maritzburg-college/,Hoërskool Outeniqua,Maritzburg College,2026-04-27,2026,30,29,migrated,Wildeklawer 2026
1638,https://rugbyignite.co.za/fixture/2026/diamantveld-vs-stellenberg/,Hoerskool Diamantveld,Stellenberg High School,2026-04-27,2026,20,31,migrated,Wildeklawer 2026
1639,https://rugbyignite.co.za/fixture/2026/northwood-school-vs-garsfontein/,Northwood School,Garsfontein,2026-04-27,2026,31,33,migrated,Wildeklawer 2026
1640,https://rugbyignite.co.za/fixture/2026/noordheuwel-vs-boland-landbou/,Hoërskool Noordheuwel,Boland Landbou,2026-04-27,2026,14,16,migrated,Wildeklawer 2026
1642,https://rugbyignite.co.za/fixture/2026/grey-college-vs-jeppe-high-school-for-boys-2/,Grey College,Jeppe High School For Boys,2026-04-27,2026,54,14,migrated,Wildeklawer 2026
1643,https://rugbyignite.co.za/fixture/2026/paul-roos-vs-oakdale/,Paul Roos Gimnasium,Hoer Landbouschool Oakdale,2026-04-27,2026,15,13,migrated,Wildeklawer 2026
1644,https://rugbyignite.co.za/fixture/2026/durban-high-school-vs-paarl-ginmasium/,Durban High School,Paarl Gimnasium,2026-04-27,2026,7,47,migrated,Wildeklawer 2026
1646,https://rugbyignite.co.za/fixture/2026/affies-vs-paarl-boys-high/,Afrikaanse Hoër Seunskool,Paarl Boys High,2026-04-27,2026,40,37,migrated,Wildeklawer 2026
1659,https://rugbyignite.co.za/fixture/2026/kearsney-college-vs-hoerskool-rustenburg/,Kearsney College,Hoërskool Rustenburg,2026-04-02,2026,43,14,migrated,Kearsney Easter Rugby Festival 2026
1660,https://rugbyignite.co.za/fixture/2026/glenwood-high-school-vs-helpmekaar/,Glenwood High School,Helpmekaar,2026-04-02,2026,5,24,migrated,Kearsney Easter Rugby Festival 2026
1661,https://rugbyignite.co.za/fixture/2026/milnerton-high-school-vs-eg-jansen/,Milnerton High School,EG Jansen,2026-04-02,2026,20,27,migrated,Kearsney Easter Rugby Festival 2026
1663,https://rugbyignite.co.za/fixture/2026/durban-high-school-vs-hoerskool-rustenburg/,Durban High School,Hoërskool Rustenburg,2026-04-04,2026,38,7,migrated,Kearsney Easter Rugby Festival 2026
1665,https://rugbyignite.co.za/fixture/2026/glenwood-high-school-vs-framesby/,Glenwood High School,Framesby,2026-04-04,2026,14,15,migrated,Kearsney Easter Rugby Festival 2026
1666,https://rugbyignite.co.za/fixture/2026/westville-boys-high-school-vs-helpmekaar/,Westville Boys' High School,Helpmekaar,2026-04-04,2026,33,17,migrated,Kearsney Easter Rugby Festival 2026
1668,https://rugbyignite.co.za/fixture/2026/glenwood-high-school-vs-eg-jansen/,Glenwood High School,EG Jansen,2026-04-06,2026,14,12,migrated,Kearsney Easter Rugby Festival 2026
1669,https://rugbyignite.co.za/fixture/2026/transvalia-vs-framesby/,Hoërskool Transvalia,Framesby,2026-04-06,2026,7,10,migrated,Kearsney Easter Rugby Festival 2026
1671,https://rugbyignite.co.za/fixture/2026/westville-boys-high-school-vs-milnerton-high-school/,Westville Boys' High School,Milnerton High School,2026-04-06,2026,41,3,migrated,Kearsney Easter Rugby Festival 2026
1673,https://rugbyignite.co.za/fixture/2026/hoerskool-eldoraigne-vs-pearson-high-school-2/,Hoërskool Eldoraigne,Pearson High School,2026-04-04,2026,14,56,migrated,KES Easter Rugby Festival 2026
1683,https://rugbyignite.co.za/fixture/2026/westville-boys-high-school-vs-northwood-school-2/,Westville Boys' High School,Northwood School,2026-05-09,2026,14,19,migrated,
1685,https://rugbyignite.co.za/fixture/2026/michaelhouse-vs-kearsney-college/,Michaelhouse,Kearsney College,2026-05-09,2026,31,32,migrated,
1687,https://rugbyignite.co.za/fixture/2026/maritzburg-college-vs-durban-high-school/,Maritzburg College,Durban High School,2026-05-09,2026,18,17,migrated,
1688,https://rugbyignite.co.za/fixture/2026/hilton-college-vs-glenwood-high-school/,Hilton College,Glenwood High School,2026-05-09,2026,42,7,migrated,
1690,https://rugbyignite.co.za/fixture/2026/hilton-college-vs-northwood-school/,Hilton College,Northwood School,2026-06-06,2026,43,32,migrated,
1715,https://rugbyignite.co.za/fixture/2026/grey-high-school-vs-michaelhouse-2/,Grey High School,Michaelhouse,2026-04-25,2026,28,19,migrated,Grey Rugby Festival 2026
1717,https://rugbyignite.co.za/fixture/2026/kingswood-college-vs-st-charles-college/,Kingswood College,St Charles College,2026-04-25,2026,22,19,migrated,Grey Rugby Festival 2026
1718,https://rugbyignite.co.za/fixture/2026/st-stithians-college-vs-drostdy/,St Stithians College,Drostdy,2026-04-25,2026,0,74,migrated,Grey Rugby Festival 2026
1721,https://rugbyignite.co.za/fixture/2026/kearsney-college-vs-sacs/,Kearsney College,SACS,2026-04-27,2026,27,33,migrated,Grey Rugby Festival 2026
1731,https://rugbyignite.co.za/fixture/2026/dale-college-vs-grey-high-school-2/,Dale College,Grey High School,2026-04-11,2026,12,24,migrated,
1732,https://rugbyignite.co.za/fixture/2026/dale-college-vs-selborne-college-2/,Dale College,Selborne College,2026-05-09,2026,31,27,migrated,
1734,https://rugbyignite.co.za/fixture/2026/dale-college-vs-hoer-landbouskool-marlow/,Dale College,Hoër Landbouskool Marlow,2026-05-30,2026,69,31,migrated,
1736,https://rugbyignite.co.za/fixture/2026/dale-college-vs-queens-college-2/,Dale College,Queen's College,2026-08-15,2026,12,22,migrated,
1738,https://rugbyignite.co.za/fixture/2026/queens-college-vs-dale-college-2/,Queen's College,Dale College,2026-04-18,2026,29,31,migrated,
1740,https://rugbyignite.co.za/fixture/2026/queens-college-vs-hudson-park-high-school/,Queen's College,Hudson Park High School,2026-05-23,2026,40,22,migrated,
1741,https://rugbyignite.co.za/fixture/2026/queens-college-vs-st-andrews-college/,Queen's College,St Andrew's College,2026-05-30,2026,15,14,migrated,
1742,https://rugbyignite.co.za/fixture/2026/queens-college-vs-selborne-college-2/,Queen's College,Selborne College,2026-08-01,2026,55,15,migrated,
1743,https://rugbyignite.co.za/fixture/2026/queens-college-vs-graeme-college/,Queen's College,Graeme College,2026-08-08,2026,28,31,migrated,
1744,https://rugbyignite.co.za/fixture/2026/selborne-college-vs-graeme-college/,Selborne College,Graeme College,2026-04-18,2026,34,26,migrated,
1745,https://rugbyignite.co.za/fixture/2026/selborne-college-vs-queens-college-2/,Selborne College,Queen's College,2026-05-16,2026,19,17,migrated,
1747,https://rugbyignite.co.za/fixture/2026/selborne-college-vs-st-andrews-college/,Selborne College,St Andrew's College,2026-06-06,2026,24,21,migrated,
1748,https://rugbyignite.co.za/fixture/2026/selborne-college-vs-hudson-park-high-school/,Selborne College,Hudson Park High School,2026-07-25,2026,26,28,migrated,
1750,https://rugbyignite.co.za/fixture/2026/selborne-college-vs-dale-college/,Selborne College,Dale College,2026-08-08,2026,28,17,migrated,
1751,https://rugbyignite.co.za/fixture/2026/hudson-park-high-school-vs-framesby/,Hudson Park High School,Framesby,2026-05-01,2026,45,26,migrated,
1754,https://rugbyignite.co.za/fixture/2026/hudson-park-high-school-vs-dale-college/,Hudson Park High School,Dale College,2026-06-06,2026,27,26,migrated,
1755,https://rugbyignite.co.za/fixture/2026/hoerskool-brandwag-vs-hoer-landbouskool-marlow/,Hoërskool Brandwag,Hoër Landbouskool Marlow,2026-04-11,2026,33,40,migrated,
1756,https://rugbyignite.co.za/fixture/2026/hoerskool-brandwag-vs-muir-college-2/,Hoërskool Brandwag,Muir College,2026-04-18,2026,26,25,migrated,
1757,https://rugbyignite.co.za/fixture/2026/hoerskool-brandwag-vs-daniel-pienaar-2/,Hoërskool Brandwag,Daniel Pienaar,2026-05-01,2026,22,23,migrated,
1758,https://rugbyignite.co.za/fixture/2026/hoerskool-brandwag-vs-nico-malan-high-school/,Hoërskool Brandwag,Nico Malan High School,2026-08-07,2026,12,26,migrated,
1759,https://rugbyignite.co.za/fixture/2026/daniel-pienaar-vs-graeme-college/,Daniel Pienaar,Graeme College,2026-03-14,2026,22,48,migrated,
1761,https://rugbyignite.co.za/fixture/2026/daniel-pienaar-vs-framesby/,Daniel Pienaar,Framesby,2026-04-11,2026,28,36,migrated,
1762,https://rugbyignite.co.za/fixture/2026/daniel-pienaar-vs-grey-high-school/,Daniel Pienaar,Grey High School,2026-05-30,2026,5,94,migrated,
1763,https://rugbyignite.co.za/fixture/2026/daniel-pienaar-vs-hoerskool-brandwag-2/,Daniel Pienaar,Hoërskool Brandwag,2026-08-15,2026,24,12,migrated,
1764,https://rugbyignite.co.za/fixture/2026/daniel-pienaar-vs-muir-college-2/,Daniel Pienaar,Muir College,2026-08-22,2026,17,13,migrated,
1765,https://rugbyignite.co.za/fixture/2026/framesby-vs-st-andrews-college-2/,Framesby,St Andrew's College,2026-03-14,2026,24,17,migrated,
1767,https://rugbyignite.co.za/fixture/2026/framesby-vs-hoerskool-outeniqua/,Framesby,Hoërskool Outeniqua,2026-05-23,2026,59,21,migrated,
1768,https://rugbyignite.co.za/fixture/2026/framesby-vs-grey-high-school/,Framesby,Grey High School,2026-07-25,2026,28,33,migrated,
1769,https://rugbyignite.co.za/fixture/2026/framesby-vs-hoer-landbouschool-oakdale/,Framesby,Hoer Landbouschool Oakdale,2026-08-01,2026,22,46,migrated,
1773,https://rugbyignite.co.za/fixture/2026/grey-high-school-vs-paul-roos-ginmasium/,Grey High School,Paul Roos Gimnasium,2026-04-18,2026,15,28,migrated,
1775,https://rugbyignite.co.za/fixture/2026/grey-high-school-vs-muir-college/,Grey High School,Muir College,2026-08-08,2026,113,5,migrated,
1777,https://rugbyignite.co.za/fixture/2026/grey-high-school-vs-selborne-college/,Grey High School,Selborne College,2026-08-15,2026,61,47,migrated,
1779,https://rugbyignite.co.za/fixture/2026/kingswood-college-vs-hoerskool-brandwag/,Kingswood College,Hoërskool Brandwag,2026-05-30,2026,66,19,migrated,
1780,https://rugbyignite.co.za/fixture/2026/hoer-landbouskool-marlow-vs-hudson-park-high-school/,Hoër Landbouskool Marlow,Hudson Park High School,2026-04-18,2026,26,15,migrated,
1781,https://rugbyignite.co.za/fixture/2026/hoer-landbouskool-marlow-vs-nico-malan-high-school/,Hoër Landbouskool Marlow,Nico Malan High School,2026-05-23,2026,25,25,migrated,
1782,https://rugbyignite.co.za/fixture/2026/hoer-landbouskool-marlow-vs-pearson-high-school-2/,Hoër Landbouskool Marlow,Pearson High School,2026-08-01,2026,26,33,migrated,
1783,https://rugbyignite.co.za/fixture/2026/hoer-landbouskool-marlow-vs-bergsig/,Hoër Landbouskool Marlow,Bergsig,2026-08-08,2026,57,13,migrated,
1784,https://rugbyignite.co.za/fixture/2026/nico-malan-high-school-vs-muir-college/,Nico Malan High School,Muir College,2026-04-11,2026,31,24,migrated,
1785,https://rugbyignite.co.za/fixture/2026/nico-malan-high-school-vs-graeme-college/,Nico Malan High School,Graeme College,2026-05-30,2026,30,30,migrated,
1786,https://rugbyignite.co.za/fixture/2026/nico-malan-high-school-vs-daniel-pienaar/,Nico Malan High School,Daniel Pienaar,2026-08-01,2026,47,26,migrated,
1787,https://rugbyignite.co.za/fixture/2026/pearson-high-school-vs-selborne-college/,Pearson High School,Selborne College,2026-04-11,2026,20,5,migrated,
1788,https://rugbyignite.co.za/fixture/2026/pearson-high-school-vs-hoerskool-outeniqua-2/,Pearson High School,Hoërskool Outeniqua,2026-04-18,2026,0,62,migrated,
1790,https://rugbyignite.co.za/fixture/2026/pearson-high-school-vs-muir-college-2/,Pearson High School,Muir College,2026-05-16,2026,55,17,migrated,
1792,https://rugbyignite.co.za/fixture/2026/pearson-high-school-vs-daniel-pienaar/,Pearson High School,Daniel Pienaar,2026-06-06,2026,28,30,migrated,
1793,https://rugbyignite.co.za/fixture/2026/pearson-high-school-vs-parel-vallei-high-school/,Pearson High School,Parel Vallei High School,2026-08-15,2026,17,43,migrated,
1794,https://rugbyignite.co.za/fixture/2026/pearson-high-school-vs-hoerskool-brandwag-2/,Pearson High School,Hoërskool Brandwag,2026-08-22,2026,31,20,migrated,
1795,https://rugbyignite.co.za/fixture/2026/st-andrews-college-vs-graeme-college/,St Andrew's College,Graeme College,2026-05-02,2026,22,34,migrated,
1797,https://rugbyignite.co.za/fixture/2026/st-andrews-college-vs-hoer-landbouskool-marlow/,St Andrew's College,Hoër Landbouskool Marlow,2026-05-09,2026,33,27,migrated,
1798,https://rugbyignite.co.za/fixture/2026/st-andrews-college-vs-grey-high-school/,St Andrew's College,Grey High School,2026-05-23,2026,22,42,migrated,
1799,https://rugbyignite.co.za/fixture/2026/st-andrews-college-vs-kingswood-college/,St Andrew's College,Kingswood College,2026-06-13,2026,10,29,migrated,
1800,https://rugbyignite.co.za/fixture/2026/st-andrews-college-vs-dale-college/,St Andrew's College,Dale College,2026-06-20,2026,36,46,migrated,
1801,https://rugbyignite.co.za/fixture/2026/grey-college-vs-trio-high-school-2/,Grey College,Trio High School,2026-02-28,2026,38,12,migrated,
1804,https://rugbyignite.co.za/fixture/2026/grey-college-vs-welkom-gimnasium/,Grey College,Welkom Gimnasium,2026-03-07,2026,109,3,migrated,
1805,https://rugbyignite.co.za/fixture/2026/grey-college-vs-hoerskool-monument/,Grey College,Hoërskool Monument,2026-03-21,2026,31,15,migrated,
1806,https://rugbyignite.co.za/fixture/2026/grey-college-vs-paarl-boys-high/,Grey College,Paarl Boys High,2026-05-09,2026,31,21,migrated,
1807,https://rugbyignite.co.za/fixture/2026/grey-college-vs-grey-high-school/,Grey College,Grey High School,2026-08-01,2026,59,26,migrated,
1809,https://rugbyignite.co.za/fixture/2026/grey-college-vs-outeniqua/,Grey College,Hoërskool Outeniqua,2026-08-08,2026,45,17,migrated,
1810,https://rugbyignite.co.za/fixture/2026/welkom-gimnasium-vs-potchefstroom-gimnasium/,Welkom Gimnasium,Hoër Volkskool Potchefstroom,2026-03-21,2026,29,10,migrated,
1811,https://rugbyignite.co.za/fixture/2026/welkom-gimnasium-vs-witteberg-hoerskool/,Welkom Gimnasium,Witteberg Hoerskool,2026-05-09,2026,49,10,migrated,
1812,https://rugbyignite.co.za/fixture/2026/welkom-gimnasium-vs-goudveld-hoerskool/,Welkom Gimnasium,Goudveld Hoërskool,2026-05-23,2026,85,7,migrated,
1813,https://rugbyignite.co.za/fixture/2026/hoerskool-diamantveld-vs-hoerskool-monument/,Hoerskool Diamantveld,Hoërskool Monument,2026-03-07,2026,36,35,migrated,
1814,https://rugbyignite.co.za/fixture/2026/hoerskool-diamantveld-vs-hoerskool-fichardtpark/,Hoerskool Diamantveld,Hoërskool Fichardtpark,2026-05-16,2026,40,15,migrated,
1815,https://rugbyignite.co.za/fixture/2026/hoerskool-diamantveld-vs-goudveld-hoerskool/,Hoerskool Diamantveld,Goudveld Hoërskool,2026-07-25,2026,73,0,migrated,
1816,https://rugbyignite.co.za/fixture/2026/bethlehem-voortrekker-hoerskool-vs-hoerskool-diamantveld-2/,Bethlehem Voortrekker Hoerskool,Hoerskool Diamantveld,2026-03-21,2026,20,59,migrated,
1819,https://rugbyignite.co.za/fixture/2026/bethlehem-voortrekker-hoerskool-vs-witteberg-hoerskool/,Bethlehem Voortrekker Hoerskool,Witteberg Hoerskool,2026-05-23,2026,26,21,migrated,
1821,https://rugbyignite.co.za/fixture/2026/bethlehem-voortrekker-hoerskool-vs-hoerskool-jim-fouche/,Bethlehem Voortrekker Hoerskool,Hoerskool Jim Fouche,2026-07-25,2026,22,31,migrated,
1823,https://rugbyignite.co.za/fixture/2026/fichardtpark-vs-marlow/,Hoërskool Fichardtpark,Hoër Landbouskool Marlow,2026-03-07,2026,25,29,migrated,
1824,https://rugbyignite.co.za/fixture/2026/hoerskool-fichardtpark-vs-bethlehem-voortrekker-hoerskool-2/,Hoërskool Fichardtpark,Bethlehem Voortrekker Hoerskool,2026-03-14,2026,31,21,migrated,
1825,https://rugbyignite.co.za/fixture/2026/hoerskool-fichardtpark-vs-trio-high-school/,Hoërskool Fichardtpark,Trio High School,2026-03-21,2026,22,19,migrated,
1826,https://rugbyignite.co.za/fixture/2026/hoerskool-fichardtpark-vs-hoerskool-jim-fouche/,Hoërskool Fichardtpark,Hoerskool Jim Fouche,2026-04-11,2026,29,17,migrated,
1827,https://rugbyignite.co.za/fixture/2026/hoerskool-fichardtpark-vs-witteberg-hoerskool/,Hoërskool Fichardtpark,Witteberg Hoerskool,2026-07-25,2026,31,34,migrated,
1828,https://rugbyignite.co.za/fixture/2026/goudveld-hoerskool-vs-hoerskool-jim-fouche/,Goudveld Hoërskool,Hoerskool Jim Fouche,2026-03-14,2026,10,35,migrated,
1829,https://rugbyignite.co.za/fixture/2026/goudveld-hoerskool-vs-trio-high-school/,Goudveld Hoërskool,Trio High School,2026-04-18,2026,38,21,migrated,
1830,https://rugbyignite.co.za/fixture/2026/goudveld-hoerskool-vs-bethlehem-voortrekker-hoerskool/,Goudveld Hoërskool,Bethlehem Voortrekker Hoerskool,2026-05-16,2026,19,73,migrated,
1831,https://rugbyignite.co.za/fixture/2026/goudveld-hoerskool-vs-hoerskool-fichardtpark/,Goudveld Hoërskool,Hoërskool Fichardtpark,2026-08-01,2026,12,40,migrated,
1832,https://rugbyignite.co.za/fixture/2026/hoerskool-jim-fouche-vs-witteberg-hoerskool/,Hoerskool Jim Fouche,Witteberg Hoerskool,2026-03-21,2026,24,19,migrated,
1833,https://rugbyignite.co.za/fixture/2026/hoerskool-jim-fouche-vs-hoerskool-diamantveld/,Hoerskool Jim Fouche,Hoerskool Diamantveld,2026-05-22,2026,23,22,migrated,
1834,https://rugbyignite.co.za/fixture/2026/hoerskool-jim-fouche-vs-trio-high-school/,Hoerskool Jim Fouche,Trio High School,2026-08-01,2026,33,34,migrated,
1836,https://rugbyignite.co.za/fixture/2026/hoerskool-sentraal-vs-hoerskool-jim-fouche/,Hoerskool Sentraal,Hoerskool Jim Fouche,2026-05-16,2026,28,38,migrated,
1837,https://rugbyignite.co.za/fixture/2026/hoerskool-sentraal-vs-bethlehem-voortrekker-hoerskool/,Hoerskool Sentraal,Bethlehem Voortrekker Hoerskool,2026-08-01,2026,38,17,migrated,
1838,https://rugbyignite.co.za/fixture/2026/hoerskool-sentraal-vs-framesby/,Hoerskool Sentraal,Framesby,2026-08-08,2026,29,28,migrated,
1839,https://rugbyignite.co.za/fixture/2026/trio-high-school-vs-hoerskool-rustenburg/,Trio High School,Hoërskool Rustenburg,2026-03-07,2026,17,24,migrated,
1840,https://rugbyignite.co.za/fixture/2026/trio-high-school-vs-hoerskool-diamantveld/,Trio High School,Hoerskool Diamantveld,2026-03-14,2026,41,40,migrated,
1841,https://rugbyignite.co.za/fixture/2026/trio-high-school-vs-welkom-gimnasium/,Trio High School,Welkom Gimnasium,2026-04-25,2026,17,24,migrated,
1842,https://rugbyignite.co.za/fixture/2026/trio-vs-voortrekker/,Trio High School,Bethlehem Voortrekker Hoerskool,2026-05-09,2026,33,5,migrated,
1843,https://rugbyignite.co.za/fixture/2026/trio-high-school-vs-hoerskool-sentraal/,Trio High School,Hoerskool Sentraal,2026-07-25,2026,40,26,migrated,
1844,https://rugbyignite.co.za/fixture/2026/witteberg-hoerskool-vs-wesvalia-2/,Witteberg Hoerskool,Wesvalia,2026-02-28,2026,17,12,migrated,
1845,https://rugbyignite.co.za/fixture/2026/witteberg-hoerskool-vs-helpmekaar/,Witteberg Hoerskool,Helpmekaar,2026-03-07,2026,5,77,migrated,
1846,https://rugbyignite.co.za/fixture/2026/witteberg-hoerskool-vs-hoerskool-sentraal/,Witteberg Hoerskool,Hoerskool Sentraal,2026-03-14,2026,5,35,migrated,
1847,https://rugbyignite.co.za/fixture/2026/witteberg-hoerskool-vs-goudveld-hoerskool/,Witteberg Hoerskool,Goudveld Hoërskool,2026-04-25,2026,55,0,migrated,
1848,https://rugbyignite.co.za/fixture/2026/witteberg-hoerskool-vs-trio-high-school/,Witteberg Hoerskool,Trio High School,2026-05-16,2026,17,40,migrated,
1849,https://rugbyignite.co.za/fixture/2026/witteberg-hoerskool-vs-hoerskool-diamantveld/,Witteberg Hoerskool,Hoerskool Diamantveld,2026-08-01,2026,0,73,migrated,
1850,https://rugbyignite.co.za/fixture/2026/bishops-vs-st-andrews-college/,Bishops,St Andrew's College,2026-03-26,2026,28,24,migrated,
1852,https://rugbyignite.co.za/fixture/2026/bishops-vs-wynberg-boys-high-school-2/,Bishops,Wynberg Boys' High School,2026-05-09,2026,20,38,migrated,
1854,https://rugbyignite.co.za/fixture/2026/bishops-vs-rondebosch-boys-high-school-2/,Bishops,Rondebosch Boys High School,2026-06-13,2026,24,29,migrated,
1856,https://rugbyignite.co.za/fixture/2026/boland-landbou-vs-rondebosch-boys-high-school/,Boland Landbou,Rondebosch Boys High School,2026-04-18,2026,43,34,migrated,
1857,https://rugbyignite.co.za/fixture/2026/boland-landbou-vs-sacs/,Boland Landbou,SACS,2026-05-16,2026,26,22,migrated,
1858,https://rugbyignite.co.za/fixture/2026/boland-landbou-vs-milnerton-high-school/,Boland Landbou,Milnerton High School,2026-05-23,2026,83,0,migrated,
1859,https://rugbyignite.co.za/fixture/2026/boland-landbou-vs-paarl-boys-high/,Boland Landbou,Paarl Boys High,2026-06-06,2026,21,49,migrated,
1860,https://rugbyignite.co.za/fixture/2026/boland-landbou-vs-stellenberg-high-school/,Boland Landbou,Stellenberg High School,2026-06-12,2026,24,48,migrated,
1861,https://rugbyignite.co.za/fixture/2026/boland-landbou-vs-wynberg-boys-high-school/,Boland Landbou,Wynberg Boys' High School,2026-07-25,2026,26,42,migrated,
1862,https://rugbyignite.co.za/fixture/2026/boland-landbou-vs-hoer-landbouschool-oakdale/,Boland Landbou,Hoer Landbouschool Oakdale,2026-08-08,2026,40,36,migrated,
1870,https://rugbyignite.co.za/fixture/2026/drostdy-vs-hoer-landbouschool-oakdale/,Drostdy,Hoer Landbouschool Oakdale,2026-07-25,2026,31,24,migrated,
1871,https://rugbyignite.co.za/fixture/2026/hoerskool-durbanville-vs-paarl-gimnasium/,Hoerskool Durbanville,Paarl Gimnasium,2026-03-21,2026,12,45,migrated,
1873,https://rugbyignite.co.za/fixture/2026/hoerskool-durbanville-vs-sacs/,Hoerskool Durbanville,SACS,2026-04-11,2026,20,18,migrated,
1874,https://rugbyignite.co.za/fixture/2026/hoerskool-durbanville-vs-hoer-landbouschool-oakdale/,Hoerskool Durbanville,Hoer Landbouschool Oakdale,2026-04-18,2026,7,21,migrated,
1875,https://rugbyignite.co.za/fixture/2026/durbanville-vs-tygerberg/,Hoerskool Durbanville,Tygerberg High School,2026-05-16,2026,64,4,migrated,
1876,https://rugbyignite.co.za/fixture/2026/hoerskool-durbanville-vs-bishops/,Hoerskool Durbanville,Bishops,2026-05-23,2026,36,37,migrated,
1877,https://rugbyignite.co.za/fixture/2026/hoerskool-durbanville-vs-paarl-boys-high/,Hoerskool Durbanville,Paarl Boys High,2026-07-25,2026,7,56,migrated,
1878,https://rugbyignite.co.za/fixture/2026/hoer-landbouschool-oakdale-vs-grey-college/,Hoer Landbouschool Oakdale,Grey College,2026-03-14,2026,7,38,migrated,
1879,https://rugbyignite.co.za/fixture/2026/hoer-landbouschool-oakdale-vs-stellenberg-high-school/,Hoer Landbouschool Oakdale,Stellenberg High School,2026-05-09,2026,13,15,migrated,
1880,https://rugbyignite.co.za/fixture/2026/hoer-landbouschool-oakdale-vs-hoerskool-outeniqua/,Hoer Landbouschool Oakdale,Hoërskool Outeniqua,2026-05-16,2026,27,21,migrated,
1881,https://rugbyignite.co.za/fixture/2026/hoer-landbouschool-oakdale-vs-paarl-gimnasium/,Hoer Landbouschool Oakdale,Paarl Gimnasium,2026-05-30,2026,13,49,migrated,
1882,https://rugbyignite.co.za/fixture/2026/hoerskool-outeniqua-vs-worcester-gymnasium-2/,Hoërskool Outeniqua,Worcester Gymnasium,2026-03-07,2026,99,0,migrated,
1883,https://rugbyignite.co.za/fixture/2026/hoerskool-outeniqua-vs-nico-malan-high-school/,Hoërskool Outeniqua,Nico Malan High School,2026-03-14,2026,45,0,migrated,
1884,https://rugbyignite.co.za/fixture/2026/hoerskool-outeniqua-vs-boland-landbou/,Hoërskool Outeniqua,Boland Landbou,2026-04-11,2026,34,24,migrated,
1888,https://rugbyignite.co.za/fixture/2026/paarl-boys-high-vs-hoerskool-outeniqua/,Paarl Boys High,Hoërskool Outeniqua,2026-03-21,2026,26,22,migrated,
1889,https://rugbyignite.co.za/fixture/2026/paarl-boys-high-vs-hoer-landbouschool-oakdale/,Paarl Boys High,Hoer Landbouschool Oakdale,2026-04-11,2026,13,13,migrated,
1890,https://rugbyignite.co.za/fixture/2026/paarl-boys-high-vs-wynberg-boys-high-school/,Paarl Boys High,Wynberg Boys' High School,2026-04-18,2026,20,9,migrated,
1891,https://rugbyignite.co.za/fixture/2026/paarl-boys-high-vs-stellenberg-high-school/,Paarl Boys High,Stellenberg High School,2026-05-16,2026,29,7,migrated,
1892,https://rugbyignite.co.za/fixture/2026/paarl-boys-high-vs-paarl-gimnasium/,Paarl Boys High,Paarl Gimnasium,2026-08-01,2026,11,25,migrated,
1894,https://rugbyignite.co.za/fixture/2026/paarl-gimnasium-vs-grey-college/,Paarl Gimnasium,Grey College,2026-04-18,2026,29,14,migrated,
1895,https://rugbyignite.co.za/fixture/2026/paarl-gimnasium-vs-boland-landbou/,Paarl Gimnasium,Boland Landbou,2026-05-09,2026,64,15,migrated,
1896,https://rugbyignite.co.za/fixture/2026/paarl-gimnasium-vs-bishops/,Paarl Gimnasium,Bishops,2026-05-16,2026,66,14,migrated,
1897,https://rugbyignite.co.za/fixture/2026/paarl-gimnasium-vs-paul-roos-ginmasium/,Paarl Gimnasium,Paul Roos Gimnasium,2026-06-06,2026,68,22,migrated,
1898,https://rugbyignite.co.za/fixture/2026/paarl-gimnasium-vs-rondebosch-boys-high-school/,Paarl Gimnasium,Rondebosch Boys High School,2026-07-25,2026,52,24,migrated,
1910,https://rugbyignite.co.za/fixture/2026/paul-roos-ginmasium-vs-affies-2/,Paul Roos Gimnasium,Afrikaanse Hoër Seunskool,2026-03-21,2026,45,28,migrated,
1911,https://rugbyignite.co.za/fixture/2026/paul-roos-ginmasium-vs-hoerskool-durbanville/,Paul Roos Gimnasium,Hoerskool Durbanville,2026-05-09,2026,64,19,migrated,
1912,https://rugbyignite.co.za/fixture/2026/paul-roos-ginmasium-vs-paarl-boys-high/,Paul Roos Gimnasium,Paarl Boys High,2026-05-23,2026,28,22,migrated,
1913,https://rugbyignite.co.za/fixture/2026/paul-roos-ginmasium-vs-bishops/,Paul Roos Gimnasium,Bishops,2026-05-30,2026,68,3,migrated,
1914,https://rugbyignite.co.za/fixture/2026/paul-roos-ginmasium-vs-boland-landbou/,Paul Roos Gimnasium,Boland Landbou,2026-08-01,2026,45,13,migrated,
1915,https://rugbyignite.co.za/fixture/2026/paul-roos-ginmasium-vs-grey-college/,Paul Roos Gimnasium,Grey College,2026-08-15,2026,37,29,migrated,
1917,https://rugbyignite.co.za/fixture/2026/rondebosch-boys-high-school-vs-sacs-2/,Rondebosch Boys High School,SACS,2026-05-09,2026,19,17,migrated,
1918,https://rugbyignite.co.za/fixture/2026/rondebosch-boys-high-school-vs-paul-roos-ginmasium/,Rondebosch Boys High School,Paul Roos Gimnasium,2026-05-16,2026,17,41,migrated,
1919,https://rugbyignite.co.za/fixture/2026/rondebosch-boys-high-school-vs-hoerskool-durbanville/,Rondebosch Boys High School,Hoerskool Durbanville,2026-05-30,2026,55,19,migrated,
1921,https://rugbyignite.co.za/fixture/2026/rondebosch-boys-high-school-vs-wynberg-boys-high-school-2/,Rondebosch Boys High School,Wynberg Boys' High School,2026-08-15,2026,33,29,migrated,
1922,https://rugbyignite.co.za/fixture/2026/rondebosch-boys-high-school-vs-bishops-2/,Rondebosch Boys High School,Bishops,2026-08-22,2026,29,15,migrated,
1923,https://rugbyignite.co.za/fixture/2026/sacs-vs-bishops-2/,SACS,Bishops,2026-04-18,2026,22,17,migrated,
1924,https://rugbyignite.co.za/fixture/2026/sacs-vs-paarl-boys-high/,SACS,Paarl Boys High,2026-05-30,2026,16,32,migrated,
1925,https://rugbyignite.co.za/fixture/2026/sacs-vs-paul-roos-ginmasium/,SACS,Paul Roos Gimnasium,2026-07-25,2026,34,38,migrated,
1926,https://rugbyignite.co.za/fixture/2026/sacs-vs-rondebosch-boys-high-school-2/,SACS,Rondebosch Boys High School,2026-08-01,2026,39,36,migrated,
1927,https://rugbyignite.co.za/fixture/2026/sacs-vs-wynberg-boys-high-school-2/,SACS,Wynberg Boys' High School,2026-08-22,2026,44,29,migrated,
1928,https://rugbyignite.co.za/fixture/2026/stellenberg-high-school-vs-paarl-gimnasium/,Stellenberg High School,Paarl Gimnasium,2026-03-14,2026,20,19,migrated,
1929,https://rugbyignite.co.za/fixture/2026/stellenberg-high-school-vs-worcester-gymnasium-2/,Stellenberg High School,Worcester Gymnasium,2026-03-21,2026,78,0,migrated,
1930,https://rugbyignite.co.za/fixture/2026/stellenberg-high-school-vs-paul-roos-ginmasium/,Stellenberg High School,Paul Roos Gimnasium,2026-04-11,2026,20,10,migrated,
1931,https://rugbyignite.co.za/fixture/2026/stellenberg-high-school-vs-wynberg-boys-high-school/,Stellenberg High School,Wynberg Boys' High School,2026-05-02,2026,38,10,migrated,
1932,https://rugbyignite.co.za/fixture/2026/stellenberg-high-school-vs-rondebosch-boys-high-school/,Stellenberg High School,Rondebosch Boys High School,2026-05-23,2026,33,26,migrated,
1933,https://rugbyignite.co.za/fixture/2026/stellenberg-high-school-vs-bellville-high-school/,Stellenberg High School,Bellville High School,2026-05-30,2026,38,7,migrated,
1934,https://rugbyignite.co.za/fixture/2026/stellenberg-high-school-vs-bishops/,Stellenberg High School,Bishops,2026-06-06,2026,59,5,migrated,
1935,https://rugbyignite.co.za/fixture/2026/stellenberg-high-school-vs-hoerskool-outeniqua/,Stellenberg High School,Hoërskool Outeniqua,2026-07-25,2026,26,21,migrated,
1936,https://rugbyignite.co.za/fixture/2026/stellenberg-high-school-vs-hoerskool-durbanville/,Stellenberg High School,Hoerskool Durbanville,2026-08-01,2026,42,12,migrated,
1938,https://rugbyignite.co.za/fixture/2026/wynberg-boys-high-school-vs-rondebosch-boys-high-school-2/,Wynberg Boys' High School,Rondebosch Boys High School,2026-04-11,2026,27,17,migrated,
1939,https://rugbyignite.co.za/fixture/2026/wynberg-boys-high-school-vs-grey-high-school/,Wynberg Boys' High School,Grey High School,2026-05-16,2026,41,17,migrated,
1940,https://rugbyignite.co.za/fixture/2026/wynberg-boys-high-school-vs-paarl-gimnasium/,Wynberg Boys' High School,Paarl Gimnasium,2026-05-23,2026,14,61,migrated,
1941,https://rugbyignite.co.za/fixture/2026/wynberg-boys-high-school-vs-bellville-high-school/,Wynberg Boys' High School,Bellville High School,2026-06-06,2026,38,17,migrated,
1942,https://rugbyignite.co.za/fixture/2026/wynberg-boys-high-school-vs-sacs-2/,Wynberg Boys' High School,SACS,2026-06-13,2026,25,15,migrated,
1943,https://rugbyignite.co.za/fixture/2026/wynberg-boys-high-school-vs-bishops-2/,Wynberg Boys' High School,Bishops,2026-08-01,2026,64,12,migrated,
1944,https://rugbyignite.co.za/fixture/2026/bellville-high-school-vs-brackenfell-high-school/,Bellville High School,Brackenfell High School,2026-04-11,2026,12,6,migrated,
1945,https://rugbyignite.co.za/fixture/2026/bellville-high-school-vs-hermanus-high-school/,Bellville High School,Hermanus High School,2026-07-25,2026,26,13,migrated,
1946,https://rugbyignite.co.za/fixture/2026/brackenfell-high-school-vs-sacs/,Brackenfell High School,SACS,2026-03-21,2026,12,41,migrated,
1947,https://rugbyignite.co.za/fixture/2026/brackenfell-high-school-vs-worcester-gymnasium-2/,Brackenfell High School,Worcester Gymnasium,2026-05-09,2026,29,32,migrated,
1948,https://rugbyignite.co.za/fixture/2026/brackenfell-high-school-vs-strand-high-school/,Brackenfell High School,Strand High School,2026-05-23,2026,30,29,migrated,
1949,https://rugbyignite.co.za/fixture/2026/brackenfell-high-school-vs-hoerskool-hugenote/,Brackenfell High School,Hoërskool Hugenote,2026-08-08,2026,29,39,migrated,
1950,https://rugbyignite.co.za/fixture/2026/milnerton-high-school-vs-sacs/,Milnerton High School,SACS,2026-03-13,2026,17,26,migrated,
1951,https://rugbyignite.co.za/fixture/2026/milnerton-high-school-vs-parel-vallei-high-school/,Milnerton High School,Parel Vallei High School,2026-04-11,2026,17,32,migrated,
1952,https://rugbyignite.co.za/fixture/2026/milnerton-high-school-vs-brackenfell-high-school/,Milnerton High School,Brackenfell High School,2026-04-18,2026,15,15,migrated,
1953,https://rugbyignite.co.za/fixture/2026/milnerton-high-school-vs-bellville-high-school-2/,Milnerton High School,Bellville High School,2026-05-09,2026,20,27,migrated,
1954,https://rugbyignite.co.za/fixture/2026/milnerton-high-school-vs-tygerberg-high-school/,Milnerton High School,Tygerberg High School,2026-07-25,2026,19,15,migrated,
1955,https://rugbyignite.co.za/fixture/2026/parel-vallei-high-school-vs-sacs-2/,Parel Vallei High School,SACS,2026-05-23,2026,5,19,migrated,
1956,https://rugbyignite.co.za/fixture/2026/parel-vallei-high-school-vs-brackenfell-high-school/,Parel Vallei High School,Brackenfell High School,2026-05-30,2026,29,13,migrated,
1957,https://rugbyignite.co.za/fixture/2026/parel-vallei-high-school-vs-tygerberg-high-school/,Parel Vallei High School,Tygerberg High School,2026-08-01,2026,52,14,migrated,
1958,https://rugbyignite.co.za/fixture/2026/strand-high-school-vs-bishops/,Strand High School,Bishops,2026-03-14,2026,24,31,migrated,
1959,https://rugbyignite.co.za/fixture/2026/strand-high-school-vs-charlie-hofmeyr/,Strand High School,Charlie Hofmeyr,2026-04-11,2026,24,43,migrated,
1960,https://rugbyignite.co.za/fixture/2026/strand-high-school-vs-parel-vallei-high-school/,Strand High School,Parel Vallei High School,2026-04-18,2026,13,34,migrated,
1961,https://rugbyignite.co.za/fixture/2026/strand-high-school-vs-tygerberg-high-school/,Strand High School,Tygerberg High School,2026-05-09,2026,24,22,migrated,
1962,https://rugbyignite.co.za/fixture/2026/strand-high-school-vs-milnerton-high-school/,Strand High School,Milnerton High School,2026-05-16,2026,22,17,migrated,
1964,https://rugbyignite.co.za/fixture/2026/strand-high-school-vs-hoerskool-hugenote/,Strand High School,Hoërskool Hugenote,2026-05-30,2026,29,35,migrated,
1965,https://rugbyignite.co.za/fixture/2026/strand-high-school-vs-bellville-high-school/,Strand High School,Bellville High School,2026-08-01,2026,17,20,migrated,
1966,https://rugbyignite.co.za/fixture/2026/tygerberg-high-school-vs-bellville-high-school/,Tygerberg High School,Bellville High School,2026-05-30,2026,17,36,migrated,
1967,https://rugbyignite.co.za/fixture/2026/tygerberg-high-school-vs-swartland-high-school-2/,Tygerberg High School,Swartland High School,2026-06-06,2026,52,5,migrated,
1968,https://rugbyignite.co.za/fixture/2026/tygerberg-high-school-vs-brackenfell-high-school/,Tygerberg High School,Brackenfell High School,2026-08-22,2026,20,26,migrated,
2124,https://rugbyignite.co.za/fixture/2026/affies-vs-paarl-gimnasium/,Afrikaanse Hoër Seunskool,Paarl Gimnasium,2026-04-11,2026,24,51,migrated,
2125,https://rugbyignite.co.za/fixture/2026/affies-vs-jeppe-high-school-for-boys/,Afrikaanse Hoër Seunskool,Jeppe High School For Boys,2026-05-09,2026,78,10,migrated,
2126,https://rugbyignite.co.za/fixture/2026/affies-vs-grey-college/,Afrikaanse Hoër Seunskool,Grey College,2026-05-16,2026,28,21,migrated,
2128,https://rugbyignite.co.za/fixture/2026/affies-vs-noordheuwel-2/,Afrikaanse Hoër Seunskool,Hoërskool Noordheuwel,2026-08-01,2026,66,26,migrated,
2136,https://rugbyignite.co.za/fixture/2026/jeppe-high-school-for-boys-vs-king-edward-vii-school-2/,Jeppe High School For Boys,King Edward VII School,2026-04-11,2026,31,24,migrated,
2137,https://rugbyignite.co.za/fixture/2026/jeppe-high-school-for-boys-vs-westville-boys-high-school/,Jeppe High School For Boys,Westville Boys' High School,2026-04-18,2026,29,28,migrated,
2138,https://rugbyignite.co.za/fixture/2026/jeppe-high-school-for-boys-vs-st-johns-college/,Jeppe High School For Boys,St John’s College,2026-05-30,2026,66,21,migrated,
2139,https://rugbyignite.co.za/fixture/2026/jeppe-high-school-for-boys-vs-pretoria-boys-high-school-2/,Jeppe High School For Boys,Pretoria Boys High School,2026-06-06,2026,33,37,migrated,
2140,https://rugbyignite.co.za/fixture/2026/jeppe-high-school-for-boys-vs-parktown-boys-high-school/,Jeppe High School For Boys,Parktown Boys High School,2026-08-08,2026,54,27,migrated,
2141,https://rugbyignite.co.za/fixture/2026/king-edward-vii-school-vs-st-johns-college/,King Edward VII School,St John’s College,2026-03-21,2026,36,12,migrated,
2142,https://rugbyignite.co.za/fixture/2026/king-edward-vii-school-vs-noordheuwel/,King Edward VII School,Hoërskool Noordheuwel,2026-04-18,2026,19,50,migrated,
2143,https://rugbyignite.co.za/fixture/2026/king-edward-vii-school-vs-affies/,King Edward VII School,Afrikaanse Hoër Seunskool,2026-05-23,2026,28,41,migrated,
2144,https://rugbyignite.co.za/fixture/2026/king-edward-vii-school-vs-pretoria-boys-high-school-2/,King Edward VII School,Pretoria Boys High School,2026-07-25,2026,29,17,migrated,
2145,https://rugbyignite.co.za/fixture/2026/king-edward-vii-school-vs-jeppe-high-school-for-boys-2/,King Edward VII School,Jeppe High School For Boys,2026-08-01,2026,31,46,migrated,
2146,https://rugbyignite.co.za/fixture/2026/king-edward-vii-school-vs-durban-high-school/,King Edward VII School,Durban High School,2026-08-08,2026,12,22,migrated,
2148,https://rugbyignite.co.za/fixture/2026/pretoria-boys-high-school-vs-hilton-college/,Pretoria Boys High School,Hilton College,2026-05-16,2026,7,44,migrated,
2149,https://rugbyignite.co.za/fixture/2026/pretoria-boys-high-school-vs-st-johns-college/,Pretoria Boys High School,St John’s College,2026-05-23,2026,12,19,migrated,
2150,https://rugbyignite.co.za/fixture/2026/pretoria-boys-high-school-vs-st-albans-college/,Pretoria Boys High School,St Alban’s College,2026-06-13,2026,68,20,migrated,
2151,https://rugbyignite.co.za/fixture/2026/pretoria-boys-high-school-vs-maritzburg-college-2/,Pretoria Boys High School,Maritzburg College,2026-08-01,2026,13,33,migrated,
2152,https://rugbyignite.co.za/fixture/2026/pretoria-boys-high-school-vs-affies-2/,Pretoria Boys High School,Afrikaanse Hoër Seunskool,2026-08-08,2026,18,45,migrated,
2153,https://rugbyignite.co.za/fixture/2026/parktown-boys-high-school-vs-pretoria-boys-high-school/,Parktown Boys High School,Pretoria Boys High School,2026-04-11,2026,3,14,migrated,
2155,https://rugbyignite.co.za/fixture/2026/parktown-boys-high-school-vs-st-albans-college/,Parktown Boys High School,St Alban’s College,2026-05-30,2026,24,24,migrated,
2156,https://rugbyignite.co.za/fixture/2026/parktown-boys-high-school-vs-glenwood-high-school/,Parktown Boys High School,Glenwood High School,2026-08-01,2026,36,43,migrated,
2157,https://rugbyignite.co.za/fixture/2026/st-albans-college-vs-st-johns-college/,St Alban’s College,St John’s College,2026-03-14,2026,14,20,migrated,
2158,https://rugbyignite.co.za/fixture/2026/st-albans-college-vs-st-benedicts-college-2/,St Alban’s College,St Benedict’s College,2026-05-23,2026,45,24,migrated,
2159,https://rugbyignite.co.za/fixture/2026/st-benedicts-college-vs-parktown-boys-high-school/,St Benedict’s College,Parktown Boys High School,2026-03-21,2026,6,13,migrated,
2160,https://rugbyignite.co.za/fixture/2026/st-benedicts-college-vs-king-edward-vii-school/,St Benedict’s College,King Edward VII School,2026-05-30,2026,6,38,migrated,
2161,https://rugbyignite.co.za/fixture/2026/st-johns-college-vs-parktown-boys-high-school/,St John’s College,Parktown Boys High School,2026-03-27,2026,19,14,migrated,
2162,https://rugbyignite.co.za/fixture/2026/st-johns-college-vs-michaelhouse/,St John’s College,Michaelhouse,2026-05-16,2026,14,34,migrated,
2163,https://rugbyignite.co.za/fixture/2026/st-johns-college-vs-st-benedicts-college/,St John’s College,St Benedict’s College,2026-06-06,2026,43,19,migrated,
2164,https://rugbyignite.co.za/fixture/2026/st-johns-college-vs-st-stithians-college/,St John’s College,St Stithians College,2026-06-20,2026,21,21,migrated,
2165,https://rugbyignite.co.za/fixture/2026/st-stithians-college-vs-pretoria-boys-high-school/,St Stithians College,Pretoria Boys High School,2026-03-21,2026,24,31,migrated,
2166,https://rugbyignite.co.za/fixture/2026/st-stithians-college-vs-st-benedicts-college/,St Stithians College,St Benedict’s College,2026-03-28,2026,34,9,migrated,
2167,https://rugbyignite.co.za/fixture/2026/st-stithians-college-vs-st-albans-college/,St Stithians College,St Alban’s College,2026-05-09,2026,38,8,migrated,
2169,https://rugbyignite.co.za/fixture/2026/st-stithians-college-vs-parktown-boys-high-school/,St Stithians College,Parktown Boys High School,2026-05-23,2026,27,30,migrated,
2170,https://rugbyignite.co.za/fixture/2026/eg-jansen-vs-hoerskool-kempton-park-2/,EG Jansen,Hoërskool Kempton Park,2026-03-10,2026,24,20,migrated,
2171,https://rugbyignite.co.za/fixture/2026/eg-jansen-vs-hoerskool-monument/,EG Jansen,Hoërskool Monument,2026-05-02,2026,19,85,migrated,
2172,https://rugbyignite.co.za/fixture/2026/eg-jansen-vs-hoerskool-rustenburg/,EG Jansen,Hoërskool Rustenburg,2026-05-09,2026,32,28,migrated,
2173,https://rugbyignite.co.za/fixture/2026/eg-jansen-vs-middelburg-high-school/,EG Jansen,Middelburg High School,2026-06-06,2026,18,11,migrated,
2174,https://rugbyignite.co.za/fixture/2026/eg-jansen-vs-hoerskool-waterkloof/,EG Jansen,Hoërskool Waterkloof,2026-07-25,2026,24,34,migrated,
2176,https://rugbyignite.co.za/fixture/2026/garsfontein-vs-jeppe-high-school-for-boys/,Garsfontein,Jeppe High School For Boys,2026-03-14,2026,26,29,migrated,
2177,https://rugbyignite.co.za/fixture/2026/garsfontein-vs-affies/,Garsfontein,Afrikaanse Hoër Seunskool,2026-04-18,2026,38,34,migrated,
2178,https://rugbyignite.co.za/fixture/2026/garsfontein-vs-helpmekaar/,Garsfontein,Helpmekaar,2026-05-02,2026,49,24,migrated,
2179,https://rugbyignite.co.za/fixture/2026/garsfontein-vs-noordheuwel-2/,Garsfontein,Hoërskool Noordheuwel,2026-05-16,2026,44,17,migrated,
2180,https://rugbyignite.co.za/fixture/2026/garsfontein-vs-hoerskool-menlopark/,Garsfontein,Hoërskool Menlopark,2026-05-23,2026,52,20,migrated,
2181,https://rugbyignite.co.za/fixture/2026/garsfontein-vs-hoerskool-rustenburg/,Garsfontein,Hoërskool Rustenburg,2026-05-30,2026,57,28,migrated,
2182,https://rugbyignite.co.za/fixture/2026/garsfontein-vs-eg-jansen/,Garsfontein,EG Jansen,2026-08-08,2026,76,5,migrated,
2184,https://rugbyignite.co.za/fixture/2026/helpmekaar-vs-eg-jansen/,Helpmekaar,EG Jansen,2026-05-16,2026,36,24,migrated,
2185,https://rugbyignite.co.za/fixture/2026/helpmekaar-vs-hoerskool-monument/,Helpmekaar,Hoërskool Monument,2026-05-23,2026,34,26,migrated,
2187,https://rugbyignite.co.za/fixture/2026/hoerskool-menlopark-vs-ben-vorster/,Hoërskool Menlopark,Ben Vorster,2026-03-14,2026,53,17,migrated,
2188,https://rugbyignite.co.za/fixture/2026/hoerskool-menlopark-vs-helpmekaar/,Hoërskool Menlopark,Helpmekaar,2026-05-09,2026,38,31,migrated,
2189,https://rugbyignite.co.za/fixture/2026/hoerskool-menlopark-vs-hoerskool-waterkloof/,Hoërskool Menlopark,Hoërskool Waterkloof,2026-05-16,2026,10,36,migrated,
2190,https://rugbyignite.co.za/fixture/2026/hoerskool-menlopark-vs-noordheuwel/,Hoërskool Menlopark,Hoërskool Noordheuwel,2026-07-25,2026,45,42,migrated,
2191,https://rugbyignite.co.za/fixture/2026/hoerskool-menlopark-vs-eg-jansen/,Hoërskool Menlopark,EG Jansen,2026-08-01,2026,36,5,removed_abandoned_match,
2192,https://rugbyignite.co.za/fixture/2026/hoerskool-monument-vs-noordheuwel/,Hoërskool Monument,Hoërskool Noordheuwel,2026-05-09,2026,41,15,migrated,
2193,https://rugbyignite.co.za/fixture/2026/hoerskool-monument-vs-jeppe-high-school-for-boys/,Hoërskool Monument,Jeppe High School For Boys,2026-05-16,2026,47,29,migrated,
2194,https://rugbyignite.co.za/fixture/2026/hoerskool-monument-vs-hoerskool-menlopark/,Hoërskool Monument,Hoërskool Menlopark,2026-05-30,2026,86,24,migrated,
2195,https://rugbyignite.co.za/fixture/2026/hoerskool-monument-vs-garsfontein/,Hoërskool Monument,Garsfontein,2026-06-06,2026,32,61,migrated,
2196,https://rugbyignite.co.za/fixture/2026/hoerskool-monument-vs-hoerskool-waterkloof/,Hoërskool Monument,Hoërskool Waterkloof,2026-08-08,2026,40,36,migrated,
2197,https://rugbyignite.co.za/fixture/2026/hoerskool-nelspruit-vs-eg-jansen-2/,Hoërskool Nelspruit,EG Jansen,2026-03-14,2026,20,16,migrated,
2198,https://rugbyignite.co.za/fixture/2026/hoerskool-nelspruit-vs-hoerskool-transvalia/,Hoërskool Nelspruit,Hoërskool Transvalia,2026-05-02,2026,31,20,migrated,
2199,https://rugbyignite.co.za/fixture/2026/hoerskool-nelspruit-vs-klerksdorp-hoerskool/,Hoërskool Nelspruit,Klerksdorp Hoërskool,2026-05-16,2026,24,19,migrated,
2200,https://rugbyignite.co.za/fixture/2026/hoerskool-nelspruit-vs-hoerskool-kempton-park/,Hoërskool Nelspruit,Hoërskool Kempton Park,2026-08-01,2026,30,29,migrated,
2201,https://rugbyignite.co.za/fixture/2026/hoerskool-nelspruit-vs-hts-middelburg-2/,Hoërskool Nelspruit,HTS Middelburg,2026-08-08,2026,20,12,migrated,
2203,https://rugbyignite.co.za/fixture/2026/noordheuwel-vs-eg-jansen/,Hoërskool Noordheuwel,EG Jansen,2026-05-23,2026,35,10,migrated,
2204,https://rugbyignite.co.za/fixture/2026/noordheuwel-vs-helpmekaar/,Hoërskool Noordheuwel,Helpmekaar,2026-05-30,2026,29,14,migrated,
2205,https://rugbyignite.co.za/fixture/2026/noordheuwel-vs-hoerskool-rustenburg-2/,Hoërskool Noordheuwel,Hoërskool Rustenburg,2026-06-06,2026,44,33,migrated,
2206,https://rugbyignite.co.za/fixture/2026/noordheuwel-vs-middelburg-high-school/,Hoërskool Noordheuwel,Middelburg High School,2026-08-08,2026,31,14,migrated,
2207,https://rugbyignite.co.za/fixture/2026/hoerskool-rustenburg-vs-hoerskool-waterkloof/,Hoërskool Rustenburg,Hoërskool Waterkloof,2026-05-02,2026,10,31,migrated,
2208,https://rugbyignite.co.za/fixture/2026/hoerskool-rustenburg-vs-helpmekaar/,Hoërskool Rustenburg,Helpmekaar,2026-07-25,2026,37,34,migrated,
2209,https://rugbyignite.co.za/fixture/2026/hoerskool-rustenburg-vs-hoerskool-monument-2/,Hoërskool Rustenburg,Hoërskool Monument,2026-08-01,2026,31,38,migrated,
2210,https://rugbyignite.co.za/fixture/2026/hoerskool-rustenburg-vs-hoerskool-menlopark/,Hoërskool Rustenburg,Hoërskool Menlopark,2026-08-08,2026,42,41,migrated,
2211,https://rugbyignite.co.za/fixture/2026/hoerskool-transvalia-vs-hoerskool-oos-moot/,Hoërskool Transvalia,Hoërskool Oos-Moot,2026-03-10,2026,27,26,migrated,
2212,https://rugbyignite.co.za/fixture/2026/hoerskool-transvalia-vs-hoerskool-kempton-park/,Hoërskool Transvalia,Hoërskool Kempton Park,2026-05-16,2026,14,14,migrated,
2213,https://rugbyignite.co.za/fixture/2026/hoerskool-transvalia-vs-hts-middelburg-2/,Hoërskool Transvalia,HTS Middelburg,2026-06-06,2026,28,18,migrated,
2214,https://rugbyignite.co.za/fixture/2026/hoerskool-transvalia-vs-montana/,Hoërskool Transvalia,Montana,2026-07-25,2026,40,14,migrated,
2215,https://rugbyignite.co.za/fixture/2026/hoerskool-transvalia-vs-wesvalia/,Hoërskool Transvalia,Wesvalia,2026-08-01,2026,21,24,migrated,
2216,https://rugbyignite.co.za/fixture/2026/hoerskool-waterkloof-vs-hts-middelburg-2/,Hoërskool Waterkloof,HTS Middelburg,2026-03-10,2026,40,9,migrated,
2217,https://rugbyignite.co.za/fixture/2026/hoerskool-waterkloof-vs-garsfontein/,Hoërskool Waterkloof,Garsfontein,2026-05-09,2026,18,24,migrated,
2218,https://rugbyignite.co.za/fixture/2026/hoerskool-waterkloof-vs-middelburg-high-school/,Hoërskool Waterkloof,Middelburg High School,2026-05-23,2026,52,26,migrated,
2219,https://rugbyignite.co.za/fixture/2026/hoerskool-waterkloof-vs-noordheuwel/,Hoërskool Waterkloof,Hoërskool Noordheuwel,2026-06-13,2026,12,24,migrated,
2220,https://rugbyignite.co.za/fixture/2026/hoerskool-waterkloof-vs-helpmekaar/,Hoërskool Waterkloof,Helpmekaar,2026-08-01,2026,34,38,migrated,
2239,https://rugbyignite.co.za/fixture/2026/hts-middelburg-vs-piet-retief/,HTS Middelburg,Hoërskool Piet Retief,2026-03-14,2026,35,22,migrated,
2240,https://rugbyignite.co.za/fixture/2026/hts-middelburg-vs-montana/,HTS Middelburg,Montana,2026-05-16,2026,33,26,migrated,
2241,https://rugbyignite.co.za/fixture/2026/hts-middelburg-vs-wesvalia/,HTS Middelburg,Wesvalia,2026-05-30,2026,29,22,migrated,
2242,https://rugbyignite.co.za/fixture/2026/hts-middelburg-vs-oos-moot/,HTS Middelburg,Hoërskool Oos-Moot,2026-07-25,2026,19,32,migrated,
2243,https://rugbyignite.co.za/fixture/2026/hts-middelburg-vs-zwartkop-2/,HTS Middelburg,Zwartkop,2026-08-01,2026,14,50,migrated,
2245,https://rugbyignite.co.za/fixture/2026/kempton-park-vs-pietersburg/,Hoërskool Kempton Park,Pietersburg Hoërskool,2026-04-02,2026,27,15,migrated,
2247,https://rugbyignite.co.za/fixture/2026/kempton-park-vs-oos-moot/,Hoërskool Kempton Park,Hoërskool Oos-Moot,2026-05-09,2026,52,8,migrated,
2248,https://rugbyignite.co.za/fixture/2026/kempton-park-vs-zwartkop/,Hoërskool Kempton Park,Zwartkop,2026-05-30,2026,21,22,migrated,
2249,https://rugbyignite.co.za/fixture/2026/kempton-park-vs-wesvalia/,Hoërskool Kempton Park,Wesvalia,2026-08-08,2026,23,27,migrated,
2253,https://rugbyignite.co.za/fixture/2026/hudson-park-vs-worcester-gim/,Hudson Park High School,Worcester Gymnasium,2026-04-04,2026,37,10,migrated,KES Easter Rugby Festival 2026
2256,https://rugbyignite.co.za/fixture/2026/northwood-vs-marlow/,Northwood School,Hoër Landbouskool Marlow,2026-04-04,2026,47,7,migrated,KES Easter Rugby Festival 2026
2257,https://rugbyignite.co.za/fixture/2026/noordheuwel-vs-queens-college-2/,Hoërskool Noordheuwel,Queen's College,2026-04-04,2026,7,13,migrated,KES Easter Rugby Festival 2026
2258,https://rugbyignite.co.za/fixture/2026/kes-vs-st-andrews/,King Edward VII School,St Andrew's College,2026-04-04,2026,45,12,migrated,KES Easter Rugby Festival 2026
2259,https://rugbyignite.co.za/fixture/2026/eldoraigne-vs-hudson-park/,Hoërskool Eldoraigne,Hudson Park High School,2026-04-06,2026,17,17,migrated,KES Easter Rugby Festival 2026
2260,https://rugbyignite.co.za/fixture/2026/dale-vs-worcester-gim/,Dale College,Worcester Gymnasium,2026-04-06,2026,15,7,migrated,KES Easter Rugby Festival 2026
2261,https://rugbyignite.co.za/fixture/2026/marlow-vs-noordheuwel/,Hoër Landbouskool Marlow,Hoërskool Noordheuwel,2026-04-06,2026,5,29,migrated,KES Easter Rugby Festival 2026
2262,https://rugbyignite.co.za/fixture/2026/northwood-vs-st-andrews/,Northwood School,St Andrew's College,2026-04-06,2026,52,21,migrated,KES Easter Rugby Festival 2026
2263,https://rugbyignite.co.za/fixture/2026/kes-vs-queens-college/,King Edward VII School,Queen's College,2026-04-06,2026,33,13,migrated,KES Easter Rugby Festival 2026
2264,https://rugbyignite.co.za/fixture/2026/dale-vs-pearson-high-school/,Dale College,Pearson High School,2026-04-25,2026,32,15,migrated,Grey Rugby Festival 2026
2265,https://rugbyignite.co.za/fixture/2026/graeme-college-vs-kearsney/,Graeme College,Kearsney College,2026-04-25,2026,35,33,migrated,Grey Rugby Festival 2026
2266,https://rugbyignite.co.za/fixture/2026/parel-vallei-vs-framesby/,Parel Vallei High School,Framesby,2026-04-25,2026,50,14,migrated,Grey Rugby Festival 2026
2267,https://rugbyignite.co.za/fixture/2026/sacs-vs-selborne/,SACS,Selborne College,2026-04-25,2026,34,26,migrated,Grey Rugby Festival 2026
2268,https://rugbyignite.co.za/fixture/2026/glenwood-vs-rondebosch/,Glenwood High School,Rondebosch Boys High School,2026-04-25,2026,22,42,migrated,Grey Rugby Festival 2026
2270,https://rugbyignite.co.za/fixture/2026/daniel-pienaar-vs-hudson-park/,Daniel Pienaar,Hudson Park High School,2026-04-25,2026,34,34,migrated,Grey Rugby Festival 2026
2271,https://rugbyignite.co.za/fixture/2026/kingswood-vs-st-charles/,Kingswood College,St Charles College,2026-04-25,2026,22,19,migrated,Grey Rugby Festival 2026
2275,https://rugbyignite.co.za/fixture/2026/kingswood-vs-st-stithians/,Kingswood College,St Stithians College,2026-04-27,2026,38,20,migrated,Grey Rugby Festival 2026
2278,https://rugbyignite.co.za/fixture/2026/selborne-vs-drostdy/,Selborne College,Drostdy,2026-04-27,2026,12,67,migrated,Grey Rugby Festival 2026
2279,https://rugbyignite.co.za/fixture/2026/st-andrews-vs-michaelhouse/,St Andrew's College,Michaelhouse,2026-04-27,2026,5,41,migrated,Grey Rugby Festival 2026
2280,https://rugbyignite.co.za/fixture/2026/rondebosch-vs-kes/,Rondebosch Boys High School,King Edward VII School,2026-04-27,2026,29,10,migrated,Grey Rugby Festival 2026
2282,https://rugbyignite.co.za/fixture/2026/graeme-college-vs-st-charles/,Graeme College,St Charles College,2026-04-27,2026,43,17,migrated,Grey Rugby Festival 2026
2284,https://rugbyignite.co.za/fixture/2026/muir-college-vs-dale/,Muir College,Dale College,2026-04-27,2026,26,34,migrated,Grey Rugby Festival 2026
2288,https://rugbyignite.co.za/fixture/2026/klerksdorp-vs-hts-middelburg/,Klerksdorp Hoërskool,HTS Middelburg,2026-05-23,2026,19,21,migrated,
2290,https://rugbyignite.co.za/fixture/2026/klerksdorp-vs-transvalia/,Klerksdorp Hoërskool,Hoërskool Transvalia,2026-05-30,2026,17,36,migrated,
2291,https://rugbyignite.co.za/fixture/2026/klerksdorp-vs-kempton-park/,Klerksdorp Hoërskool,Hoërskool Kempton Park,2026-07-25,2026,19,44,migrated,
2292,https://rugbyignite.co.za/fixture/2026/klerksdorp-vs-montana/,Klerksdorp Hoërskool,Montana,2026-08-01,2026,31,36,migrated,
2297,https://rugbyignite.co.za/fixture/2026/transvalia-vs-strand/,Hoërskool Transvalia,Strand High School,2026-03-27,2026,38,19,migrated,Noord-Suid 2026
2298,https://rugbyignite.co.za/fixture/2026/oos-moot-vs-hugenote/,Hoërskool Oos-Moot,Hoërskool Hugenote,2026-03-27,2026,28,24,migrated,Noord-Suid 2026
2299,https://rugbyignite.co.za/fixture/2026/zwartkop-vs-voortrekker/,Zwartkop,Bethlehem Voortrekker Hoerskool,2026-03-27,2026,50,14,migrated,Noord-Suid 2026
2301,https://rugbyignite.co.za/fixture/2026/nelspruit-vs-framesby/,Hoërskool Nelspruit,Framesby,2026-03-27,2026,29,19,migrated,Noord-Suid 2026
2302,https://rugbyignite.co.za/fixture/2026/waterkloof-vs-diamantveld/,Hoërskool Waterkloof,Hoerskool Diamantveld,2026-03-27,2026,45,7,migrated,Noord-Suid 2026
2303,https://rugbyignite.co.za/fixture/2026/eg-jansen-vs-drostdy-2/,EG Jansen,Drostdy,2026-03-27,2026,26,46,migrated,Noord-Suid 2026
2304,https://rugbyignite.co.za/fixture/2026/kes-vs-outeniqua/,King Edward VII School,Hoërskool Outeniqua,2026-03-27,2026,17,30,migrated,Noord-Suid 2026
2305,https://rugbyignite.co.za/fixture/2026/garsfontein-vs-stellenberg/,Garsfontein,Stellenberg High School,2026-03-27,2026,21,20,migrated,Noord-Suid 2026
2306,https://rugbyignite.co.za/fixture/2026/jeppe-vs-paarl-boys-high/,Jeppe High School For Boys,Paarl Boys High,2026-03-27,2026,10,33,migrated,Noord-Suid 2026
2307,https://rugbyignite.co.za/fixture/2026/paul-roos-vs-monument/,Paul Roos Gimnasium,Hoërskool Monument,2026-03-27,2026,21,17,migrated,Noord-Suid 2026
2308,https://rugbyignite.co.za/fixture/2026/wesvalia-vs-montana/,Wesvalia,Montana,2026-03-28,2026,24,31,migrated,Noord-Suid 2026
2309,https://rugbyignite.co.za/fixture/2026/klerksdorp-vs-kempton-park-2/,Klerksdorp Hoërskool,Hoërskool Kempton Park,2026-03-28,2026,29,50,migrated,Noord-Suid 2026
2310,https://rugbyignite.co.za/fixture/2026/hts-middelburg-vs-trio/,HTS Middelburg,Trio High School,2026-03-28,2026,25,27,migrated,Noord-Suid 2026
2311,https://rugbyignite.co.za/fixture/2026/welkom-gim-vs-nico-malan/,Welkom Gimnasium,Nico Malan High School,2026-03-28,2026,54,43,migrated,Noord-Suid 2026
2312,https://rugbyignite.co.za/fixture/2026/middelburg-high-school-vs-witteberg/,Middelburg High School,Witteberg Hoerskool,2026-03-28,2026,38,41,migrated,Noord-Suid 2026
2313,https://rugbyignite.co.za/fixture/2026/rustenburg-vs-durbanville/,Hoërskool Rustenburg,Hoerskool Durbanville,2026-03-28,2026,7,15,migrated,Noord-Suid 2026
2314,https://rugbyignite.co.za/fixture/2026/menlopark-vs-boland-landbou/,Hoërskool Menlopark,Boland Landbou,2026-03-28,2026,46,28,migrated,Noord-Suid 2026
2315,https://rugbyignite.co.za/fixture/2026/noordheuwel-vs-paarl-gim/,Hoërskool Noordheuwel,Paarl Gimnasium,2026-03-28,2026,10,61,migrated,Noord-Suid 2026
2317,https://rugbyignite.co.za/fixture/2026/grey-college-vs-helpmekaar/,Grey College,Helpmekaar,2026-03-28,2026,51,19,migrated,Noord-Suid 2026
2318,https://rugbyignite.co.za/fixture/2026/affies-vs-oakdale/,Afrikaanse Hoër Seunskool,Hoer Landbouschool Oakdale,2026-03-28,2026,28,17,migrated,Noord-Suid 2026
2319,https://rugbyignite.co.za/fixture/2026/transvalia-vs-hugenote/,Hoërskool Transvalia,Hoërskool Hugenote,2026-03-30,2026,21,23,migrated,Noord-Suid 2026
2320,https://rugbyignite.co.za/fixture/2026/oos-moot-vs-strand/,Hoërskool Oos-Moot,Strand High School,2026-03-30,2026,33,18,migrated,Noord-Suid 2026
2321,https://rugbyignite.co.za/fixture/2026/eg-jansen-vs-framesby-2/,EG Jansen,Framesby,2026-03-30,2026,31,37,migrated,Noord-Suid 2026
2322,https://rugbyignite.co.za/fixture/2026/nelspruit-vs-voortrekker/,Hoërskool Nelspruit,Bethlehem Voortrekker Hoerskool,2026-03-30,2026,42,22,migrated,Noord-Suid 2026
2323,https://rugbyignite.co.za/fixture/2026/waterkloof-vs-outeniqua/,Hoërskool Waterkloof,Hoërskool Outeniqua,2026-03-30,2026,24,24,migrated,Noord-Suid 2026
2324,https://rugbyignite.co.za/fixture/2026/jeppe-vs-diamantveld/,Jeppe High School For Boys,Hoerskool Diamantveld,2026-03-30,2026,34,28,migrated,Noord-Suid 2026
2325,https://rugbyignite.co.za/fixture/2026/monument-vs-drostdy/,Hoërskool Monument,Drostdy,2026-03-30,2026,75,41,migrated,Noord-Suid 2026
2327,https://rugbyignite.co.za/fixture/2026/garsfontein-vs-paarl-boys-high/,Garsfontein,Paarl Boys High,2026-03-30,2026,31,28,migrated,Noord-Suid 2026
2328,https://rugbyignite.co.za/fixture/2026/kempton-park-vs-montana/,Hoërskool Kempton Park,Montana,2026-03-31,2026,8,29,migrated,Noord-Suid 2026
2329,https://rugbyignite.co.za/fixture/2026/klerksdorp-vs-trio/,Klerksdorp Hoërskool,Trio High School,2026-03-31,2026,24,13,migrated,Noord-Suid 2026
2330,https://rugbyignite.co.za/fixture/2026/zwartkop-vs-witteberg/,Zwartkop,Witteberg Hoerskool,2026-03-31,2026,5,45,migrated,Noord-Suid 2026
2331,https://rugbyignite.co.za/fixture/2026/hts-middelburg-vs-nico-malan/,HTS Middelburg,Nico Malan High School,2026-03-31,2026,31,28,migrated,Noord-Suid 2026
2333,https://rugbyignite.co.za/fixture/2026/middelburg-high-school-vs-wesvalia-2/,Middelburg High School,Wesvalia,2026-03-31,2026,22,28,migrated,Noord-Suid 2026
2334,https://rugbyignite.co.za/fixture/2026/rustenburg-vs-welkom-gim/,Hoërskool Rustenburg,Welkom Gimnasium,2026-03-31,2026,47,8,migrated,Noord-Suid 2026
2335,https://rugbyignite.co.za/fixture/2026/helpmekaar-vs-boland-landbou/,Helpmekaar,Boland Landbou,2026-03-31,2026,50,22,migrated,Noord-Suid 2026
2336,https://rugbyignite.co.za/fixture/2026/noordheuwel-vs-oakdale/,Hoërskool Noordheuwel,Hoer Landbouschool Oakdale,2026-03-31,2026,19,27,migrated,Noord-Suid 2026
2337,https://rugbyignite.co.za/fixture/2026/menlopark-vs-paarl-gim/,Hoërskool Menlopark,Paarl Gimnasium,2026-03-31,2026,17,73,migrated,Noord-Suid 2026
2339,https://rugbyignite.co.za/fixture/2026/grey-college-vs-stellenberg/,Grey College,Stellenberg High School,2026-03-31,2026,21,26,migrated,Noord-Suid 2026
2340,https://rugbyignite.co.za/fixture/2026/affies-vs-durbanville/,Afrikaanse Hoër Seunskool,Hoerskool Durbanville,2026-03-31,2026,24,13,migrated,Noord-Suid 2026
2347,https://rugbyignite.co.za/fixture/2026/ligbron-vs-eldoraigne/,Ligbron,Hoërskool Eldoraigne,2026-05-02,2026,28,14,migrated,
2348,https://rugbyignite.co.za/fixture/2026/ligbron-vs-ben-vorster/,Ligbron,Ben Vorster,2026-05-09,2026,19,21,migrated,
2349,https://rugbyignite.co.za/fixture/2026/ligbron-vs-piet-retief/,Ligbron,Hoërskool Piet Retief,2026-08-01,2026,26,71,migrated,
2351,https://rugbyignite.co.za/fixture/2026/marais-viljoen-vs-secunda/,Marais Viljoen,Secunda,2026-05-16,2026,29,8,migrated,
2352,https://rugbyignite.co.za/fixture/2026/marais-viljoen-vs-ligbron-2/,Marais Viljoen,Ligbron,2026-07-25,2026,53,15,migrated,
2353,https://rugbyignite.co.za/fixture/2026/marais-viljoen-vs-ben-vorster/,Marais Viljoen,Ben Vorster,2026-08-01,2026,27,14,migrated,
2355,https://rugbyignite.co.za/fixture/2026/middelburg-high-school-vs-transvalia/,Middelburg High School,Hoërskool Transvalia,2026-03-14,2026,21,17,migrated,
2356,https://rugbyignite.co.za/fixture/2026/middelburg-high-school-vs-menlopark/,Middelburg High School,Hoërskool Menlopark,2026-05-02,2026,26,25,migrated,
2357,https://rugbyignite.co.za/fixture/2026/middelburg-high-school-vs-rustenburg/,Middelburg High School,Hoërskool Rustenburg,2026-05-16,2026,48,41,migrated,
2358,https://rugbyignite.co.za/fixture/2026/middelburg-high-school-vs-monument/,Middelburg High School,Hoërskool Monument,2026-07-25,2026,42,68,migrated,
2359,https://rugbyignite.co.za/fixture/2026/middelburg-high-school-vs-garsfontein/,Middelburg High School,Garsfontein,2026-08-01,2026,7,45,migrated,
2360,https://rugbyignite.co.za/fixture/2026/oos-moot-vs-middelburg-high-school/,Hoërskool Oos-Moot,Middelburg High School,2026-03-21,2026,21,20,migrated,
2361,https://rugbyignite.co.za/fixture/2026/oos-moot-vs-wesvalia/,Hoërskool Oos-Moot,Wesvalia,2026-05-16,2026,27,20,migrated,
2362,https://rugbyignite.co.za/fixture/2026/oos-moot-vs-transvalia/,Hoërskool Oos-Moot,Hoërskool Transvalia,2026-05-23,2026,28,21,migrated,
2363,https://rugbyignite.co.za/fixture/2026/oos-moot-vs-montana/,Hoërskool Oos-Moot,Montana,2026-05-30,2026,29,46,migrated,
2364,https://rugbyignite.co.za/fixture/2026/oos-moot-vs-klerksdorp/,Hoërskool Oos-Moot,Klerksdorp Hoërskool,2026-08-08,2026,49,34,migrated,
2365,https://rugbyignite.co.za/fixture/2026/wesvalia-vs-montana-2/,Wesvalia,Montana,2026-04-25,2026,6,3,migrated,
2366,https://rugbyignite.co.za/fixture/2026/wesvalia-vs-zwartkop/,Wesvalia,Zwartkop,2026-05-23,2026,17,62,migrated,
2367,https://rugbyignite.co.za/fixture/2026/wesvalia-vs-nelspruit/,Wesvalia,Hoërskool Nelspruit,2026-06-06,2026,15,28,migrated,
2368,https://rugbyignite.co.za/fixture/2026/wesvalia-vs-klerksdorp/,Wesvalia,Klerksdorp Hoërskool,2026-06-13,2026,23,22,migrated,
2369,https://rugbyignite.co.za/fixture/2026/zwartkop-vs-transvalia/,Zwartkop,Hoërskool Transvalia,2026-05-09,2026,54,19,migrated,
2370,https://rugbyignite.co.za/fixture/2026/zwartkop-vs-oos-moot/,Zwartkop,Hoërskool Oos-Moot,2026-06-06,2026,42,18,migrated,
2371,https://rugbyignite.co.za/fixture/2026/zwartkop-vs-nelspruit/,Zwartkop,Hoërskool Nelspruit,2026-07-25,2026,49,23,migrated,
2372,https://rugbyignite.co.za/fixture/2026/ben-vorster-vs-eldoraigne/,Ben Vorster,Hoërskool Eldoraigne,2026-03-21,2026,47,22,migrated,
2373,https://rugbyignite.co.za/fixture/2026/ben-vorster-vs-lichtenburg/,Ben Vorster,Lichtenburg,2026-05-16,2026,38,17,migrated,
2374,https://rugbyignite.co.za/fixture/2026/ben-vorster-vs-eldoraigne-2/,Ben Vorster,Hoërskool Eldoraigne,2026-05-23,2026,69,7,migrated,
2375,https://rugbyignite.co.za/fixture/2026/ben-vorster-vs-piet-retief/,Ben Vorster,Hoërskool Piet Retief,2026-05-30,2026,48,22,migrated,
2377,https://rugbyignite.co.za/fixture/2026/heidelberg-vs-pietersburg/,Heidelberg,Pietersburg Hoërskool,2026-05-16,2026,27,22,migrated,
2378,https://rugbyignite.co.za/fixture/2026/heidelberg-vs-marais-viljoen/,Heidelberg,Marais Viljoen,2026-05-23,2026,34,19,migrated,
2379,https://rugbyignite.co.za/fixture/2026/heidelberg-vs-lichtenburg/,Heidelberg,Lichtenburg,2026-05-30,2026,44,22,migrated,
2380,https://rugbyignite.co.za/fixture/2026/heidelberg-vs-ligbron/,Heidelberg,Ligbron,2026-08-15,2026,49,12,migrated,
2381,https://rugbyignite.co.za/fixture/2026/lichtenburg-vs-klerksdorp/,Lichtenburg,Klerksdorp Hoërskool,2026-05-09,2026,23,38,migrated,
2382,https://rugbyignite.co.za/fixture/2026/lichtenburg-vs-piet-retief/,Lichtenburg,Hoërskool Piet Retief,2026-05-23,2026,27,36,migrated,
2383,https://rugbyignite.co.za/fixture/2026/lichtenburg-vs-ligbron/,Lichtenburg,Ligbron,2026-06-06,2026,31,26,migrated,
2384,https://rugbyignite.co.za/fixture/2026/lichtenburg-vs-secunda/,Lichtenburg,Secunda,2026-08-01,2026,27,18,migrated,
2385,https://rugbyignite.co.za/fixture/2026/lichtenburg-vs-eldoraigne/,Lichtenburg,Hoërskool Eldoraigne,2026-08-08,2026,39,35,migrated,
2386,https://rugbyignite.co.za/fixture/2026/montana-vs-nelspruit/,Montana,Hoërskool Nelspruit,2026-05-09,2026,31,37,migrated,
2387,https://rugbyignite.co.za/fixture/2026/montana-vs-kempton-park/,Montana,Hoërskool Kempton Park,2026-05-23,2026,36,50,migrated,
2389,https://rugbyignite.co.za/fixture/2026/montana-vs-zwartkop/,Montana,Zwartkop,2026-08-08,2026,12,29,migrated,
2390,https://rugbyignite.co.za/fixture/2026/piet-retief-vs-waterkloof/,Hoërskool Piet Retief,Hoërskool Waterkloof,2026-03-21,2026,14,90,migrated,
2391,https://rugbyignite.co.za/fixture/2026/piet-retief-vs-heidelberg/,Hoërskool Piet Retief,Heidelberg,2026-05-09,2026,34,12,migrated,
2392,https://rugbyignite.co.za/fixture/2026/piet-retief-vs-marais-viljoen/,Hoërskool Piet Retief,Marais Viljoen,2026-06-06,2026,35,34,migrated,
2393,https://rugbyignite.co.za/fixture/2026/piet-retief-vs-eldoraigne/,Hoërskool Piet Retief,Hoërskool Eldoraigne,2026-07-25,2026,41,7,migrated,
2395,https://rugbyignite.co.za/fixture/2026/pietersburg-vs-middelburg-high-school/,Pietersburg Hoërskool,Middelburg High School,2026-04-04,2026,27,14,migrated,St Stithians Easter Rugby Festival 2026
2396,https://rugbyignite.co.za/fixture/2026/pietersburg-vs-ben-vorster/,Pietersburg Hoërskool,Ben Vorster,2026-06-06,2026,39,14,migrated,
2397,https://rugbyignite.co.za/fixture/2026/pietersburg-vs-lichtenburg/,Pietersburg Hoërskool,Lichtenburg,2026-07-25,2026,47,29,migrated,
2398,https://rugbyignite.co.za/fixture/2026/pietersburg-vs-piet-retief/,Pietersburg Hoërskool,Hoërskool Piet Retief,2026-08-15,2026,40,22,migrated,
2399,https://rugbyignite.co.za/fixture/2026/secunda-vs-ligbron/,Secunda,Ligbron,2026-05-23,2026,22,23,migrated,
2400,https://rugbyignite.co.za/fixture/2026/secunda-vs-pietersburg/,Secunda,Pietersburg Hoërskool,2026-05-30,2026,5,26,migrated,
2401,https://rugbyignite.co.za/fixture/2026/secunda-vs-heidelberg/,Secunda,Heidelberg,2026-07-25,2026,11,33,migrated,
2403,https://rugbyignite.co.za/fixture/2026/eldoraigne-vs-menlopark/,Hoërskool Eldoraigne,Hoërskool Menlopark,2026-03-11,2026,6,55,migrated,
2404,https://rugbyignite.co.za/fixture/2026/eldoraigne-vs-secunda/,Hoërskool Eldoraigne,Secunda,2026-05-09,2026,20,32,migrated,
2405,https://rugbyignite.co.za/fixture/2026/eldoraigne-vs-zwartkop/,Hoërskool Eldoraigne,Zwartkop,2026-05-16,2026,3,86,migrated,
2406,https://rugbyignite.co.za/fixture/2026/eldoraigne-vs-marais-viljoen/,Hoërskool Eldoraigne,Marais Viljoen,2026-05-30,2026,27,39,migrated,
2407,https://rugbyignite.co.za/fixture/2026/eldoraigne-vs-heidelberg/,Hoërskool Eldoraigne,Heidelberg,2026-06-06,2026,40,57,migrated,
2408,https://rugbyignite.co.za/fixture/2026/eldoraigne-vs-pietersburg/,Hoërskool Eldoraigne,Pietersburg Hoërskool,2026-08-01,2026,19,57,migrated,
2436,https://rugbyignite.co.za/fixture/2026/welkom-gim-vs-fichardtpark/,Welkom Gimnasium,Hoërskool Fichardtpark,2026-02-28,2026,7,10,migrated,
2438,https://rugbyignite.co.za/fixture/2026/lichtenburg-vs-sentraal/,Lichtenburg,Hoerskool Sentraal,2026-02-28,2026,43,54,migrated,
2439,https://rugbyignite.co.za/fixture/2026/hts-middelburg-vs-ligbron-2/,HTS Middelburg,Ligbron,2026-02-28,2026,29,26,migrated,
2464,https://rugbyignite.co.za/fixture/2026/hudson-park-vs-brandwag/,Hudson Park High School,Hoërskool Brandwag,2026-03-07,2026,17,12,migrated,
2465,https://rugbyignite.co.za/fixture/2026/sentraal-vs-wesvalia/,Hoerskool Sentraal,Wesvalia,2026-03-07,2026,12,17,migrated,
2476,https://rugbyignite.co.za/fixture/2026/zwartkop-vs-st-albans/,Zwartkop,St Alban’s College,2026-03-07,2026,29,22,migrated,
2477,https://rugbyignite.co.za/fixture/2026/hts-middelburg-vs-ligbron-3/,HTS Middelburg,Ligbron,2026-03-07,2026,29,26,migrated,
2478,https://rugbyignite.co.za/fixture/2026/marais-viljoen-vs-lichtenburg-3/,Marais Viljoen,Lichtenburg,2026-03-07,2026,28,13,migrated,
2479,https://rugbyignite.co.za/fixture/2026/hilton-vs-middelburg-high-school/,Hilton College,Middelburg High School,2026-03-07,2026,49,10,migrated,
2494,https://rugbyignite.co.za/fixture/2026/paul-roos-vs-drostdy/,Paul Roos Gimnasium,Drostdy,2026-03-13,2026,24,7,migrated,
2495,https://rugbyignite.co.za/fixture/2026/waterkloof-vs-affies/,Hoërskool Waterkloof,Afrikaanse Hoër Seunskool,2026-03-14,2026,20,34,migrated,
2497,https://rugbyignite.co.za/fixture/2026/monument-vs-welkom-gim/,Hoërskool Monument,Welkom Gimnasium,2026-03-14,2026,87,22,migrated,
2498,https://rugbyignite.co.za/fixture/2026/durbanville-vs-boland-landbou/,Hoerskool Durbanville,Boland Landbou,2026-03-14,2026,24,13,migrated,
2501,https://rugbyignite.co.za/fixture/2026/wynberg-vs-strand/,Wynberg Boys' High School,Strand High School,2026-03-14,2026,24,3,migrated,
2502,https://rugbyignite.co.za/fixture/2026/hermanus-vs-parel-vallei/,Hermanus High School,Parel Vallei High School,2026-03-14,2026,17,34,migrated,
2504,https://rugbyignite.co.za/fixture/2026/dale-vs-hudson-park/,Dale College,Hudson Park High School,2026-03-14,2026,15,3,migrated,
2505,https://rugbyignite.co.za/fixture/2026/hugenote-vs-die-anker/,Hoërskool Hugenote,Die Anker,2026-03-14,2026,19,12,migrated,
2506,https://rugbyignite.co.za/fixture/2026/jeugland-vs-montana/,Jeugland,Montana,2026-03-14,2026,0,38,migrated,
2507,https://rugbyignite.co.za/fixture/2026/wesvalia-vs-lichtenburg/,Wesvalia,Lichtenburg,2026-03-14,2026,15,0,migrated,
2508,https://rugbyignite.co.za/fixture/2026/kempton-park-vs-secunda/,Hoërskool Kempton Park,Secunda,2026-03-14,2026,59,10,migrated,
2510,https://rugbyignite.co.za/fixture/2026/noordheuwel-vs-rustenburg/,Hoërskool Noordheuwel,Hoërskool Rustenburg,2026-03-14,2026,34,24,migrated,
2514,https://rugbyignite.co.za/fixture/2026/swartland-vs-bellville-high-school/,Swartland High School,Bellville High School,2026-03-14,2026,22,17,migrated,
2515,https://rugbyignite.co.za/fixture/2026/parel-vallei-vs-bellville-high-school/,Parel Vallei High School,Bellville High School,2026-03-04,2026,41,3,migrated,
2547,https://rugbyignite.co.za/fixture/2026/menlopark-vs-st-albans/,Hoërskool Menlopark,St Alban’s College,2026-03-21,2026,55,20,migrated,
2548,https://rugbyignite.co.za/fixture/2026/nelspruit-vs-kempton-park/,Hoërskool Nelspruit,Hoërskool Kempton Park,2026-03-21,2026,25,15,migrated,
2549,https://rugbyignite.co.za/fixture/2026/pearson-high-school-vs-st-andrews/,Pearson High School,St Andrew's College,2026-03-21,2026,22,17,migrated,
2550,https://rugbyignite.co.za/fixture/2026/nico-malan-vs-queens-college/,Nico Malan High School,Queen's College,2026-03-20,2026,26,19,migrated,
2551,https://rugbyignite.co.za/fixture/2026/grey-high-school-vs-hudson-park/,Grey High School,Hudson Park High School,2026-03-20,2026,33,12,migrated,
2552,https://rugbyignite.co.za/fixture/2026/framesby-vs-selborne/,Framesby,Selborne College,2026-03-21,2026,24,12,migrated,
2553,https://rugbyignite.co.za/fixture/2026/graeme-college-vs-marlow/,Graeme College,Hoër Landbouskool Marlow,2026-03-21,2026,42,28,migrated,
2555,https://rugbyignite.co.za/fixture/2026/dale-vs-brandwag/,Dale College,Hoërskool Brandwag,2026-03-21,2026,27,24,migrated,
2557,https://rugbyignite.co.za/fixture/2026/wynberg-vs-drostdy/,Wynberg Boys' High School,Drostdy,2026-03-21,2026,14,35,migrated,
2558,https://rugbyignite.co.za/fixture/2026/die-anker-vs-zwartkop/,Die Anker,Zwartkop,2026-03-21,2026,0,52,migrated,
2560,https://rugbyignite.co.za/fixture/2026/bergsig-vs-jeugland/,Bergsig,Jeugland,2026-03-21,2026,45,19,migrated,
2561,https://rugbyignite.co.za/fixture/2026/marais-viljoen-vs-wesvalia-2/,Marais Viljoen,Wesvalia,2026-03-21,2026,9,36,migrated,
2562,https://rugbyignite.co.za/fixture/2026/noordheuwel-vs-garsfontein-2/,Hoërskool Noordheuwel,Garsfontein,2026-03-21,2026,3,41,migrated,
2565,https://rugbyignite.co.za/fixture/2026/dhs-vs-zwartkop/,Durban High School,Zwartkop,2026-04-02,2026,31,14,migrated,Kearsney Easter Rugby Festival 2026
2566,https://rugbyignite.co.za/fixture/2026/zwartkop-vs-eg-jansen/,Zwartkop,EG Jansen,2026-04-04,2026,41,32,migrated,Kearsney Easter Rugby Festival 2026
2567,https://rugbyignite.co.za/fixture/2026/kearsney-vs-zwartkop/,Kearsney College,Zwartkop,2026-04-06,2026,22,19,migrated,Kearsney Easter Rugby Festival 2026
2569,https://rugbyignite.co.za/fixture/2026/hts-middelburg-vs-zwartkop/,HTS Middelburg,Zwartkop,2026-08-01,2026,14,50,migrated,
2577,https://rugbyignite.co.za/fixture/2026/sentraal-vs-goudveld/,Hoerskool Sentraal,Goudveld Hoërskool,2026-03-24,2026,53,12,migrated,
2578,https://rugbyignite.co.za/fixture/2026/rondebosch-vs-tygerberg/,Rondebosch Boys High School,Tygerberg High School,2026-03-24,2026,72,14,migrated,
2579,https://rugbyignite.co.za/fixture/2026/zwartkop-vs-hugenote/,Zwartkop,Hoërskool Hugenote,2026-03-25,2026,36,10,migrated,
2580,https://rugbyignite.co.za/fixture/2026/bergsig-vs-montana/,Bergsig,Montana,2026-03-25,2026,0,12,migrated,
2610,https://rugbyignite.co.za/fixture/2026/grey-high-school-vs-parktown/,Grey High School,Parktown Boys High School,2026-04-04,2026,40,18,migrated,
2611,https://rugbyignite.co.za/fixture/2026/rondebosch-vs-selborne/,Rondebosch Boys High School,Selborne College,2026-04-04,2026,57,17,migrated,
2613,https://rugbyignite.co.za/fixture/2026/affies-vs-michaelhouse/,Afrikaanse Hoër Seunskool,Michaelhouse,2026-04-04,2026,27,29,migrated,
2615,https://rugbyignite.co.za/fixture/2026/jeppe-vs-maritzburg-college/,Jeppe High School For Boys,Maritzburg College,2026-04-04,2026,12,35,migrated,
2616,https://rugbyignite.co.za/fixture/2026/pretoria-boys-vs-sacs/,Pretoria Boys High School,SACS,2026-04-04,2026,35,34,migrated,
2617,https://rugbyignite.co.za/fixture/2026/selborne-vs-parktown/,Selborne College,Parktown Boys High School,2026-04-06,2026,26,5,migrated,
2618,https://rugbyignite.co.za/fixture/2026/maritzburg-college-vs-sacs/,Maritzburg College,SACS,2026-04-06,2026,24,7,migrated,
2619,https://rugbyignite.co.za/fixture/2026/affies-vs-grey-high-school/,Afrikaanse Hoër Seunskool,Grey High School,2026-04-06,2026,19,66,migrated,
2620,https://rugbyignite.co.za/fixture/2026/jeppe-vs-michaelhouse/,Jeppe High School For Boys,Michaelhouse,2026-04-06,2026,36,40,migrated,
2621,https://rugbyignite.co.za/fixture/2026/pretoria-boys-vs-rondebosch/,Pretoria Boys High School,Rondebosch Boys High School,2026-04-06,2026,20,43,migrated,
2628,https://rugbyignite.co.za/fixture/2026/westville-vs-framesby/,Westville Boys' High School,Framesby,2026-04-02,2026,83,0,migrated,Kearsney Easter Rugby Festival 2026
2630,https://rugbyignite.co.za/fixture/2026/hilton-vs-nelspruit/,Hilton College,Hoërskool Nelspruit,2026-04-02,2026,65,14,migrated,St John's Easter Rugby Festival 2026
2632,https://rugbyignite.co.za/fixture/2026/graeme-college-vs-bishops/,Graeme College,Bishops,2026-04-04,2026,39,26,migrated,St John's Easter Rugby Festival 2026
2634,https://rugbyignite.co.za/fixture/2026/kearsney-vs-transvalia/,Kearsney College,Hoërskool Transvalia,2026-04-04,2026,33,13,migrated,Kearsney Easter Rugby Festival 2026
2635,https://rugbyignite.co.za/fixture/2026/dhs-vs-helpmekaar/,Durban High School,Helpmekaar,2026-04-06,2026,39,27,migrated,Kearsney Easter Rugby Festival 2026
2637,https://rugbyignite.co.za/fixture/2026/st-johns-vs-bishops/,St John’s College,Bishops,2026-04-02,2026,24,7,migrated,St John's Easter Rugby Festival 2026
2638,https://rugbyignite.co.za/fixture/2026/st-benedicts-vs-graeme-college-2/,St Benedict’s College,Graeme College,2026-04-02,2026,5,57,migrated,St John's Easter Rugby Festival 2026
2640,https://rugbyignite.co.za/fixture/2026/st-charles-vs-kempton-park/,St Charles College,Hoërskool Kempton Park,2026-04-04,2026,24,17,migrated,St Stithians Easter Rugby Festival 2026
2644,https://rugbyignite.co.za/fixture/2026/garsfontein-vs-kempton-park/,Garsfontein,Hoërskool Kempton Park,2026-04-06,2026,17,38,migrated,St Stithians Easter Rugby Festival 2026
2645,https://rugbyignite.co.za/fixture/2026/st-stithians-vs-wynberg/,St Stithians College,Wynberg Boys' High School,2026-04-04,2026,12,28,migrated,St Stithians Easter Rugby Festival 2026
2647,https://rugbyignite.co.za/fixture/2026/nelspruit-vs-st-albans-2/,Hoërskool Nelspruit,St Alban’s College,2026-04-04,2026,24,21,migrated,St John's Easter Rugby Festival 2026
2648,https://rugbyignite.co.za/fixture/2026/monument-vs-kingswood/,Hoërskool Monument,Kingswood College,2026-04-04,2026,43,27,migrated,St John's Easter Rugby Festival 2026
2649,https://rugbyignite.co.za/fixture/2026/bergsig-vs-secunda/,Bergsig,Secunda,2026-04-01,2026,21,12,migrated,
2654,https://rugbyignite.co.za/fixture/2026/bellville-high-school-vs-dinamika/,Bellville High School,Dinamika,2026-03-30,2026,0,7,migrated,
2655,https://rugbyignite.co.za/fixture/2026/drostdy-vs-hermanus/,Drostdy,Hermanus High School,2026-04-11,2026,73,15,migrated,
2656,https://rugbyignite.co.za/fixture/2026/waterkloof-vs-nelspruit/,Hoërskool Waterkloof,Hoërskool Nelspruit,2026-04-11,2026,71,32,migrated,
2657,https://rugbyignite.co.za/fixture/2026/menlopark-vs-oos-moot/,Hoërskool Menlopark,Hoërskool Oos-Moot,2026-04-11,2026,64,12,migrated,
2658,https://rugbyignite.co.za/fixture/2026/zwartkop-vs-marais-viljoen-2/,Zwartkop,Marais Viljoen,2026-04-11,2026,38,12,migrated,
2660,https://rugbyignite.co.za/fixture/2026/eg-jansen-vs-hts-middelburg/,EG Jansen,HTS Middelburg,2026-04-11,2026,31,46,migrated,
2661,https://rugbyignite.co.za/fixture/2026/middelburg-high-school-vs-ben-vorster/,Middelburg High School,Ben Vorster,2026-04-11,2026,40,40,migrated,
2662,https://rugbyignite.co.za/fixture/2026/kempton-park-vs-piet-retief/,Hoërskool Kempton Park,Hoërskool Piet Retief,2026-04-11,2026,34,31,migrated,
2663,https://rugbyignite.co.za/fixture/2026/transvalia-vs-eldoraigne/,Hoërskool Transvalia,Hoërskool Eldoraigne,2026-04-11,2026,38,31,migrated,
2671,https://rugbyignite.co.za/fixture/2026/rustenburg-vs-potch-gim/,Hoërskool Rustenburg,Potchefstroom Gimnasium,2026-04-11,2026,56,5,migrated,
2673,https://rugbyignite.co.za/fixture/2026/swartland-vs-worcester-gim/,Swartland High School,Worcester Gymnasium,2026-04-11,2026,31,15,migrated,
2680,https://rugbyignite.co.za/fixture/2026/lichtenburg-vs-die-anker/,Lichtenburg,Die Anker,2026-04-11,2026,25,14,migrated,
2683,https://rugbyignite.co.za/fixture/2026/waterkloof-vs-menlopark/,Hoërskool Waterkloof,Hoërskool Menlopark,2026-04-18,2026,14,7,migrated,
2684,https://rugbyignite.co.za/fixture/2026/eg-jansen-vs-ben-vorster-2/,EG Jansen,Ben Vorster,2026-04-18,2026,38,25,migrated,
2685,https://rugbyignite.co.za/fixture/2026/hts-middelburg-vs-middelburg-high-school-2/,HTS Middelburg,Middelburg High School,2026-04-18,2026,15,12,migrated,
2686,https://rugbyignite.co.za/fixture/2026/oos-moot-vs-nelspruit-2/,Hoërskool Oos-Moot,Hoërskool Nelspruit,2026-04-18,2026,31,14,migrated,
2687,https://rugbyignite.co.za/fixture/2026/piet-retief-vs-eldoraigne-2/,Hoërskool Piet Retief,Hoërskool Eldoraigne,2026-04-18,2026,42,10,migrated,
2688,https://rugbyignite.co.za/fixture/2026/transvalia-vs-kempton-park/,Hoërskool Transvalia,Hoërskool Kempton Park,2026-04-18,2026,21,13,migrated,
2690,https://rugbyignite.co.za/fixture/2026/nico-malan-vs-framesby/,Nico Malan High School,Framesby,2026-04-18,2026,35,34,migrated,
2692,https://rugbyignite.co.za/fixture/2026/sentraal-vs-fichardtpark/,Hoerskool Sentraal,Hoërskool Fichardtpark,2026-04-18,2026,38,31,migrated,
2699,https://rugbyignite.co.za/fixture/2026/nico-malan-vs-eg-jansen/,Nico Malan High School,EG Jansen,2026-04-24,2026,31,24,migrated,Wildeklawer 2026
2701,https://rugbyignite.co.za/fixture/2026/waterkloof-vs-durbanville/,Hoërskool Waterkloof,Hoerskool Durbanville,2026-04-25,2026,22,21,migrated,Wildeklawer 2026
2703,https://rugbyignite.co.za/fixture/2026/westville-vs-oakdale/,Westville Boys' High School,Hoer Landbouschool Oakdale,2026-04-25,2026,24,40,migrated,Wildeklawer 2026
2705,https://rugbyignite.co.za/fixture/2026/waterkloof-vs-westville/,Hoërskool Waterkloof,Westville Boys' High School,2026-04-27,2026,31,28,migrated,Wildeklawer 2026
2706,https://rugbyignite.co.za/fixture/2026/rustenburg-vs-marlow/,Hoërskool Rustenburg,Hoër Landbouskool Marlow,2026-04-27,2026,38,22,migrated,Wildeklawer 2026
2707,https://rugbyignite.co.za/fixture/2026/eg-jansen-vs-durbanville/,EG Jansen,Hoerskool Durbanville,2026-04-27,2026,28,36,migrated,Wildeklawer 2026
2708,https://rugbyignite.co.za/fixture/2026/nico-malan-vs-monument/,Nico Malan High School,Hoërskool Monument,2026-04-27,2026,15,52,migrated,Wildeklawer 2026
2709,https://rugbyignite.co.za/fixture/2026/zwartkop-vs-klerksdorp/,Zwartkop,Klerksdorp Hoërskool,2026-04-25,2026,18,12,migrated,
2710,https://rugbyignite.co.za/fixture/2026/menlopark-vs-tygerberg/,Hoërskool Menlopark,Tygerberg High School,2026-04-24,2026,64,12,migrated,
2711,https://rugbyignite.co.za/fixture/2026/randburg-vs-ligbron/,Hoërskool Randburg,Ligbron,2026-04-25,2026,14,33,migrated,
2712,https://rugbyignite.co.za/fixture/2026/marais-viljoen-vs-merensky-landbou-akademie/,Marais Viljoen,Merensky Landbou Akademie,2026-04-25,2026,23,22,migrated,
2714,https://rugbyignite.co.za/fixture/2026/ben-vorster-vs-dinamika/,Ben Vorster,Dinamika,2026-04-25,2026,56,17,migrated,
2715,https://rugbyignite.co.za/fixture/2026/fichardtpark-vs-pietersburg/,Hoërskool Fichardtpark,Pietersburg Hoërskool,2026-04-25,2026,12,47,migrated,
2718,https://rugbyignite.co.za/fixture/2026/pietersburg-vs-tygerberg/,Pietersburg Hoërskool,Tygerberg High School,2026-04-27,2026,47,12,migrated,
2719,https://rugbyignite.co.za/fixture/2026/heidelberg-vs-fichardtpark/,Heidelberg,Hoërskool Fichardtpark,2026-04-27,2026,5,8,migrated,
2720,https://rugbyignite.co.za/fixture/2026/ben-vorster-vs-randburg/,Ben Vorster,Hoërskool Randburg,2026-04-27,2026,50,12,migrated,
2721,https://rugbyignite.co.za/fixture/2026/marais-viljoen-vs-merensky-landbou-akademie-2/,Marais Viljoen,Merensky Landbou Akademie,2026-04-27,2026,20,22,migrated,
2769,https://rugbyignite.co.za/fixture/2024/daniel-pienaar-vs-muir-college-3/,Daniel Pienaar,Muir College,2024-03-02,2024,39,19,migrated,
2770,https://rugbyignite.co.za/fixture/2024/2770/,Daniel Pienaar,Graeme College,2024-03-09,2024,29,19,migrated,
2771,https://rugbyignite.co.za/fixture/2024/2771/,St Andrew's College,Nico Malan High School,2024-03-09,2024,24,21,migrated,
2773,https://rugbyignite.co.za/fixture/2024/2773/,Muir College,Grey High School,2024-04-06,2024,0,60,migrated,
2774,https://rugbyignite.co.za/fixture/2024/2774/,Pearson High School,Selborne College,2024-04-06,2024,25,29,migrated,
2776,https://rugbyignite.co.za/fixture/2024/2776/,Dale College,Grey High School,2024-04-13,2024,32,25,migrated,
2778,https://rugbyignite.co.za/fixture/2024/2778/,Selborne College,Queen's College,2024-04-13,2024,21,26,migrated,
2780,https://rugbyignite.co.za/fixture/2024/2780/,Framesby,Hoer Landbouschool Oakdale,2024-04-20,2024,33,50,migrated,
2781,https://rugbyignite.co.za/fixture/2024/2781/,Graeme College,Hudson Park High School,2024-04-20,2024,50,12,migrated,
2782,https://rugbyignite.co.za/fixture/2024/2782/,Pearson High School,Muir College,2024-04-20,2024,43,7,migrated,
2783,https://rugbyignite.co.za/fixture/2024/2783/,Queen's College,Dale College,2024-04-20,2024,29,15,migrated,
2784,https://rugbyignite.co.za/fixture/2024/2784/,Hudson Park High School,St Stithians College,2024-04-26,2024,18,12,migrated,
2785,https://rugbyignite.co.za/fixture/2024/2785/,Grey High School,Paul Roos Gimnasium,2024-04-27,2024,7,21,migrated,
2786,https://rugbyignite.co.za/fixture/2024/2786/,Nico Malan High School,Pearson High School,2024-04-27,2024,29,12,migrated,
2787,https://rugbyignite.co.za/fixture/2024/2787/,Selborne College,Grey College,2024-04-27,2024,7,36,migrated,
2788,https://rugbyignite.co.za/fixture/2024/2788/,St Andrew's College,Graeme College,2024-04-27,2024,17,15,migrated,
2789,https://rugbyignite.co.za/fixture/2024/2789/,Kingswood College,Pearson High School,2024-05-04,2024,32,11,migrated,
2790,https://rugbyignite.co.za/fixture/2024/2790/,Daniel Pienaar,Framesby,2024-05-11,2024,19,47,migrated,
2791,https://rugbyignite.co.za/fixture/2024/2791/,Grey High School,Queen's College,2024-05-11,2024,15,5,migrated,
2792,https://rugbyignite.co.za/fixture/2024/kingswood-vs-brandwag/,Kingswood College,Hoërskool Brandwag,2024-05-11,2024,33,0,migrated,
2794,https://rugbyignite.co.za/fixture/2024/2794/,Dale College,Selborne College,2024-05-18,2024,28,29,migrated,
2795,https://rugbyignite.co.za/fixture/2024/2795/,Daniel Pienaar,Pearson High School,2024-05-25,2024,14,38,migrated,
2796,https://rugbyignite.co.za/fixture/2024/framesby-vs-marlow/,Framesby,Hoër Landbouskool Marlow,2024-05-25,2024,52,12,migrated,
2797,https://rugbyignite.co.za/fixture/2024/2797/,Muir College,Kingswood College,2024-05-25,2024,21,54,migrated,
2798,https://rugbyignite.co.za/fixture/2024/2798/,Nico Malan High School,Graeme College,2024-05-25,2024,19,7,migrated,
2799,https://rugbyignite.co.za/fixture/2024/2799/,Queen's College,Hudson Park High School,2024-05-25,2024,25,27,migrated,
2800,https://rugbyignite.co.za/fixture/2024/2800/,St Andrew's College,Grey High School,2024-05-25,2024,28,29,migrated,
2801,https://rugbyignite.co.za/fixture/2024/2801/,Graeme College,Dale College,2024-06-01,2024,31,0,migrated,
2802,https://rugbyignite.co.za/fixture/2024/2802/,Queen's College,St Andrew's College,2024-06-08,2024,20,18,migrated,
2803,https://rugbyignite.co.za/fixture/2024/2803/,St Andrew's College,Kingswood College,2024-06-15,2024,22,22,migrated,
2804,https://rugbyignite.co.za/fixture/2024/2804/,Framesby,Grey High School,2024-07-13,2024,19,17,migrated,
2805,https://rugbyignite.co.za/fixture/2024/2805/,Graeme College,Pearson High School,2024-07-13,2024,14,17,migrated,
2806,https://rugbyignite.co.za/fixture/2024/2806/,Kingswood College,Nico Malan High School,2024-07-13,2024,27,15,migrated,
2807,https://rugbyignite.co.za/fixture/2024/2807/,Muir College,Hoërskool Brandwag,2024-07-13,2024,13,38,migrated,
2808,https://rugbyignite.co.za/fixture/2024/2808/,Selborne College,Hudson Park High School,2024-07-13,2024,29,23,migrated,
2809,https://rugbyignite.co.za/fixture/2024/2809/,St Andrew's College,Hoër Landbouskool Marlow,2024-07-13,2024,42,14,migrated,
2811,https://rugbyignite.co.za/fixture/2024/2811/,Graeme College,Kingswood College,2024-07-20,2024,17,37,migrated,
2812,https://rugbyignite.co.za/fixture/2024/2812/,Nico Malan High School,Daniel Pienaar,2024-07-20,2024,45,16,migrated,
2813,https://rugbyignite.co.za/fixture/2024/2813/,Pearson High School,Hoër Landbouskool Marlow,2024-07-20,2024,29,26,migrated,
2814,https://rugbyignite.co.za/fixture/2024/2814/,Queen's College,Selborne College,2024-07-20,2024,18,6,migrated,
2815,https://rugbyignite.co.za/fixture/2024/2815/,St Andrew's College,Dale College,2024-07-20,2024,26,25,migrated,
2817,https://rugbyignite.co.za/fixture/2024/2817/,Framesby,St Andrew's College,2024-07-27,2024,50,10,migrated,
2818,https://rugbyignite.co.za/fixture/2024/2818/,Queen's College,Graeme College,2024-07-27,2024,40,13,migrated,
2819,https://rugbyignite.co.za/fixture/2024/2819/,Selborne College,Dale College,2024-07-27,2024,70,5,migrated,
2821,https://rugbyignite.co.za/fixture/2024/2821/,Graeme College,Muir College,2024-08-03,2024,38,19,migrated,
2822,https://rugbyignite.co.za/fixture/2024/2822/,Grey High School,Selborne College,2024-08-03,2024,48,27,migrated,
2823,https://rugbyignite.co.za/fixture/2024/2823/,Hudson Park High School,Dale College,2024-08-03,2024,24,17,migrated,
2826,https://rugbyignite.co.za/fixture/2024/2826/,Framesby,Nico Malan High School,2024-08-09,2024,8,14,migrated,
2827,https://rugbyignite.co.za/fixture/2024/2827/,Dale College,Queen's College,2024-08-10,2024,27,30,migrated,
2828,https://rugbyignite.co.za/fixture/2024/2828/,Muir College,Daniel Pienaar,2024-08-10,2024,26,29,migrated,
2835,https://rugbyignite.co.za/fixture/2026/grey-high-school-vs-glenwood/,Grey High School,Glenwood High School,2026-04-27,2026,34,12,migrated,Grey Rugby Festival 2026
2836,https://rugbyignite.co.za/fixture/2026/parel-vallei-vs-hudson-park/,Parel Vallei High School,Hudson Park High School,2026-04-27,2026,28,15,migrated,Grey Rugby Festival 2026
2842,https://rugbyignite.co.za/fixture/2026/oos-moot-vs-nelspruit-3/,Hoërskool Oos-Moot,Hoërskool Nelspruit,2026-04-25,2026,27,39,migrated,
2843,https://rugbyignite.co.za/fixture/2026/bergsig-vs-jim-fouche/,Bergsig,Hoerskool Jim Fouche,2026-04-25,2026,7,14,migrated,
2844,https://rugbyignite.co.za/fixture/2026/parktown-vs-kempton-park/,Parktown Boys High School,Hoërskool Kempton Park,2026-04-25,2026,0,23,migrated,
2845,https://rugbyignite.co.za/fixture/2026/ligbron-vs-dinamika/,Ligbron,Dinamika,2026-04-27,2026,59,29,migrated,
2846,https://rugbyignite.co.za/fixture/2026/heidelberg-vs-fichardtpark-2/,Heidelberg,Hoërskool Fichardtpark,2026-04-27,2026,5,8,migrated,
2847,https://rugbyignite.co.za/fixture/2024/brandwag-vs-marlow/,Hoërskool Brandwag,Hoër Landbouskool Marlow,2024-04-06,2024,10,34,migrated,
2848,https://rugbyignite.co.za/fixture/2024/brandwag-vs-muir-college/,Hoërskool Brandwag,Muir College,2024-04-13,2024,22,30,migrated,
2849,https://rugbyignite.co.za/fixture/2024/brandwag-vs-daniel-pienaar/,Hoërskool Brandwag,Daniel Pienaar,2024-04-20,2024,18,5,migrated,
2850,https://rugbyignite.co.za/fixture/2024/brandwag-vs-bergsig/,Hoërskool Brandwag,Bergsig,2024-07-20,2024,28,17,migrated,
2851,https://rugbyignite.co.za/fixture/2024/brandwag-vs-nico-malan/,Hoërskool Brandwag,Nico Malan High School,2024-07-27,2024,24,28,migrated,
2852,https://rugbyignite.co.za/fixture/2024/brandwag-vs-pearson-high-school/,Hoërskool Brandwag,Pearson High School,2024-08-09,2024,17,12,migrated,
2854,https://rugbyignite.co.za/fixture/2024/daniel-pienaar-vs-brandwag/,Daniel Pienaar,Hoërskool Brandwag,2024-08-03,2024,26,25,migrated,
2856,https://rugbyignite.co.za/fixture/2024/marlow-vs-hudson-park/,Hoër Landbouskool Marlow,Hudson Park High School,2024-04-13,2024,7,20,migrated,
2857,https://rugbyignite.co.za/fixture/2024/marlow-vs-nico-malan/,Hoër Landbouskool Marlow,Nico Malan High School,2024-05-11,2024,27,31,migrated,
2858,https://rugbyignite.co.za/fixture/2024/marlow-vs-framesby/,Hoër Landbouskool Marlow,Framesby,2024-08-28,2024,31,26,migrated,
2862,https://rugbyignite.co.za/fixture/2024/2862/,Grey College,Welkom Gimnasium,2024-03-02,2024,52,5,migrated,
2863,https://rugbyignite.co.za/fixture/2024/2863/,Grey College,Hoërskool Outeniqua,2024-04-13,2024,92,3,migrated,
2864,https://rugbyignite.co.za/fixture/2024/2864/,Grey College,Paarl Boys High,2024-05-11,2024,40,28,migrated,
2865,https://rugbyignite.co.za/fixture/2024/2865/,Grey College,Hoërskool Monument,2024-05-25,2024,87,19,migrated,
2866,https://rugbyignite.co.za/fixture/2024/2866/,Grey College,Grey High School,2024-07-20,2024,41,27,migrated,
2867,https://rugbyignite.co.za/fixture/2024/2867/,Welkom Gimnasium,Witteberg Hoerskool,2024-04-06,2024,34,3,migrated,
2868,https://rugbyignite.co.za/fixture/2024/2868/,Welkom Gimnasium,Goudveld Hoërskool,2024-05-18,2024,48,9,migrated,
2869,https://rugbyignite.co.za/fixture/2024/2869/,Welkom Gimnasium,Trio High School,2024-07-27,2024,35,7,migrated,
2870,https://rugbyignite.co.za/fixture/2024/2870/,Welkom Gimnasium,Bethlehem Voortrekker Hoerskool,2024-08-03,2024,28,36,migrated,
2871,https://rugbyignite.co.za/fixture/2024/2871/,Bethlehem Voortrekker Hoerskool,Hoërskool Fichardtpark,2024-03-16,2024,33,10,migrated,
2872,https://rugbyignite.co.za/fixture/2024/2872/,Bethlehem Voortrekker Hoerskool,Welkom Gimnasium,2024-04-27,2024,24,26,migrated,
2873,https://rugbyignite.co.za/fixture/2024/2873/,Bethlehem Voortrekker Hoerskool,Witteberg Hoerskool,2024-05-18,2024,23,25,migrated,
2874,https://rugbyignite.co.za/fixture/2024/2874/,Bethlehem Voortrekker Hoerskool,Hoerskool Jim Fouche,2024-07-20,2024,53,26,migrated,
2875,https://rugbyignite.co.za/fixture/2024/2875/,Bethlehem Voortrekker Hoerskool,Witteberg Hoerskool,2024-07-27,2024,37,3,migrated,
2876,https://rugbyignite.co.za/fixture/2024/2876/,Bethlehem Voortrekker Hoerskool,Welkom Gimnasium,2024-08-24,2024,27,19,migrated,
2877,https://rugbyignite.co.za/fixture/2024/2877/,Hoerskool Diamantveld,Bethlehem Voortrekker Hoerskool,2024-03-02,2024,18,6,migrated,
2878,https://rugbyignite.co.za/fixture/2024/2878/,Hoerskool Diamantveld,Afrikaanse Hoër Seunskool,2024-03-09,2024,10,33,migrated,
2879,https://rugbyignite.co.za/fixture/2024/2879/,Hoerskool Diamantveld,Hoerskool Jim Fouche,2024-04-20,2024,38,15,migrated,
2880,https://rugbyignite.co.za/fixture/2024/2880/,Hoerskool Diamantveld,Hoërskool Fichardtpark,2024-04-27,2024,41,12,migrated,
2881,https://rugbyignite.co.za/fixture/2024/2881/,Hoerskool Diamantveld,Goudveld Hoërskool,2024-07-13,2024,45,7,migrated,
2882,https://rugbyignite.co.za/fixture/2024/2882/,Goudveld Hoërskool,Hoërskool Fichardtpark,2024-03-12,2024,22,19,migrated,
2883,https://rugbyignite.co.za/fixture/2024/2883/,Goudveld Hoërskool,Hoerskool Jim Fouche,2024-03-16,2024,28,14,migrated,
2884,https://rugbyignite.co.za/fixture/2024/2884/,Goudveld Hoërskool,Bethlehem Voortrekker Hoerskool,2024-04-20,2024,13,19,migrated,
2885,https://rugbyignite.co.za/fixture/2024/2885/,Goudveld Hoërskool,Trio High School,2024-04-27,2024,5,21,migrated,
2886,https://rugbyignite.co.za/fixture/2024/2886/,Trio High School,Hoerskool Diamantveld,2024-03-16,2024,27,29,migrated,
2887,https://rugbyignite.co.za/fixture/2024/2887/,Trio High School,Bethlehem Voortrekker Hoerskool,2024-04-06,2024,15,38,migrated,
2888,https://rugbyignite.co.za/fixture/2024/2888/,Trio High School,Welkom Gimnasium,2024-05-11,2024,17,17,migrated,
2889,https://rugbyignite.co.za/fixture/2024/2889/,Trio High School,Hoerskool Sentraal,2024-07-17,2024,62,0,migrated,
2890,https://rugbyignite.co.za/fixture/2024/2890/,Witteberg Hoerskool,Kearsney College,2024-02-26,2024,5,17,migrated,
2891,https://rugbyignite.co.za/fixture/2024/2891/,Witteberg Hoerskool,Hoerskool Sentraal,2024-03-16,2024,51,8,migrated,
2892,https://rugbyignite.co.za/fixture/2024/2892/,Witteberg Hoerskool,Trio High School,2024-04-20,2024,17,20,migrated,
2893,https://rugbyignite.co.za/fixture/2024/2893/,Witteberg Hoerskool,Goudveld Hoërskool,2024-05-11,2024,52,0,migrated,
2894,https://rugbyignite.co.za/fixture/2024/2894/,Witteberg Hoerskool,Hoerskool Diamantveld,2024-07-20,2024,26,36,migrated,
2895,https://rugbyignite.co.za/fixture/2024/2895/,Hoërskool Fichardtpark,Hoerskool Jim Fouche,2024-04-06,2024,24,15,migrated,
2896,https://rugbyignite.co.za/fixture/2024/2896/,Hoërskool Fichardtpark,Hoerskool Sentraal,2024-04-20,2024,27,7,migrated,
2897,https://rugbyignite.co.za/fixture/2024/2897/,Hoërskool Fichardtpark,Witteberg Hoerskool,2024-07-13,2024,14,37,migrated,
2898,https://rugbyignite.co.za/fixture/2024/2898/,Hoërskool Fichardtpark,Trio High School,2024-07-20,2024,28,25,migrated,
2899,https://rugbyignite.co.za/fixture/2024/2899/,Hoërskool Fichardtpark,Hoerskool Jim Fouche,2024-07-27,2024,7,12,migrated,
2900,https://rugbyignite.co.za/fixture/2024/2900/,Hoerskool Jim Fouche,Witteberg Hoerskool,2024-03-12,2024,24,24,migrated,
2901,https://rugbyignite.co.za/fixture/2024/2901/,Hoerskool Jim Fouche,Trio High School,2024-07-13,2024,26,28,migrated,
2902,https://rugbyignite.co.za/fixture/2024/2902/,Hoerskool Sentraal,Hoerskool Jim Fouche,2024-05-11,2024,12,32,migrated,
2903,https://rugbyignite.co.za/fixture/2024/2903/,Hoerskool Sentraal,Bethlehem Voortrekker Hoerskool,2024-07-13,2024,12,59,migrated,
2904,https://rugbyignite.co.za/fixture/2024/2904/,Hoerskool Sentraal,Goudveld Hoërskool,2024-07-20,2024,12,34,migrated,
2905,https://rugbyignite.co.za/fixture/2024/dhs-vs-westville/,Durban High School,Westville Boys' High School,2024-04-06,2024,19,9,migrated,
2906,https://rugbyignite.co.za/fixture/2024/dhs-vs-michaelhouse/,Durban High School,Michaelhouse,2024-06-01,2024,23,10,migrated,
2907,https://rugbyignite.co.za/fixture/2024/dhs-vs-northwood/,Durban High School,Northwood School,2024-07-20,2024,18,11,migrated,
2908,https://rugbyignite.co.za/fixture/2024/dhs-vs-jeppe/,Durban High School,Jeppe High School For Boys,2024-08-02,2024,24,20,migrated,
2909,https://rugbyignite.co.za/fixture/2024/glenwood-vs-welkom-gim/,Glenwood High School,Welkom Gimnasium,2024-03-09,2024,21,26,migrated,
2910,https://rugbyignite.co.za/fixture/2024/glenwood-vs-maritzburg-college/,Glenwood High School,Maritzburg College,2024-04-06,2024,7,18,migrated,
2911,https://rugbyignite.co.za/fixture/2024/glenwood-vs-kearsney/,Glenwood High School,Kearsney College,2024-05-25,2024,22,25,migrated,
2912,https://rugbyignite.co.za/fixture/2024/glenwood-vs-st-charles/,Glenwood High School,St Charles College,2024-06-01,2024,19,32,migrated,
2913,https://rugbyignite.co.za/fixture/2024/glenwood-vs-rustenburg/,Glenwood High School,Hoërskool Rustenburg,2024-07-13,2024,24,27,migrated,
2914,https://rugbyignite.co.za/fixture/2024/glenwood-vs-northwood/,Glenwood High School,Northwood School,2024-07-27,2024,17,31,migrated,
2915,https://rugbyignite.co.za/fixture/2024/hilton-vs-northwood/,Hilton College,Northwood School,2024-03-16,2024,7,10,migrated,
2916,https://rugbyignite.co.za/fixture/2024/hilton-vs-kearsney/,Hilton College,Kearsney College,2024-04-20,2024,55,37,migrated,
2917,https://rugbyignite.co.za/fixture/2024/hilton-vs-st-charles/,Hilton College,St Charles College,2024-06-08,2024,42,34,migrated,
2918,https://rugbyignite.co.za/fixture/2024/kearsney-vs-maritzburg-college/,Kearsney College,Maritzburg College,2024-03-09,2024,16,14,migrated,
2919,https://rugbyignite.co.za/fixture/2024/kearsney-vs-dhs/,Kearsney College,Durban High School,2024-03-16,2024,0,23,migrated,
2920,https://rugbyignite.co.za/fixture/2024/kearsney-vs-northwood/,Kearsney College,Northwood School,2024-05-04,2024,24,34,migrated,
2921,https://rugbyignite.co.za/fixture/2024/kearsney-vs-westville/,Kearsney College,Westville Boys' High School,2024-05-11,2024,22,34,migrated,
2922,https://rugbyignite.co.za/fixture/2024/kearsney-vs-michaelhouse/,Kearsney College,Michaelhouse,2024-06-08,2024,19,15,migrated,
2923,https://rugbyignite.co.za/fixture/2024/maritzburg-college-vs-pretoria-boys/,Maritzburg College,Pretoria Boys High School,2024-04-13,2024,42,15,migrated,
2924,https://rugbyignite.co.za/fixture/2024/maritzburg-college-vs-dhs/,Maritzburg College,Durban High School,2024-04-20,2024,18,21,migrated,
2925,https://rugbyignite.co.za/fixture/2024/maritzburg-college-vs-michaelhouse-2/,Maritzburg College,Michaelhouse,2024-05-11,2024,24,17,migrated,
2926,https://rugbyignite.co.za/fixture/2024/maritzburg-college-vs-hilton/,Maritzburg College,Hilton College,2024-06-01,2024,26,20,migrated,
2927,https://rugbyignite.co.za/fixture/2024/maritzburg-college-vs-affies-2/,Maritzburg College,Afrikaanse Hoër Seunskool,2024-07-13,2024,37,39,migrated,
2928,https://rugbyignite.co.za/fixture/2024/maritzburg-college-vs-glenwood/,Maritzburg College,Glenwood High School,2024-08-03,2024,39,20,migrated,
2929,https://rugbyignite.co.za/fixture/2024/michaelhouse-vs-helpmekaar-2/,Michaelhouse,Helpmekaar,2024-05-09,2024,7,10,migrated,
2930,https://rugbyignite.co.za/fixture/2024/michaelhouse-vs-northwood/,Michaelhouse,Northwood School,2024-04-20,2024,24,22,migrated,
2931,https://rugbyignite.co.za/fixture/2024/michaelhouse-vs-pretoria-boys/,Michaelhouse,Pretoria Boys High School,2024-05-25,2024,34,27,migrated,
2932,https://rugbyignite.co.za/fixture/2024/michaelhouse-vs-hilton/,Michaelhouse,Hilton College,2024-06-15,2024,25,26,migrated,
2933,https://rugbyignite.co.za/fixture/2024/northwood-vs-dhs/,Northwood School,Durban High School,2024-04-13,2024,7,7,migrated,
2934,https://rugbyignite.co.za/fixture/2024/northwood-vs-jeppe/,Northwood School,Jeppe High School For Boys,2024-05-11,2024,8,40,migrated,
2935,https://rugbyignite.co.za/fixture/2024/northwood-vs-glenwood/,Northwood School,Glenwood High School,2024-05-18,2024,31,24,migrated,
2936,https://rugbyignite.co.za/fixture/2024/northwood-vs-maritzburg-college/,Northwood School,Maritzburg College,2024-05-25,2024,20,10,migrated,
2937,https://rugbyignite.co.za/fixture/2024/st-charles-vs-st-stithians/,St Charles College,St Stithians College,2024-05-25,2024,28,20,migrated,
2938,https://rugbyignite.co.za/fixture/2024/westville-vs-michaelhouse/,Westville Boys' High School,Michaelhouse,2024-05-16,2024,17,25,migrated,
2939,https://rugbyignite.co.za/fixture/2024/westville-vs-glenwood/,Westville Boys' High School,Glenwood High School,2024-04-20,2024,35,32,migrated,
2940,https://rugbyignite.co.za/fixture/2024/westville-vs-kes/,Westville Boys' High School,King Edward VII School,2024-05-18,2024,36,36,migrated,
2941,https://rugbyignite.co.za/fixture/2024/westville-vs-hilton/,Westville Boys' High School,Hilton College,2024-05-25,2024,40,26,migrated,
2942,https://rugbyignite.co.za/fixture/2024/westville-vs-northwood/,Westville Boys' High School,Northwood School,2024-06-01,2024,27,30,migrated,
2943,https://rugbyignite.co.za/fixture/2024/worcester-gim-vs-rustenburg/,Worcester Gymnasium,Hoërskool Rustenburg,2024-03-28,2024,26,25,migrated,Kearsney Easter Rugby Festival 2024
2944,https://rugbyignite.co.za/fixture/2024/marlow-vs-glenwood/,Hoër Landbouskool Marlow,Glenwood High School,2024-03-28,2024,6,14,migrated,Kearsney Easter Rugby Festival 2024
2945,https://rugbyignite.co.za/fixture/2024/dhs-vs-nico-malan/,Durban High School,Nico Malan High School,2024-03-28,2024,21,0,migrated,Kearsney Easter Rugby Festival 2024
2946,https://rugbyignite.co.za/fixture/2024/kearsney-vs-framesby/,Kearsney College,Framesby,2024-03-28,2024,17,18,migrated,Kearsney Easter Rugby Festival 2024
2947,https://rugbyignite.co.za/fixture/2024/westville-vs-rondebosch/,Westville Boys' High School,Rondebosch Boys High School,2024-03-28,2024,10,31,migrated,Kearsney Easter Rugby Festival 2024
2948,https://rugbyignite.co.za/fixture/2024/westville-vs-pearson-high-school/,Westville Boys' High School,Pearson High School,2024-03-30,2024,18,11,migrated,Kearsney Easter Rugby Festival 2024
2949,https://rugbyignite.co.za/fixture/2024/marlow-vs-worcester-gim/,Hoër Landbouskool Marlow,Worcester Gymnasium,2024-03-20,2024,37,38,migrated,Kearsney Easter Rugby Festival 2024
2950,https://rugbyignite.co.za/fixture/2024/dhs-vs-rustenburg/,Durban High School,Hoërskool Rustenburg,2024-03-30,2024,45,0,migrated,Kearsney Easter Rugby Festival 2024
2951,https://rugbyignite.co.za/fixture/2024/framesby-vs-monument/,Framesby,Hoërskool Monument,2024-03-30,2024,17,22,migrated,Kearsney Easter Rugby Festival 2024
2952,https://rugbyignite.co.za/fixture/2024/eg-jansen-vs-glenwood/,EG Jansen,Glenwood High School,2024-03-30,2024,20,8,migrated,Kearsney Easter Rugby Festival 2024
2953,https://rugbyignite.co.za/fixture/2024/kearsney-vs-rondebosch/,Kearsney College,Rondebosch Boys High School,2024-03-30,2024,8,22,migrated,Kearsney Easter Rugby Festival 2024
2954,https://rugbyignite.co.za/fixture/2024/rustenburg-vs-rondebosch/,Hoërskool Rustenburg,Rondebosch Boys High School,2024-04-01,2024,13,22,migrated,Kearsney Easter Rugby Festival 2024
2955,https://rugbyignite.co.za/fixture/2024/framesby-vs-worcester-gim/,Framesby,Worcester Gymnasium,2024-04-01,2024,36,34,migrated,Kearsney Easter Rugby Festival 2024
2956,https://rugbyignite.co.za/fixture/2024/glenwood-vs-nico-malan/,Glenwood High School,Nico Malan High School,2024-04-01,2024,12,19,migrated,Kearsney Easter Rugby Festival 2024
2957,https://rugbyignite.co.za/fixture/2024/dhs-vs-pearson-high-school/,Durban High School,Pearson High School,2024-04-01,2024,38,7,migrated,Kearsney Easter Rugby Festival 2024
2958,https://rugbyignite.co.za/fixture/2024/westville-vs-monument/,Westville Boys' High School,Hoërskool Monument,2024-04-01,2024,25,22,migrated,Kearsney Easter Rugby Festival 2024
2959,https://rugbyignite.co.za/fixture/2024/kearsney-vs-eg-jansen/,Kearsney College,EG Jansen,2024-04-01,2024,11,36,migrated,Kearsney Easter Rugby Festival 2024
2960,https://rugbyignite.co.za/fixture/2024/diamantveld-vs-marlow/,Hoerskool Diamantveld,Hoër Landbouskool Marlow,2024-05-01,2024,57,25,migrated,Wildeklawer 2024
2961,https://rugbyignite.co.za/fixture/2024/affies-vs-paarl-boys-high-2/,Afrikaanse Hoër Seunskool,Paarl Boys High,2024-05-01,2024,43,21,migrated,Wildeklawer 2024
2962,https://rugbyignite.co.za/fixture/2024/noordheuwel-vs-glenwood/,Hoërskool Noordheuwel,Glenwood High School,2024-05-02,2024,55,13,migrated,Wildeklawer 2024
2963,https://rugbyignite.co.za/fixture/2024/outeniqua-vs-waterkloof/,Hoërskool Outeniqua,Hoërskool Waterkloof,2024-05-02,2024,32,51,migrated,Wildeklawer 2024
2964,https://rugbyignite.co.za/fixture/2024/oakdale-vs-dhs/,Hoer Landbouschool Oakdale,Durban High School,2024-05-02,2024,14,33,migrated,Wildeklawer 2024
2965,https://rugbyignite.co.za/fixture/2024/paarl-gim-vs-eg-jansen/,Paarl Gimnasium,EG Jansen,2024-05-02,2024,36,33,migrated,Wildeklawer 2024
2966,https://rugbyignite.co.za/fixture/2024/drostdy-vs-welkom-gim/,Drostdy,Welkom Gimnasium,2024-05-02,2024,28,54,migrated,Wildeklawer 2024
2967,https://rugbyignite.co.za/fixture/2024/boland-landbou-vs-helpmekaar/,Boland Landbou,Helpmekaar,2024-05-02,2024,21,43,migrated,Wildeklawer 2024
2968,https://rugbyignite.co.za/fixture/2024/paul-roos-vs-monument-2/,Paul Roos Gimnasium,Hoërskool Monument,2024-05-02,2024,29,27,migrated,Wildeklawer 2024
2969,https://rugbyignite.co.za/fixture/2024/garsfontein-vs-stellenberg-2/,Garsfontein,Stellenberg High School,2024-05-02,2024,22,26,migrated,Wildeklawer 2024
2970,https://rugbyignite.co.za/fixture/2024/grey-college-vs-maritzburg-college/,Grey College,Maritzburg College,2024-05-02,2024,46,0,migrated,Wildeklawer 2024
2971,https://rugbyignite.co.za/fixture/2024/stellenberg-vs-eg-jansen/,Stellenberg High School,EG Jansen,2024-05-04,2024,17,19,migrated,Wildeklawer 2024
2972,https://rugbyignite.co.za/fixture/2024/affies-vs-oakdale-2/,Afrikaanse Hoër Seunskool,Hoer Landbouschool Oakdale,2024-05-04,2024,32,10,migrated,Wildeklawer 2024
2973,https://rugbyignite.co.za/fixture/2024/waterkloof-vs-marlow/,Hoërskool Waterkloof,Hoër Landbouskool Marlow,2024-05-04,2024,52,26,migrated,Wildeklawer 2024
2974,https://rugbyignite.co.za/fixture/2024/boland-landbou-vs-monument/,Boland Landbou,Hoërskool Monument,2024-05-04,2024,33,38,migrated,Wildeklawer 2024
2975,https://rugbyignite.co.za/fixture/2024/noordheuwel-vs-nico-malan/,Hoërskool Noordheuwel,Nico Malan High School,2024-05-04,2024,41,8,migrated,Wildeklawer 2024
2976,https://rugbyignite.co.za/fixture/2024/framesby-vs-welkom-gim/,Framesby,Welkom Gimnasium,2024-05-04,2024,24,35,migrated,Wildeklawer 2024
2977,https://rugbyignite.co.za/fixture/2024/paarl-boys-high-vs-dhs/,Paarl Boys High,Durban High School,2024-05-04,2024,15,13,migrated,Wildeklawer 2024
2978,https://rugbyignite.co.za/fixture/2024/glenwood-vs-drostdy/,Glenwood High School,Drostdy,2024-05-04,2024,12,32,migrated,Wildeklawer 2024
2979,https://rugbyignite.co.za/fixture/2024/paul-roos-vs-maritzburg-college/,Paul Roos Gimnasium,Maritzburg College,2024-05-04,2024,48,0,migrated,Wildeklawer 2024
2980,https://rugbyignite.co.za/fixture/2024/paarl-gim-vs-helpmekaar/,Paarl Gimnasium,Helpmekaar,2024-05-04,2024,31,10,migrated,Wildeklawer 2024
2981,https://rugbyignite.co.za/fixture/2024/grey-college-vs-garsfontein/,Grey College,Garsfontein,2024-05-04,2024,38,10,migrated,Wildeklawer 2024
2982,https://rugbyignite.co.za/fixture/2024/nelspruit-vs-drostdy/,Hoërskool Nelspruit,Drostdy,2024-03-22,2024,27,34,migrated,Noord-Suid 2024
2983,https://rugbyignite.co.za/fixture/2024/eg-jansen-vs-welkom-gim/,EG Jansen,Welkom Gimnasium,2024-03-22,2024,36,26,migrated,Noord-Suid 2024
2984,https://rugbyignite.co.za/fixture/2024/helpmekaar-vs-voortrekker/,Helpmekaar,Bethlehem Voortrekker Hoerskool,2024-03-22,2024,19,20,migrated,Noord-Suid 2024
2985,https://rugbyignite.co.za/fixture/2024/garsfontein-vs-oakdale/,Garsfontein,Hoer Landbouschool Oakdale,2024-03-22,2024,19,24,migrated,Noord-Suid 2024
2986,https://rugbyignite.co.za/fixture/2024/jeppe-vs-paarl-boys-high-2/,Jeppe High School For Boys,Paarl Boys High,2024-03-22,2024,19,45,migrated,Noord-Suid 2024
2987,https://rugbyignite.co.za/fixture/2024/kes-vs-grey-college/,King Edward VII School,Grey College,2024-03-22,2024,16,51,migrated,Noord-Suid 2024
2988,https://rugbyignite.co.za/fixture/2024/waterkloof-vs-durbanville-2/,Hoërskool Waterkloof,Hoerskool Durbanville,2024-03-23,2024,27,19,migrated,Noord-Suid 2024
2989,https://rugbyignite.co.za/fixture/2024/pretoria-boys-vs-outeniqua/,Pretoria Boys High School,Hoërskool Outeniqua,2024-03-23,2024,12,24,migrated,Noord-Suid 2024
2990,https://rugbyignite.co.za/fixture/2024/noordheuwel-vs-stellenberg/,Hoërskool Noordheuwel,Stellenberg High School,2024-03-23,2024,27,17,migrated,Noord-Suid 2024
2991,https://rugbyignite.co.za/fixture/2024/monument-vs-paarl-gim/,Hoërskool Monument,Paarl Gimnasium,2024-03-23,2024,21,38,migrated,Noord-Suid 2024
2993,https://rugbyignite.co.za/fixture/2024/affies-vs-paul-roos/,Afrikaanse Hoër Seunskool,Paul Roos Gimnasium,2024-03-23,2024,25,30,migrated,Noord-Suid 2024
2994,https://rugbyignite.co.za/fixture/2024/eg-jansen-vs-drostdy-3/,EG Jansen,Drostdy,2024-03-23,2024,44,15,migrated,Noord-Suid 2024
2995,https://rugbyignite.co.za/fixture/2024/nelspruit-vs-welkom-gim/,Hoërskool Nelspruit,Welkom Gimnasium,2024-03-23,2024,20,24,migrated,Noord-Suid 2024
2996,https://rugbyignite.co.za/fixture/2024/helpmekaar-vs-oakdale/,Helpmekaar,Hoer Landbouschool Oakdale,2024-03-25,2024,22,41,migrated,Noord-Suid 2024
2997,https://rugbyignite.co.za/fixture/2024/jeppe-vs-grey-college/,Jeppe High School For Boys,Grey College,2024-03-25,2024,22,19,migrated,Noord-Suid 2024
2998,https://rugbyignite.co.za/fixture/2024/garsfontein-vs-paarl-boys-high-2/,Garsfontein,Paarl Boys High,2024-03-25,2024,36,38,migrated,Noord-Suid 2024
2999,https://rugbyignite.co.za/fixture/2024/menlopark-vs-outeniqua/,Hoërskool Menlopark,Hoërskool Outeniqua,2024-03-26,2024,17,37,migrated,Noord-Suid 2024
3000,https://rugbyignite.co.za/fixture/2024/pretoria-boys-vs-paarl-gim/,Pretoria Boys High School,Paarl Gimnasium,2024-03-26,2024,10,66,migrated,Noord-Suid 2024
3001,https://rugbyignite.co.za/fixture/2024/waterkloof-vs-paul-roos/,Hoërskool Waterkloof,Paul Roos Gimnasium,2024-03-26,2024,24,47,migrated,Noord-Suid 2024
3002,https://rugbyignite.co.za/fixture/2024/monument-vs-durbanville/,Hoërskool Monument,Hoerskool Durbanville,2024-03-26,2024,48,21,migrated,Noord-Suid 2024
3003,https://rugbyignite.co.za/fixture/2024/affies-vs-stellenberg/,Afrikaanse Hoër Seunskool,Stellenberg High School,2024-03-26,2024,38,11,migrated,Noord-Suid 2024
3004,https://rugbyignite.co.za/fixture/2024/kingswood-vs-marlow/,Kingswood College,Hoër Landbouskool Marlow,2024-03-15,2024,29,14,migrated,
3005,https://rugbyignite.co.za/fixture/2024/dale-vs-nico-malan/,Dale College,Nico Malan High School,2024-03-15,2024,29,32,migrated,
3006,https://rugbyignite.co.za/fixture/2024/grey-high-school-vs-hudson-park-2/,Grey High School,Hudson Park High School,2024-03-15,2024,44,5,migrated,
3007,https://rugbyignite.co.za/fixture/2024/queens-college-vs-pearson-high-school/,Queen's College,Pearson High School,2024-03-16,2024,11,19,migrated,
3008,https://rugbyignite.co.za/fixture/2024/st-andrews-vs-brandwag/,St Andrew's College,Hoërskool Brandwag,2024-03-16,2024,34,19,migrated,
3009,https://rugbyignite.co.za/fixture/2024/graeme-college-vs-selborne/,Graeme College,Selborne College,2024-03-16,2024,7,14,migrated,
3010,https://rugbyignite.co.za/fixture/2024/hudson-park-vs-parktown/,Hudson Park High School,Parktown Boys High School,2024-03-30,2024,12,6,migrated,KES Easter Rugby Festival 2024
3011,https://rugbyignite.co.za/fixture/2024/northwood-vs-brandwag/,Northwood School,Hoërskool Brandwag,2024-03-30,2024,50,0,migrated,KES Easter Rugby Festival 2024
3012,https://rugbyignite.co.za/fixture/2024/ben-vorster-vs-eldoraigne-3/,Ben Vorster,Hoërskool Eldoraigne,2024-03-30,2024,12,17,migrated,
3013,https://rugbyignite.co.za/fixture/2024/pretoria-boys-vs-selborne/,Pretoria Boys High School,Selborne College,2024-03-20,2024,26,21,migrated,KES Easter Rugby Festival 2024
3014,https://rugbyignite.co.za/fixture/2024/queens-college-vs-jeppe/,Queen's College,Jeppe High School For Boys,2024-03-30,2024,6,47,migrated,KES Easter Rugby Festival 2024
3015,https://rugbyignite.co.za/fixture/2024/bishops-vs-dale/,Bishops,Dale College,2024-03-30,2024,47,24,migrated,KES Easter Rugby Festival 2024
3016,https://rugbyignite.co.za/fixture/2024/kes-vs-paarl-boys-high/,King Edward VII School,Paarl Boys High,2024-03-30,2024,7,22,migrated,KES Easter Rugby Festival 2024
3017,https://rugbyignite.co.za/fixture/2024/ben-vorster-vs-queens-college/,Ben Vorster,Queen's College,2024-04-01,2024,0,38,migrated,KES Easter Rugby Festival 2024
3018,https://rugbyignite.co.za/fixture/2024/paarl-boys-high-vs-pretoria-boys/,Paarl Boys High,Pretoria Boys High School,2024-04-01,2024,24,8,migrated,KES Easter Rugby Festival 2024
3019,https://rugbyignite.co.za/fixture/2024/northwood-vs-hudson-park/,Northwood School,Hudson Park High School,2024-04-01,2024,40,8,migrated,KES Easter Rugby Festival 2024
3020,https://rugbyignite.co.za/fixture/2024/eldoraigne-vs-selborne/,Hoërskool Eldoraigne,Selborne College,2024-04-01,2024,3,31,migrated,KES Easter Rugby Festival 2024
3021,https://rugbyignite.co.za/fixture/2024/dale-vs-parktown/,Dale College,Parktown Boys High School,2024-04-01,2024,23,15,migrated,KES Easter Rugby Festival 2024
3022,https://rugbyignite.co.za/fixture/2024/jeppe-vs-brandwag/,Jeppe High School For Boys,Hoërskool Brandwag,2024-04-01,2024,59,6,migrated,KES Easter Rugby Festival 2024
3023,https://rugbyignite.co.za/fixture/2024/kes-vs-bishops/,King Edward VII School,Bishops,2024-04-01,2024,45,8,migrated,KES Easter Rugby Festival 2024
3024,https://rugbyignite.co.za/fixture/2024/hudson-park-vs-brandwag-2/,Hudson Park High School,Hoërskool Brandwag,2024-05-02,2024,24,24,migrated,Grey Rugby Festival 2024
3025,https://rugbyignite.co.za/fixture/2024/westville-vs-durbanville/,Westville Boys' High School,Hoerskool Durbanville,2024-05-02,2024,41,17,migrated,Grey Rugby Festival 2024
3026,https://rugbyignite.co.za/fixture/2024/st-andrews-vs-parktown/,St Andrew's College,Parktown Boys High School,2024-05-02,2024,25,17,migrated,Grey Rugby Festival 2024
3027,https://rugbyignite.co.za/fixture/2024/queens-college-vs-st-stithians/,Queen's College,St Stithians College,2024-05-02,2024,54,19,migrated,Grey Rugby Festival 2024
3028,https://rugbyignite.co.za/fixture/2024/graeme-college-vs-jeppe/,Graeme College,Jeppe High School For Boys,2024-05-02,2024,3,29,migrated,Grey Rugby Festival 2024
3029,https://rugbyignite.co.za/fixture/2024/grey-high-school-vs-st-johns/,Grey High School,St John’s College,2024-05-02,2024,33,15,migrated,Grey Rugby Festival 2024
3030,https://rugbyignite.co.za/fixture/2024/hudson-park-vs-st-charles/,Hudson Park High School,St Charles College,2024-05-04,2024,5,26,migrated,Grey Rugby Festival 2024
3031,https://rugbyignite.co.za/fixture/2024/st-stithians-vs-brandwag/,St Stithians College,Hoërskool Brandwag,2024-05-04,2024,16,12,migrated,Grey Rugby Festival 2024
3032,https://rugbyignite.co.za/fixture/2024/st-andrews-vs-jeppe/,St Andrew's College,Jeppe High School For Boys,2024-05-04,2024,5,33,migrated,Grey Rugby Festival 2024
3033,https://rugbyignite.co.za/fixture/2024/queens-college-vs-durbanville/,Queen's College,Hoerskool Durbanville,2024-05-04,2024,22,25,migrated,Grey Rugby Festival 2024
3034,https://rugbyignite.co.za/fixture/2024/dale-vs-westville/,Dale College,Westville Boys' High School,2024-05-04,2024,12,52,migrated,Grey Rugby Festival 2024
3035,https://rugbyignite.co.za/fixture/2024/grey-high-school-vs-graeme-college/,Grey High School,Graeme College,2024-05-04,2024,29,7,migrated,Grey Rugby Festival 2024
3036,https://rugbyignite.co.za/fixture/2024/muir-college-vs-st-johns/,Muir College,St John’s College,2024-05-04,2024,14,38,migrated,Grey Rugby Festival 2024
3037,https://rugbyignite.co.za/fixture/2024/secunda-vs-st-charles/,Secunda,St Charles College,2024-03-28,2024,20,19,migrated,St Stithians Easter Rugby Festival 2024
3038,https://rugbyignite.co.za/fixture/2024/st-stithians-vs-st-andrews/,St Stithians College,St Andrew's College,2024-03-28,2024,27,14,migrated,St Stithians Easter Rugby Festival 2024
3039,https://rugbyignite.co.za/fixture/2024/helpmekaar-vs-diamantveld/,Helpmekaar,Hoerskool Diamantveld,2024-03-28,2024,47,7,migrated,St Stithians Easter Rugby Festival 2024
3040,https://rugbyignite.co.za/fixture/2024/st-albans-vs-st-charles/,St Alban’s College,St Charles College,2024-03-30,2024,16,22,migrated,St Stithians Easter Rugby Festival 2024
3041,https://rugbyignite.co.za/fixture/2024/secunda-vs-diamantveld/,Secunda,Hoerskool Diamantveld,2024-03-30,2024,11,53,migrated,St Stithians Easter Rugby Festival 2024
3042,https://rugbyignite.co.za/fixture/2024/michaelhouse-vs-st-andrews/,Michaelhouse,St Andrew's College,2024-03-30,2024,34,14,migrated,St Stithians Easter Rugby Festival 2024
3043,https://rugbyignite.co.za/fixture/2024/voortrekker-vs-nelspruit/,Bethlehem Voortrekker Hoerskool,Hoërskool Nelspruit,2024-03-28,2024,21,31,migrated,St John's Easter Rugby Festival 2024
3044,https://rugbyignite.co.za/fixture/2024/sacs-vs-graeme-college/,SACS,Graeme College,2024-03-28,2024,31,7,migrated,St John's Easter Rugby Festival 2024
3045,https://rugbyignite.co.za/fixture/2024/hilton-vs-st-benedicts/,Hilton College,St Benedict’s College,2024-03-28,2024,57,0,migrated,St John's Easter Rugby Festival 2024
3046,https://rugbyignite.co.za/fixture/2024/boland-landbou-vs-maritzburg-college/,Boland Landbou,Maritzburg College,2024-03-28,2024,32,17,migrated,St John's Easter Rugby Festival 2024
3047,https://rugbyignite.co.za/fixture/2024/st-johns-vs-kingswood/,St John’s College,Kingswood College,2024-03-28,2024,17,17,migrated,St John's Easter Rugby Festival 2024
3048,https://rugbyignite.co.za/fixture/2024/noordheuwel-vs-kingswood/,Hoërskool Noordheuwel,Kingswood College,2024-03-30,2024,40,18,migrated,St John's Easter Rugby Festival 2024
3049,https://rugbyignite.co.za/fixture/2024/st-johns-vs-nelspruit/,St John’s College,Hoërskool Nelspruit,2024-03-30,2024,13,38,migrated,St John's Easter Rugby Festival 2024
3050,https://rugbyignite.co.za/fixture/2024/maritzburg-college-vs-sacs-2/,Maritzburg College,SACS,2024-03-30,2024,26,24,migrated,St John's Easter Rugby Festival 2024
3051,https://rugbyignite.co.za/fixture/2024/boland-landbou-vs-hilton/,Boland Landbou,Hilton College,2024-03-30,2024,14,17,migrated,St John's Easter Rugby Festival 2024
3052,https://rugbyignite.co.za/fixture/2024/graeme-college-vs-st-benedicts/,Graeme College,St Benedict’s College,2024-04-01,2024,50,10,migrated,St John's Easter Rugby Festival 2024
3053,https://rugbyignite.co.za/fixture/2024/hilton-vs-nelspruit-2/,Hilton College,Hoërskool Nelspruit,2024-04-01,2024,32,17,migrated,St John's Easter Rugby Festival 2024
3054,https://rugbyignite.co.za/fixture/2024/noordheuwel-vs-voortrekker/,Hoërskool Noordheuwel,Bethlehem Voortrekker Hoerskool,2024-04-01,2024,47,3,migrated,St John's Easter Rugby Festival 2024
3055,https://rugbyignite.co.za/fixture/2024/charlie-hofmeyr-vs-die-anker/,Charlie Hofmeyr,Die Anker,2024-03-21,2024,45,12,migrated,
3056,https://rugbyignite.co.za/fixture/2024/hermanus-vs-merensky-landbou-akademie/,Hermanus High School,Merensky Landbou Akademie,2024-03-21,2024,12,50,migrated,
3057,https://rugbyignite.co.za/fixture/2024/brackenfell-vs-kempton-park/,Brackenfell High School,Hoërskool Kempton Park,2024-03-21,2024,34,27,migrated,
3058,https://rugbyignite.co.za/fixture/2024/hugenote-vs-zwartkop/,Hoërskool Hugenote,Zwartkop,2024-03-21,2024,31,17,migrated,
3059,https://rugbyignite.co.za/fixture/2024/swartland-vs-lichtenburg/,Swartland High School,Lichtenburg,2024-03-21,2024,20,19,migrated,
3060,https://rugbyignite.co.za/fixture/2024/strand-vs-middelburg-high-school/,Strand High School,Middelburg High School,2024-03-21,2024,14,10,migrated,
3061,https://rugbyignite.co.za/fixture/2024/sentraal-vs-pietersburg/,Hoerskool Sentraal,Pietersburg Hoërskool,2024-03-21,2024,12,18,migrated,
3062,https://rugbyignite.co.za/fixture/2024/swartland-vs-kempton-park/,Swartland High School,Hoërskool Kempton Park,2024-03-23,2024,18,23,migrated,
3063,https://rugbyignite.co.za/fixture/2024/hugenote-vs-middelburg-high-school/,Hoërskool Hugenote,Middelburg High School,2024-03-23,2024,7,10,migrated,Wildeklawer 2024
3064,https://rugbyignite.co.za/fixture/2024/charlie-hofmeyr-vs-merensky-landbou-akademie/,Charlie Hofmeyr,Merensky Landbou Akademie,2024-03-23,2024,24,7,migrated,
3065,https://rugbyignite.co.za/fixture/2024/lichtenburg-vs-strand/,Lichtenburg,Strand High School,2024-04-23,2024,19,18,migrated,
3066,https://rugbyignite.co.za/fixture/2024/brackenfell-vs-pietersburg/,Brackenfell High School,Pietersburg Hoërskool,2024-03-23,2024,10,6,migrated,
3067,https://rugbyignite.co.za/fixture/2024/parel-vallei-vs-die-anker/,Parel Vallei High School,Die Anker,2024-03-23,2024,8,29,migrated,
3068,https://rugbyignite.co.za/fixture/2024/lichtenburg-vs-merensky-landbou-akademie/,Lichtenburg,Merensky Landbou Akademie,2024-03-25,2024,24,19,migrated,
3069,https://rugbyignite.co.za/fixture/2024/potch-gim-vs-swartland/,Potchefstroom Gimnasium,Swartland High School,2024-03-25,2024,7,23,migrated,
3070,https://rugbyignite.co.za/fixture/2024/pietersburg-vs-hugenote/,Pietersburg Hoërskool,Hoërskool Hugenote,2024-03-25,2024,24,19,migrated,
3071,https://rugbyignite.co.za/fixture/2024/brackenfell-vs-charlie-hofmeyr/,Brackenfell High School,Charlie Hofmeyr,2024-03-25,2024,14,15,migrated,
3072,https://rugbyignite.co.za/fixture/2024/strand-vs-kempton-park/,Strand High School,Hoërskool Kempton Park,2024-03-28,2024,34,32,migrated,
3073,https://rugbyignite.co.za/fixture/2024/parel-vallei-vs-zwartkop/,Parel Vallei High School,Zwartkop,2024-03-25,2024,14,6,migrated,
3075,https://rugbyignite.co.za/fixture/2024/3075/,HTS Middelburg,Die Anker,2024-02-24,2024,30,7,migrated,
3076,https://rugbyignite.co.za/fixture/2024/3076/,Wesvalia,Hoër Volkskool Potchefstroom,2024-02-24,2024,73,7,migrated,
3077,https://rugbyignite.co.za/fixture/2024/3077/,Die Anker,Marais Viljoen,2024-03-02,2024,21,36,migrated,
3078,https://rugbyignite.co.za/fixture/2024/3078/,Hoër Volkskool Potchefstroom,Heidelberg,2024-03-02,2024,30,29,migrated,
3079,https://rugbyignite.co.za/fixture/2024/3079/,Hoërskool Hugenote,Hoërskool Transvalia,2024-03-02,2024,36,5,migrated,
3080,https://rugbyignite.co.za/fixture/2024/3080/,Hoërskool Nelspruit,Secunda,2024-03-02,2024,42,5,migrated,
3081,https://rugbyignite.co.za/fixture/2024/3081/,Middelburg High School,Hoërskool Eldoraigne,2024-03-02,2024,26,20,migrated,
3082,https://rugbyignite.co.za/fixture/2024/3082/,Pietersburg Hoërskool,Montana,2024-03-02,2024,25,20,migrated,
3083,https://rugbyignite.co.za/fixture/2024/3083/,Hoër Volkskool Potchefstroom,Marais Viljoen,2024-03-09,2024,17,28,migrated,
3084,https://rugbyignite.co.za/fixture/2024/3084/,Hoërskool Eldoraigne,Hoërskool Menlopark,2024-03-09,2024,19,25,migrated,
3085,https://rugbyignite.co.za/fixture/2024/3085/,Hoërskool Hugenote,Hoërskool Noordheuwel,2024-03-09,2024,28,10,migrated,
3086,https://rugbyignite.co.za/fixture/2024/3086/,Hoërskool Kempton Park,EG Jansen,2024-03-09,2024,3,85,migrated,
3087,https://rugbyignite.co.za/fixture/2024/3087/,Hoërskool Transvalia,HTS Middelburg,2024-03-09,2024,19,20,migrated,
3088,https://rugbyignite.co.za/fixture/2024/3088/,Jeugland,Zwartkop,2024-03-09,2024,38,14,migrated,
3089,https://rugbyignite.co.za/fixture/2024/3089/,Klerksdorp Hoërskool,Heidelberg,2024-03-09,2024,19,19,migrated,
3090,https://rugbyignite.co.za/fixture/2024/3090/,Middelburg High School,Hoërskool Nelspruit,2024-03-09,2024,26,32,migrated,
3091,https://rugbyignite.co.za/fixture/2024/3091/,Pietersburg Hoërskool,Die Anker,2024-03-09,2024,23,17,migrated,
3092,https://rugbyignite.co.za/fixture/2024/3092/,Potchefstroom Gimnasium,Lichtenburg,2024-03-09,2024,19,39,migrated,
3093,https://rugbyignite.co.za/fixture/2024/3093/,Wesvalia,Montana,2024-03-09,2024,31,21,migrated,
3094,https://rugbyignite.co.za/fixture/2024/3094/,EG Jansen,Hoërskool Transvalia,2024-03-12,2024,41,0,migrated,
3095,https://rugbyignite.co.za/fixture/2024/3095/,Hoërskool Menlopark,Hoërskool Oos-Moot,2024-03-12,2024,48,7,migrated,
3096,https://rugbyignite.co.za/fixture/2024/3096/,Garsfontein,Jeppe High School For Boys,2024-03-13,2024,37,31,migrated,
3097,https://rugbyignite.co.za/fixture/2024/3097/,Hoërskool Kempton Park,Hoërskool Waterkloof,2024-03-13,2024,21,61,migrated,
3098,https://rugbyignite.co.za/fixture/2024/3098/,Helpmekaar,Afrikaanse Hoër Seunskool,2024-03-16,2024,21,45,migrated,
3099,https://rugbyignite.co.za/fixture/2024/3099/,Hoërskool Hugenote,Klerksdorp Hoërskool,2024-03-16,2024,24,19,migrated,
3100,https://rugbyignite.co.za/fixture/2024/3100/,Hoërskool Menlopark,Middelburg High School,2024-03-16,2024,53,5,migrated,
3101,https://rugbyignite.co.za/fixture/2024/3101/,Hoërskool Monument,Welkom Gimnasium,2024-03-16,2024,64,28,migrated,
3102,https://rugbyignite.co.za/fixture/2024/3102/,Hoërskool Noordheuwel,King Edward VII School,2024-03-16,2024,27,31,migrated,
3103,https://rugbyignite.co.za/fixture/2024/3103/,Hoërskool Oos-Moot,Hoërskool Nelspruit,2024-03-16,2024,37,29,migrated,
3104,https://rugbyignite.co.za/fixture/2024/3104/,Hoërskool Rustenburg,Wesvalia,2024-03-16,2024,18,18,migrated,
3105,https://rugbyignite.co.za/fixture/2024/3105/,Hoërskool Transvalia,Hoërskool Kempton Park,2024-03-16,2024,21,31,migrated,
3106,https://rugbyignite.co.za/fixture/2024/3106/,Hoërskool Waterkloof,HTS Middelburg,2024-03-16,2024,40,10,migrated,
3107,https://rugbyignite.co.za/fixture/2024/3107/,Jeppe High School For Boys,Pretoria Boys High School,2024-03-16,2024,36,20,migrated,
3108,https://rugbyignite.co.za/fixture/2024/3108/,Lichtenburg,Pietersburg Hoërskool,2024-03-16,2024,28,11,migrated,
3109,https://rugbyignite.co.za/fixture/2024/3109/,Marais Viljoen,Jeugland,2024-03-16,2024,22,7,migrated,
3110,https://rugbyignite.co.za/fixture/2024/3110/,Potchefstroom Gimnasium,Die Anker,2024-03-16,2024,12,5,migrated,
3111,https://rugbyignite.co.za/fixture/2024/3111/,St Stithians College,St Benedict’s College,2024-03-16,2024,62,3,migrated,
3112,https://rugbyignite.co.za/fixture/2024/3112/,Zwartkop,Hoër Volkskool Potchefstroom,2024-03-16,2024,43,13,migrated,
3113,https://rugbyignite.co.za/fixture/2024/3113/,Heidelberg,Hoërskool Noordheuwel,2024-03-19,2024,9,42,migrated,
3114,https://rugbyignite.co.za/fixture/2024/3114/,Die Anker,Lichtenburg,2024-04-06,2024,21,16,migrated,
3115,https://rugbyignite.co.za/fixture/2024/3115/,Garsfontein,Afrikaanse Hoër Seunskool,2024-04-06,2024,31,33,migrated,
3116,https://rugbyignite.co.za/fixture/2024/3116/,HTS Middelburg,EG Jansen,2024-04-06,2024,28,49,migrated,
3117,https://rugbyignite.co.za/fixture/2024/3117/,Heidelberg,Hoërskool Hugenote,2024-04-06,2024,10,17,migrated,
3118,https://rugbyignite.co.za/fixture/2024/3118/,Hoërskool Nelspruit,Hoërskool Eldoraigne,2024-04-06,2024,53,10,migrated,
3119,https://rugbyignite.co.za/fixture/2024/3119/,Hoërskool Noordheuwel,Klerksdorp Hoërskool,2024-04-06,2024,63,7,migrated,
3120,https://rugbyignite.co.za/fixture/2024/3120/,Hoërskool Oos-Moot,Middelburg High School,2024-04-06,2024,33,33,migrated,
3121,https://rugbyignite.co.za/fixture/2024/3121/,Hoërskool Rustenburg,Montana,2024-04-06,2024,44,28,migrated,
3122,https://rugbyignite.co.za/fixture/2024/3122/,Hoërskool Waterkloof,Hoërskool Transvalia,2024-04-06,2024,30,25,migrated,
3123,https://rugbyignite.co.za/fixture/2024/3123/,Jeppe High School For Boys,St Stithians College,2024-04-06,2024,47,11,migrated,
3124,https://rugbyignite.co.za/fixture/2024/3124/,Jeugland,Hoër Volkskool Potchefstroom,2024-04-06,2024,64,22,migrated,
3125,https://rugbyignite.co.za/fixture/2024/3125/,King Edward VII School,St John’s College,2024-04-06,2024,61,18,migrated,
3126,https://rugbyignite.co.za/fixture/2024/3126/,Marais Viljoen,Zwartkop,2024-04-06,2024,36,21,migrated,
3127,https://rugbyignite.co.za/fixture/2024/3127/,Pietersburg Hoërskool,Potchefstroom Gimnasium,2024-04-06,2024,19,18,migrated,
3128,https://rugbyignite.co.za/fixture/2024/3128/,Pretoria Boys High School,St Alban’s College,2024-04-06,2024,38,17,migrated,
3129,https://rugbyignite.co.za/fixture/2024/3129/,Secunda,Hoërskool Piet Retief,2024-04-06,2024,19,7,migrated,
3130,https://rugbyignite.co.za/fixture/2024/3130/,Afrikaanse Hoër Seunskool,Paarl Gimnasium,2024-04-13,2024,19,20,migrated,
3131,https://rugbyignite.co.za/fixture/2024/3131/,EG Jansen,Hoërskool Waterkloof,2024-04-13,2024,38,45,migrated,
3132,https://rugbyignite.co.za/fixture/2024/3132/,HTS Middelburg,Hoërskool Kempton Park,2024-04-13,2024,36,22,migrated,
3133,https://rugbyignite.co.za/fixture/2024/3133/,Hoërskool Eldoraigne,Hoërskool Oos-Moot,2024-04-13,2024,17,36,migrated,
3134,https://rugbyignite.co.za/fixture/2024/3134/,Hoërskool Nelspruit,Hoërskool Menlopark,2024-04-13,2024,14,31,migrated,
3135,https://rugbyignite.co.za/fixture/2024/3135/,Jeppe High School For Boys,Westville Boys' High School,2024-04-13,2024,31,24,migrated,
3136,https://rugbyignite.co.za/fixture/2024/3136/,Afrikaanse Hoër Seunskool,Jeppe High School For Boys,2024-04-20,2024,39,26,migrated,
3137,https://rugbyignite.co.za/fixture/2024/3137/,Ben Vorster,Hoërskool Randburg,2024-04-20,2024,38,29,migrated,
3138,https://rugbyignite.co.za/fixture/2024/3138/,Helpmekaar,Hoërskool Monument,2024-04-20,2024,25,31,migrated,
3139,https://rugbyignite.co.za/fixture/2024/3139/,King Edward VII School,Pretoria Boys High School,2024-04-20,2024,24,14,migrated,
3140,https://rugbyignite.co.za/fixture/2024/3140/,Secunda,Ligbron,2024-04-20,2024,41,21,migrated,
3141,https://rugbyignite.co.za/fixture/2024/3141/,EG Jansen,Hoërskool Monument,2024-04-27,2024,32,15,migrated,
3142,https://rugbyignite.co.za/fixture/2024/3142/,Hoërskool Menlopark,Helpmekaar,2024-04-27,2024,19,31,migrated,
3143,https://rugbyignite.co.za/fixture/2024/3143/,Hoërskool Waterkloof,Hoërskool Nelspruit,2024-04-27,2024,61,17,migrated,
3144,https://rugbyignite.co.za/fixture/2024/3144/,Jeppe High School For Boys,King Edward VII School,2024-04-27,2024,28,38,migrated,
3145,https://rugbyignite.co.za/fixture/2024/3145/,Ben Vorster,Heidelberg,2024-05-04,2024,38,33,migrated,
3146,https://rugbyignite.co.za/fixture/2024/3146/,Die Anker,Pietersburg Hoërskool,2024-05-04,2024,53,7,migrated,
3147,https://rugbyignite.co.za/fixture/2024/3147/,Hoërskool Kempton Park,Montana,2024-05-04,2024,34,36,migrated,
3148,https://rugbyignite.co.za/fixture/2024/3148/,Hoërskool Piet Retief,Hoërskool Eldoraigne,2024-05-04,2024,21,20,migrated,
3149,https://rugbyignite.co.za/fixture/2024/3149/,Hoërskool Rustenburg,Marais Viljoen,2024-05-04,2024,51,29,migrated,
3150,https://rugbyignite.co.za/fixture/2024/3150/,Hoërskool Transvalia,Hoërskool Oos-Moot,2024-05-04,2024,31,27,migrated,
3151,https://rugbyignite.co.za/fixture/2024/3151/,Jeugland,Secunda,2024-05-04,2024,17,35,migrated,
3152,https://rugbyignite.co.za/fixture/2024/3152/,Lichtenburg,Klerksdorp Hoërskool,2024-05-04,2024,34,36,migrated,
3153,https://rugbyignite.co.za/fixture/2024/3153/,Middelburg High School,Ligbron,2024-05-04,2024,41,7,migrated,
3154,https://rugbyignite.co.za/fixture/2024/3154/,Wesvalia,Lichtenburg,2024-05-04,2024,23,12,migrated,
3155,https://rugbyignite.co.za/fixture/2024/3155/,Zwartkop,Klerksdorp Hoërskool,2024-05-04,2024,44,31,migrated,
3156,https://rugbyignite.co.za/fixture/2024/3156/,Die Anker,Ben Vorster,2024-05-11,2024,57,15,migrated,
3157,https://rugbyignite.co.za/fixture/2024/3157/,EG Jansen,Marais Viljoen,2024-05-11,2024,32,8,migrated,
3158,https://rugbyignite.co.za/fixture/2024/3158/,Helpmekaar,Hoërskool Nelspruit,2024-05-11,2024,72,19,migrated,
3159,https://rugbyignite.co.za/fixture/2024/3159/,Hoërskool Hugenote,Secunda,2024-05-11,2024,41,31,migrated,
3160,https://rugbyignite.co.za/fixture/2024/3160/,Hoërskool Kempton Park,Zwartkop,2024-05-11,2024,34,26,migrated,
3161,https://rugbyignite.co.za/fixture/2024/3161/,Hoërskool Monument,Hoërskool Menlopark,2024-05-11,2024,59,25,migrated,
3162,https://rugbyignite.co.za/fixture/2024/3162/,Hoërskool Noordheuwel,Hoërskool Rustenburg,2024-05-11,2024,40,34,migrated,
3163,https://rugbyignite.co.za/fixture/2024/3163/,Hoërskool Oos-Moot,Montana,2024-05-11,2024,43,31,migrated,
3164,https://rugbyignite.co.za/fixture/2024/3164/,Hoërskool Waterkloof,Garsfontein,2024-05-11,2024,47,36,migrated,
3165,https://rugbyignite.co.za/fixture/2024/3165/,Jeugland,Heidelberg,2024-05-11,2024,29,34,migrated,
3166,https://rugbyignite.co.za/fixture/2024/3166/,Lichtenburg,Klerksdorp Hoërskool,2024-05-11,2024,12,7,migrated,
3167,https://rugbyignite.co.za/fixture/2024/3167/,Ligbron,Hoërskool Transvalia,2024-05-11,2024,35,43,migrated,
3168,https://rugbyignite.co.za/fixture/2024/3168/,Middelburg High School,HTS Middelburg,2024-05-11,2024,24,31,migrated,
3169,https://rugbyignite.co.za/fixture/2024/3169/,Pietersburg Hoërskool,Wesvalia,2024-05-11,2024,10,41,migrated,
3170,https://rugbyignite.co.za/fixture/2024/3170/,Potchefstroom Gimnasium,Hoërskool Randburg,2024-05-11,2024,62,24,migrated,
3171,https://rugbyignite.co.za/fixture/2024/3171/,Pretoria Boys High School,Hilton College,2024-05-11,2024,17,29,migrated,
3172,https://rugbyignite.co.za/fixture/2024/3172/,St Benedict’s College,King Edward VII School,2024-05-11,2024,3,75,migrated,
3173,https://rugbyignite.co.za/fixture/2024/3173/,Afrikaanse Hoër Seunskool,Grey College,2024-05-18,2024,27,31,migrated,
3174,https://rugbyignite.co.za/fixture/2024/3174/,Ben Vorster,Hoërskool Hugenote,2024-05-18,2024,7,38,migrated,
3175,https://rugbyignite.co.za/fixture/2024/3175/,HTS Middelburg,Hoërskool Oos-Moot,2024-05-18,2024,27,14,migrated,
3176,https://rugbyignite.co.za/fixture/2024/3176/,Heidelberg,Wesvalia,2024-05-18,2024,28,34,migrated,
3177,https://rugbyignite.co.za/fixture/2024/3177/,Helpmekaar,EG Jansen,2024-05-18,2024,19,27,migrated,
3178,https://rugbyignite.co.za/fixture/2024/3178/,Hoër Volkskool Potchefstroom,Potchefstroom Gimnasium,2024-05-18,2024,13,30,migrated,
3179,https://rugbyignite.co.za/fixture/2024/3179/,Hoërskool Menlopark,Hoërskool Waterkloof,2024-05-18,2024,33,51,migrated,
3180,https://rugbyignite.co.za/fixture/2024/3180/,Hoërskool Monument,Hoërskool Noordheuwel,2024-05-18,2024,36,33,migrated,
3181,https://rugbyignite.co.za/fixture/2024/3181/,Hoërskool Nelspruit,Hoërskool Rustenburg,2024-05-18,2024,19,22,migrated,
3182,https://rugbyignite.co.za/fixture/2024/3182/,Hoërskool Transvalia,Hoërskool Kempton Park,2024-05-18,2024,50,33,migrated,
3183,https://rugbyignite.co.za/fixture/2024/3183/,Lichtenburg,Jeugland,2024-05-18,2024,40,33,migrated,
3184,https://rugbyignite.co.za/fixture/2024/3184/,Ligbron,Montana,2024-05-18,2024,31,26,migrated,
3185,https://rugbyignite.co.za/fixture/2024/3185/,Marais Viljoen,Garsfontein,2024-05-18,2024,19,31,migrated,
3186,https://rugbyignite.co.za/fixture/2024/3186/,Middelburg High School,Klerksdorp Hoërskool,2024-05-18,2024,22,9,migrated,
3187,https://rugbyignite.co.za/fixture/2024/3187/,Pretoria Boys High School,Jeppe High School For Boys,2024-05-18,2024,22,27,migrated,
3195,https://rugbyignite.co.za/fixture/2024/3195/,Secunda,Die Anker,2024-05-18,2024,25,21,migrated,
3196,https://rugbyignite.co.za/fixture/2024/3196/,Zwartkop,Hoërskool Eldoraigne,2024-05-18,2024,22,16,migrated,
3197,https://rugbyignite.co.za/fixture/2024/3197/,Ben Vorster,Jeugland,2024-05-25,2024,29,26,migrated,
3198,https://rugbyignite.co.za/fixture/2024/3198/,Garsfontein,Hoërskool Menlopark,2024-05-25,2024,90,14,migrated,
3199,https://rugbyignite.co.za/fixture/2024/3199/,HTS Middelburg,Montana,2024-05-25,2024,35,7,migrated,
3200,https://rugbyignite.co.za/fixture/2024/3200/,Heidelberg,Lichtenburg,2024-05-25,2024,17,24,migrated,
3201,https://rugbyignite.co.za/fixture/2024/3201/,Hoër Volkskool Potchefstroom,Merensky Landbou Akademie,2024-05-25,2024,24,22,migrated,
3202,https://rugbyignite.co.za/fixture/2024/3202/,Hoërskool Eldoraigne,Hoërskool Randburg,2024-05-25,2024,23,17,migrated,
3203,https://rugbyignite.co.za/fixture/2024/3203/,Hoërskool Hugenote,Wesvalia,2024-05-25,2024,7,40,migrated,
3204,https://rugbyignite.co.za/fixture/2024/3204/,Hoërskool Nelspruit,Marais Viljoen,2024-05-25,2024,33,15,migrated,
3205,https://rugbyignite.co.za/fixture/2024/3205/,Hoërskool Noordheuwel,EG Jansen,2024-05-25,2024,30,34,migrated,
3206,https://rugbyignite.co.za/fixture/2024/3206/,Hoërskool Rustenburg,Hoërskool Waterkloof,2024-05-25,2024,33,45,migrated,
3207,https://rugbyignite.co.za/fixture/2024/3207/,Hoërskool Transvalia,Middelburg High School,2024-05-25,2024,31,23,migrated,
3208,https://rugbyignite.co.za/fixture/2024/3208/,Jeppe High School For Boys,St John’s College,2024-05-25,2024,67,30,migrated,
3209,https://rugbyignite.co.za/fixture/2024/3209/,King Edward VII School,Afrikaanse Hoër Seunskool,2024-05-25,2024,26,52,migrated,
3210,https://rugbyignite.co.za/fixture/2024/3210/,Klerksdorp Hoërskool,Hoërskool Kempton Park,2024-05-25,2024,24,20,migrated,
3211,https://rugbyignite.co.za/fixture/2024/3211/,Ligbron,Die Anker,2024-05-25,2024,38,27,migrated,
3212,https://rugbyignite.co.za/fixture/2024/3212/,Potchefstroom Gimnasium,Hoërskool Piet Retief,2024-05-25,2024,41,24,migrated,
3213,https://rugbyignite.co.za/fixture/2024/3213/,Secunda,Pietersburg Hoërskool,2024-05-25,2024,44,14,migrated,
3214,https://rugbyignite.co.za/fixture/2024/3214/,Zwartkop,Hoërskool Oos-Moot,2024-05-25,2024,14,56,migrated,
3217,https://rugbyignite.co.za/fixture/2024/3217/,EG Jansen,Hoërskool Waterkloof,2024-06-01,2024,32,32,migrated,
3218,https://rugbyignite.co.za/fixture/2024/3218/,Garsfontein,Hoërskool Rustenburg,2024-06-01,2024,74,12,migrated,
3219,https://rugbyignite.co.za/fixture/2024/3219/,Hoërskool Noordheuwel,Helpmekaar,2024-06-01,2024,15,26,migrated,
3220,https://rugbyignite.co.za/fixture/2024/3220/,Marais Viljoen,Hoërskool Monument,2024-06-01,2024,0,63,migrated,
3221,https://rugbyignite.co.za/fixture/2024/3221/,Pretoria Boys High School,St John’s College,2024-06-01,2024,36,24,migrated,
3222,https://rugbyignite.co.za/fixture/2024/3222/,St Alban’s College,St Benedict’s College,2024-06-01,2024,42,7,migrated,
3223,https://rugbyignite.co.za/fixture/2024/3223/,St John’s College,St Benedict’s College,2024-06-08,2024,54,0,migrated,
3224,https://rugbyignite.co.za/fixture/2024/3224/,St Stithians College,St Alban’s College,2024-06-08,2024,26,11,migrated,
3225,https://rugbyignite.co.za/fixture/2024/3225/,St John’s College,St Alban’s College,2024-06-15,2024,54,26,migrated,
3226,https://rugbyignite.co.za/fixture/2024/3226/,St Stithians College,Kearsney College,2024-06-15,2024,12,50,migrated,
3227,https://rugbyignite.co.za/fixture/2024/3227/,St John’s College,St Stithians College,2024-06-22,2024,24,20,migrated,
3228,https://rugbyignite.co.za/fixture/2024/3228/,Heidelberg,Die Anker,2024-07-13,2024,29,32,migrated,
3229,https://rugbyignite.co.za/fixture/2024/3229/,Hoër Volkskool Potchefstroom,Hoërskool Eldoraigne,2024-07-13,2024,27,44,migrated,
3230,https://rugbyignite.co.za/fixture/2024/3230/,Hoërskool Menlopark,EG Jansen,2024-07-13,2024,22,62,migrated,
3231,https://rugbyignite.co.za/fixture/2024/3231/,Hoërskool Monument,Jeppe High School For Boys,2024-07-13,2024,31,47,migrated,
3232,https://rugbyignite.co.za/fixture/2024/3232/,Hoërskool Nelspruit,Garsfontein,2024-07-13,2024,30,29,migrated,
3237,https://rugbyignite.co.za/fixture/2024/3237/,Hoërskool Noordheuwel,Marais Viljoen,2024-07-13,2024,31,24,migrated,
3238,https://rugbyignite.co.za/fixture/2024/3238/,Hoërskool Oos-Moot,Ligbron,2024-07-13,2024,41,50,migrated,
3239,https://rugbyignite.co.za/fixture/2024/3239/,Hoërskool Waterkloof,Helpmekaar,2024-07-13,2024,31,29,migrated,
3240,https://rugbyignite.co.za/fixture/2024/3240/,Klerksdorp Hoërskool,HTS Middelburg,2024-07-13,2024,23,14,migrated,
3241,https://rugbyignite.co.za/fixture/2024/3241/,Lichtenburg,Hoërskool Hugenote,2024-07-13,2024,27,14,migrated,
3242,https://rugbyignite.co.za/fixture/2024/3242/,Merensky Landbou Akademie,Potchefstroom Gimnasium,2024-07-13,2024,24,29,migrated,
3243,https://rugbyignite.co.za/fixture/2024/3243/,Middelburg High School,Hoërskool Kempton Park,2024-07-13,2024,40,7,migrated,
3244,https://rugbyignite.co.za/fixture/2024/3244/,Montana,Zwartkop,2024-07-13,2024,15,14,migrated,
3245,https://rugbyignite.co.za/fixture/2024/3245/,Pietersburg Hoërskool,Jeugland,2024-07-13,2024,24,27,migrated,
3246,https://rugbyignite.co.za/fixture/2024/3246/,Pretoria Boys High School,King Edward VII School,2024-07-13,2024,5,18,migrated,
3247,https://rugbyignite.co.za/fixture/2024/3247/,Secunda,Ben Vorster,2024-07-13,2024,20,25,migrated,
3248,https://rugbyignite.co.za/fixture/2024/3248/,Garsfontein,Hoërskool Noordheuwel,2024-07-20,2024,44,37,migrated,
3249,https://rugbyignite.co.za/fixture/2024/3249/,Hoërskool Hugenote,Heidelberg,2024-07-20,2024,29,30,migrated,
3250,https://rugbyignite.co.za/fixture/2024/3250/,Hoërskool Kempton Park,HTS Middelburg,2024-07-20,2024,12,42,migrated,
3251,https://rugbyignite.co.za/fixture/2024/3251/,Hoërskool Nelspruit,Hoërskool Monument,2024-07-20,2024,21,12,migrated,
3252,https://rugbyignite.co.za/fixture/2024/3252/,Hoërskool Piet Retief,Hoër Volkskool Potchefstroom,2024-07-20,2024,10,27,migrated,
3253,https://rugbyignite.co.za/fixture/2024/3253/,Hoërskool Rustenburg,Helpmekaar,2024-07-20,2024,31,19,migrated,
3254,https://rugbyignite.co.za/fixture/2024/3254/,Hoërskool Waterkloof,Afrikaanse Hoër Seunskool,2024-07-20,2024,28,43,migrated,
3256,https://rugbyignite.co.za/fixture/2024/3256/,King Edward VII School,Jeppe High School For Boys,2024-07-20,2024,13,23,migrated,
3257,https://rugbyignite.co.za/fixture/2024/3257/,Klerksdorp Hoërskool,Ligbron,2024-07-20,2024,38,31,migrated,
3258,https://rugbyignite.co.za/fixture/2024/3258/,Lichtenburg,Die Anker,2024-07-20,2024,37,26,migrated,
3259,https://rugbyignite.co.za/fixture/2024/3259/,Marais Viljoen,Hoërskool Menlopark,2024-07-20,2024,33,40,migrated,
3260,https://rugbyignite.co.za/fixture/2024/3260/,Merensky Landbou Akademie,Hoërskool Randburg,2024-07-20,2024,31,43,migrated,
3261,https://rugbyignite.co.za/fixture/2024/3261/,Montana,Hoërskool Transvalia,2024-07-20,2024,24,45,migrated,
3262,https://rugbyignite.co.za/fixture/2024/3262/,Pietersburg Hoërskool,Ben Vorster,2024-07-20,2024,23,25,migrated,
3263,https://rugbyignite.co.za/fixture/2024/3263/,Pretoria Boys High School,Maritzburg College,2024-07-20,2024,18,19,migrated,
3264,https://rugbyignite.co.za/fixture/2024/3264/,Zwartkop,Middelburg High School,2024-07-20,2024,17,34,migrated,
3265,https://rugbyignite.co.za/fixture/2024/3265/,Die Anker,Jeugland,2024-07-27,2024,33,33,migrated,
3266,https://rugbyignite.co.za/fixture/2024/3266/,EG Jansen,Hoërskool Rustenburg,2024-07-27,2024,48,21,migrated,
3267,https://rugbyignite.co.za/fixture/2024/3267/,Helpmekaar,Marais Viljoen,2024-07-27,2024,62,24,migrated,
3268,https://rugbyignite.co.za/fixture/2024/3268/,Hoërskool Hugenote,Pietersburg Hoërskool,2024-07-27,2024,24,21,migrated,
3269,https://rugbyignite.co.za/fixture/2024/3269/,Hoërskool Monument,Garsfontein,2024-07-27,2024,28,31,migrated,
3270,https://rugbyignite.co.za/fixture/2024/3270/,Hoërskool Nelspruit,Hoërskool Menlopark,2024-07-27,2024,32,28,migrated,
3271,https://rugbyignite.co.za/fixture/2024/3271/,Hoërskool Oos-Moot,Klerksdorp Hoërskool,2024-07-27,2024,29,19,migrated,
3272,https://rugbyignite.co.za/fixture/2024/3272/,Hoërskool Transvalia,Zwartkop,2024-07-27,2024,42,12,migrated,
3273,https://rugbyignite.co.za/fixture/2024/3273/,Hoërskool Waterkloof,Hoërskool Noordheuwel,2024-07-27,2024,32,53,migrated,
3274,https://rugbyignite.co.za/fixture/2024/3274/,King Edward VII School,Maritzburg College,2024-07-27,2024,47,21,migrated,
3275,https://rugbyignite.co.za/fixture/2024/3275/,Lichtenburg,Secunda,2024-07-27,2024,45,27,migrated,
3276,https://rugbyignite.co.za/fixture/2024/3276/,Ligbron,HTS Middelburg,2024-07-27,2024,25,20,migrated,
3277,https://rugbyignite.co.za/fixture/2024/3277/,Montana,Middelburg High School,2024-07-27,2024,17,24,migrated,
3278,https://rugbyignite.co.za/fixture/2024/3278/,Pretoria Boys High School,Afrikaanse Hoër Seunskool,2024-07-27,2024,5,48,migrated,
3279,https://rugbyignite.co.za/fixture/2024/3279/,Wesvalia,Ben Vorster,2024-07-27,2024,43,3,migrated,
3280,https://rugbyignite.co.za/fixture/2024/3280/,Die Anker,Hoërskool Hugenote,2024-08-03,2024,33,19,migrated,
3281,https://rugbyignite.co.za/fixture/2024/3281/,EG Jansen,Hoërskool Nelspruit,2024-08-03,2024,50,7,migrated,
3282,https://rugbyignite.co.za/fixture/2024/3282/,Garsfontein,Helpmekaar,2024-08-03,2024,54,40,migrated,
3283,https://rugbyignite.co.za/fixture/2024/3283/,HTS Middelburg,Zwartkop,2024-08-03,2024,36,7,migrated,
3284,https://rugbyignite.co.za/fixture/2024/3284/,Heidelberg,Pietersburg Hoërskool,2024-08-03,2024,38,41,migrated,
3285,https://rugbyignite.co.za/fixture/2024/3285/,Hoërskool Eldoraigne,Potchefstroom Gimnasium,2024-08-03,2024,37,44,migrated,
3286,https://rugbyignite.co.za/fixture/2024/3286/,Hoërskool Menlopark,Hoërskool Noordheuwel,2024-08-03,2024,26,19,migrated,
3288,https://rugbyignite.co.za/fixture/2024/3288/,Hoërskool Monument,Hoërskool Rustenburg,2024-08-03,2024,87,8,migrated,
3289,https://rugbyignite.co.za/fixture/2024/3289/,Hoërskool Oos-Moot,Middelburg High School,2024-08-03,2024,29,29,migrated,
3290,https://rugbyignite.co.za/fixture/2024/3290/,Klerksdorp Hoërskool,Hoërskool Transvalia,2024-08-03,2024,26,10,migrated,
3291,https://rugbyignite.co.za/fixture/2024/3291/,Ligbron,Hoërskool Kempton Park,2024-08-03,2024,47,22,migrated,
3292,https://rugbyignite.co.za/fixture/2024/3292/,Marais Viljoen,Hoërskool Waterkloof,2024-08-03,2024,14,47,migrated,
3293,https://rugbyignite.co.za/fixture/2024/3293/,Merensky Landbou Akademie,Hoërskool Piet Retief,2024-08-03,2024,27,24,migrated,
3294,https://rugbyignite.co.za/fixture/2024/3294/,Wesvalia,Secunda,2024-08-03,2024,32,31,migrated,
3295,https://rugbyignite.co.za/fixture/2024/3295/,HTS Middelburg,Hoërskool Transvalia,2024-08-08,2024,49,24,migrated,
3296,https://rugbyignite.co.za/fixture/2024/3296/,Hoërskool Kempton Park,Hoërskool Oos-Moot,2024-08-08,2024,44,40,migrated,
3297,https://rugbyignite.co.za/fixture/2024/3297/,Montana,Klerksdorp Hoërskool,2024-08-08,2024,26,14,migrated,
3298,https://rugbyignite.co.za/fixture/2024/3298/,Pietersburg Hoërskool,Lichtenburg,2024-08-08,2024,10,36,migrated,
3299,https://rugbyignite.co.za/fixture/2024/3299/,Zwartkop,Ligbron,2024-08-08,2024,20,45,migrated,
3300,https://rugbyignite.co.za/fixture/2024/3300/,Hoërskool Eldoraigne,Merensky Landbou Akademie,2024-08-09,2024,49,27,migrated,
3301,https://rugbyignite.co.za/fixture/2024/3301/,Hoërskool Noordheuwel,Hoërskool Nelspruit,2024-08-09,2024,40,40,migrated,
3302,https://rugbyignite.co.za/fixture/2024/3302/,Wesvalia,Die Anker,2024-08-09,2024,29,26,migrated,
3303,https://rugbyignite.co.za/fixture/2024/3303/,Ben Vorster,Lichtenburg,2024-08-10,2024,13,20,migrated,
3304,https://rugbyignite.co.za/fixture/2024/3304/,Garsfontein,EG Jansen,2024-08-10,2024,39,15,migrated,
3305,https://rugbyignite.co.za/fixture/2024/3305/,Hoërskool Monument,Hoërskool Waterkloof,2024-08-10,2024,45,53,migrated,
3306,https://rugbyignite.co.za/fixture/2024/3306/,Hoërskool Rustenburg,Hoërskool Menlopark,2024-08-10,2024,46,31,migrated,
3307,https://rugbyignite.co.za/fixture/2024/3307/,Jeugland,Hoërskool Hugenote,2024-08-10,2024,48,33,migrated,
3308,https://rugbyignite.co.za/fixture/2024/3308/,Secunda,Heidelberg,2024-08-10,2024,47,7,migrated,
3309,https://rugbyignite.co.za/fixture/2024/3309/,Garsfontein,EG Jansen,2024-08-17,2024,27,25,migrated,
3310,https://rugbyignite.co.za/fixture/2024/3310/,HTS Middelburg,Middelburg High School,2024-08-17,2024,22,17,migrated,
3311,https://rugbyignite.co.za/fixture/2024/3311/,Hoërskool Eldoraigne,Hoër Volkskool Potchefstroom,2024-08-17,2024,24,23,migrated,
3312,https://rugbyignite.co.za/fixture/2024/3312/,Hoërskool Transvalia,Ligbron,2024-08-17,2024,31,18,migrated,
3313,https://rugbyignite.co.za/fixture/2024/3313/,Hoërskool Waterkloof,Hoërskool Monument,2024-08-17,2024,35,34,migrated,
3314,https://rugbyignite.co.za/fixture/2024/3314/,Lichtenburg,Die Anker,2024-08-17,2024,32,29,migrated,
3315,https://rugbyignite.co.za/fixture/2024/3315/,Potchefstroom Gimnasium,Merensky Landbou Akademie,2024-08-17,2024,50,32,migrated,
3316,https://rugbyignite.co.za/fixture/2024/3316/,Wesvalia,Secunda,2024-08-17,2024,33,21,migrated,
3321,https://rugbyignite.co.za/fixture/2024/3321/,Boland Landbou,Milnerton High School,2024-03-09,2024,29,18,migrated,
3322,https://rugbyignite.co.za/fixture/2024/3322/,Milnerton High School,St Charles College,2024-03-15,2024,19,25,migrated,
3323,https://rugbyignite.co.za/fixture/2024/3323/,Hoërskool Outeniqua,Boland Landbou,2024-03-16,2024,13,15,migrated,
3324,https://rugbyignite.co.za/fixture/2024/3324/,Paul Roos Gimnasium,Drostdy,2024-03-16,2024,73,10,migrated,
3325,https://rugbyignite.co.za/fixture/2024/3325/,Stellenberg High School,Paarl Gimnasium,2024-03-16,2024,5,29,migrated,
3326,https://rugbyignite.co.za/fixture/2024/3326/,Bellville High School,Swartland High School,2024-03-16,2024,26,21,migrated,
3327,https://rugbyignite.co.za/fixture/2024/3327/,Charlie Hofmeyr,DF Malan,2024-03-16,2024,41,5,migrated,
3328,https://rugbyignite.co.za/fixture/2024/3328/,Hermanus High School,Parel Vallei High School,2024-03-16,2024,5,13,migrated,
3330,https://rugbyignite.co.za/fixture/2024/3330/,Paarl Boys High,Hoer Landbouschool Oakdale,2024-04-06,2024,19,10,migrated,
3331,https://rugbyignite.co.za/fixture/2024/3331/,Paarl Gimnasium,Boland Landbou,2024-04-06,2024,47,13,migrated,
3332,https://rugbyignite.co.za/fixture/2024/3332/,Rondebosch Boys High School,Milnerton High School,2024-04-06,2024,33,34,migrated,
3333,https://rugbyignite.co.za/fixture/2024/3333/,Stellenberg High School,SACS,2024-04-06,2024,22,24,migrated,
3334,https://rugbyignite.co.za/fixture/2024/3334/,Wynberg Boys' High School,Hoerskool Durbanville,2024-04-06,2024,36,19,migrated,
3335,https://rugbyignite.co.za/fixture/2024/3335/,Hoërskool Hugenote,Drostdy,2024-04-06,2024,10,45,migrated,
3336,https://rugbyignite.co.za/fixture/2024/3336/,Parel Vallei High School,DF Malan,2024-04-06,2024,28,18,migrated,
3337,https://rugbyignite.co.za/fixture/2024/3337/,Strand High School,Charlie Hofmeyr,2024-04-06,2024,10,27,migrated,
3338,https://rugbyignite.co.za/fixture/2024/3338/,Swartland High School,Worcester Gymnasium,2024-04-06,2024,26,24,migrated,
3339,https://rugbyignite.co.za/fixture/2024/3339/,Tygerberg High School,Hermanus High School,2024-04-06,2024,17,15,migrated,
3340,https://rugbyignite.co.za/fixture/2024/3340/,Bishops,Boland Landbou,2024-04-13,2024,10,52,migrated,
3341,https://rugbyignite.co.za/fixture/2024/3341/,Drostdy,Framesby,2024-04-13,2024,22,5,migrated,
3342,https://rugbyignite.co.za/fixture/2024/3342/,Paarl Boys High,Wynberg Boys' High School,2024-04-13,2024,27,30,migrated,
3343,https://rugbyignite.co.za/fixture/2024/3343/,Hoer Landbouschool Oakdale,Stellenberg High School,2024-04-13,2024,29,22,migrated,
3344,https://rugbyignite.co.za/fixture/2024/3344/,Rondebosch Boys High School,Paul Roos Gimnasium,2024-04-13,2024,17,38,migrated,
3345,https://rugbyignite.co.za/fixture/2024/3345/,Bellville High School,Tygerberg High School,2024-04-13,2024,29,10,migrated,
3346,https://rugbyignite.co.za/fixture/2024/3346/,Brackenfell High School,SACS,2024-04-13,2024,27,54,migrated,
3347,https://rugbyignite.co.za/fixture/2024/3347/,Hoërskool Hugenote,Milnerton High School,2024-04-13,2024,14,17,migrated,
3348,https://rugbyignite.co.za/fixture/2024/3348/,Strand High School,DF Malan,2024-04-13,2024,52,22,migrated,
3349,https://rugbyignite.co.za/fixture/2024/3349/,Swartland High School,Hermanus High School,2024-04-13,2024,33,24,migrated,
3350,https://rugbyignite.co.za/fixture/2024/3350/,Bishops,Milnerton High School,2024-04-20,2024,28,31,migrated,
3351,https://rugbyignite.co.za/fixture/2024/3351/,Boland Landbou,Stellenberg High School,2024-04-20,2024,25,19,migrated,
3352,https://rugbyignite.co.za/fixture/2024/3352/,Hoërskool Outeniqua,Hoerskool Durbanville,2024-04-20,2024,34,17,migrated,
3353,https://rugbyignite.co.za/fixture/2024/3353/,Paarl Gimnasium,Grey College,2024-04-20,2024,27,29,migrated,
3354,https://rugbyignite.co.za/fixture/2024/3354/,Paul Roos Gimnasium,Paarl Boys High,2024-04-20,2024,25,10,migrated,
3355,https://rugbyignite.co.za/fixture/2024/3355/,Rondebosch Boys High School,SACS,2024-04-20,2024,55,22,migrated,
3356,https://rugbyignite.co.za/fixture/2024/3356/,Wynberg Boys' High School,Grey High School,2024-04-20,2024,10,10,migrated,
3357,https://rugbyignite.co.za/fixture/2024/3357/,Brackenfell High School,DF Malan,2024-04-20,2024,45,11,migrated,
3358,https://rugbyignite.co.za/fixture/2024/3358/,Hermanus High School,Strand High School,2024-04-20,2024,30,31,migrated,
3359,https://rugbyignite.co.za/fixture/2024/3359/,Parel Vallei High School,Tygerberg High School,2024-04-20,2024,29,14,migrated,
3360,https://rugbyignite.co.za/fixture/2024/3360/,Swartland High School,Hoerskool Diamantveld,2024-04-20,2024,16,47,migrated,
3361,https://rugbyignite.co.za/fixture/2024/3361/,Worcester Gymnasium,Hoërskool Hugenote,2024-04-20,2024,28,31,migrated,
3362,https://rugbyignite.co.za/fixture/2024/3362/,Drostdy,Worcester Gymnasium,2024-04-24,2024,33,20,migrated,
3363,https://rugbyignite.co.za/fixture/2024/3363/,Bishops,Wynberg Boys' High School,2024-04-27,2024,8,35,migrated,
3364,https://rugbyignite.co.za/fixture/2024/3364/,Hoërskool Outeniqua,Parel Vallei High School,2024-04-27,2024,68,0,migrated,
3365,https://rugbyignite.co.za/fixture/2024/3365/,Paarl Gimnasium,SACS,2024-04-27,2024,35,10,migrated,
3366,https://rugbyignite.co.za/fixture/2024/3366/,Brackenfell High School,Worcester Gymnasium,2024-04-27,2024,22,17,migrated,
3367,https://rugbyignite.co.za/fixture/2024/3367/,Milnerton High School,Bellville High School,2024-04-27,2024,29,28,migrated,
3368,https://rugbyignite.co.za/fixture/2024/3368/,Strand High School,Stellenberg High School,2024-04-27,2024,0,76,migrated,
3369,https://rugbyignite.co.za/fixture/2024/3369/,Swartland High School,DF Malan,2024-04-27,2024,41,6,migrated,
3371,https://rugbyignite.co.za/fixture/2024/3371/,SACS,Bishops,2024-05-04,2024,29,7,migrated,
3372,https://rugbyignite.co.za/fixture/2024/3372/,Wynberg Boys' High School,Rondebosch Boys High School,2024-05-04,2024,27,49,migrated,
3373,https://rugbyignite.co.za/fixture/2024/3373/,Milnerton High School,Tygerberg High School,2024-05-04,2024,82,14,migrated,
3374,https://rugbyignite.co.za/fixture/2024/3374/,Parel Vallei High School,Brackenfell High School,2024-05-04,2024,16,29,migrated,
3375,https://rugbyignite.co.za/fixture/2024/3375/,Strand High School,DF Malan,2024-05-04,2024,52,22,migrated,
3376,https://rugbyignite.co.za/fixture/2024/3376/,Worcester Gymnasium,Bellville High School,2024-05-04,2024,8,17,migrated,
3377,https://rugbyignite.co.za/fixture/2024/3377/,Drostdy,Hoerskool Durbanville,2024-05-11,2024,25,23,migrated,
3378,https://rugbyignite.co.za/fixture/2024/3378/,Rondebosch Boys High School,Paarl Gimnasium,2024-05-11,2024,12,19,migrated,
3379,https://rugbyignite.co.za/fixture/2024/3379/,SACS,Paul Roos Gimnasium,2024-05-11,2024,10,28,migrated,
3380,https://rugbyignite.co.za/fixture/2024/3380/,Stellenberg High School,Bishops,2024-05-11,2024,25,19,migrated,
3381,https://rugbyignite.co.za/fixture/2024/3381/,Wynberg Boys' High School,Boland Landbou,2024-05-11,2024,10,32,migrated,
3382,https://rugbyignite.co.za/fixture/2024/3382/,Bellville High School,Hoërskool Hugenote,2024-05-11,2024,32,29,migrated,
3383,https://rugbyignite.co.za/fixture/2024/3383/,Brackenfell High School,Strand High School,2024-05-11,2024,19,15,migrated,
3384,https://rugbyignite.co.za/fixture/2024/3384/,Milnerton High School,Parel Vallei High School,2024-05-11,2024,53,12,migrated,
3385,https://rugbyignite.co.za/fixture/2024/3385/,Bishops,Paarl Boys High,2024-05-18,2024,6,73,migrated,
3386,https://rugbyignite.co.za/fixture/2024/3386/,Hoer Landbouschool Oakdale,Hoërskool Outeniqua,2024-05-18,2024,60,8,migrated,
3387,https://rugbyignite.co.za/fixture/2024/3387/,Paarl Gimnasium,Paul Roos Gimnasium,2024-05-18,2024,17,23,migrated,
3388,https://rugbyignite.co.za/fixture/2024/3388/,SACS,Milnerton High School,2024-05-18,2024,59,19,migrated,
3389,https://rugbyignite.co.za/fixture/2024/3389/,Stellenberg High School,Bellville High School,2024-05-18,2024,26,17,migrated,
3390,https://rugbyignite.co.za/fixture/2024/3390/,Brackenfell High School,Hoerskool Durbanville,2024-05-18,2024,21,31,migrated,
3391,https://rugbyignite.co.za/fixture/2024/3391/,Charlie Hofmeyr,Swartland High School,2024-05-18,2024,30,27,migrated,
3392,https://rugbyignite.co.za/fixture/2024/3392/,Worcester Gymnasium,Strand High School,2024-05-18,2024,31,31,migrated,
3393,https://rugbyignite.co.za/fixture/2024/3393/,Milnerton High School,Brackenfell High School,2024-05-24,2024,36,31,migrated,
3394,https://rugbyignite.co.za/fixture/2024/3394/,Boland Landbou,SACS,2024-05-25,2024,40,27,migrated,
3395,https://rugbyignite.co.za/fixture/2024/3395/,Drostdy,Swartland High School,2024-05-25,2024,52,28,migrated,
3396,https://rugbyignite.co.za/fixture/2024/3396/,Paarl Boys High,Rondebosch Boys High School,2024-05-25,2024,36,28,migrated,
3397,https://rugbyignite.co.za/fixture/2024/3397/,Hoer Landbouschool Oakdale,Paarl Gimnasium,2024-05-25,2024,35,43,migrated,
3398,https://rugbyignite.co.za/fixture/2024/3398/,Paul Roos Gimnasium,Wynberg Boys' High School,2024-05-25,2024,50,25,migrated,
3399,https://rugbyignite.co.za/fixture/2024/3399/,DF Malan,Tygerberg High School,2024-05-25,2024,22,14,migrated,
3400,https://rugbyignite.co.za/fixture/2024/3400/,Parel Vallei High School,Stellenberg High School,2024-05-25,2024,0,60,migrated,
3402,https://rugbyignite.co.za/fixture/2024/3402/,Bishops,Rondebosch Boys High School,2024-06-01,2024,16,31,migrated,
3403,https://rugbyignite.co.za/fixture/2024/3403/,Wynberg Boys' High School,SACS,2024-06-01,2024,29,30,migrated,
3405,https://rugbyignite.co.za/fixture/2024/3405/,SACS,Bellville High School,2024-07-13,2024,27,10,migrated,
3406,https://rugbyignite.co.za/fixture/2024/3406/,Hoerskool Durbanville,Boland Landbou,2024-07-16,2024,22,27,migrated,
3407,https://rugbyignite.co.za/fixture/2024/3407/,Boland Landbou,Rondebosch Boys High School,2024-07-20,2024,27,22,migrated,
3408,https://rugbyignite.co.za/fixture/2024/3408/,Drostdy,Hoer Landbouschool Oakdale,2024-07-20,2024,12,25,migrated,
3409,https://rugbyignite.co.za/fixture/2024/3409/,Paul Roos Gimnasium,Bishops,2024-07-20,2024,42,7,migrated,
3410,https://rugbyignite.co.za/fixture/2024/3410/,SACS,Paarl Boys High,2024-07-20,2024,12,20,migrated,
3411,https://rugbyignite.co.za/fixture/2024/3411/,Stellenberg High School,Hoërskool Outeniqua,2024-07-20,2024,24,24,migrated,
3412,https://rugbyignite.co.za/fixture/2024/3412/,Wynberg Boys' High School,Paarl Gimnasium,2024-07-20,2024,20,45,migrated,
3413,https://rugbyignite.co.za/fixture/2024/3413/,Hermanus High School,Charlie Hofmeyr,2024-07-20,2024,14,33,migrated,
3414,https://rugbyignite.co.za/fixture/2024/3414/,Strand High School,Milnerton High School,2024-07-20,2024,19,33,migrated,
3415,https://rugbyignite.co.za/fixture/2024/3415/,Boland Landbou,Paarl Boys High,2024-07-27,2024,3,12,migrated,
3416,https://rugbyignite.co.za/fixture/2024/3416/,Paarl Gimnasium,Hoerskool Durbanville,2024-07-27,2024,45,20,migrated,
3417,https://rugbyignite.co.za/fixture/2024/3417/,Stellenberg High School,Paul Roos Gimnasium,2024-07-27,2024,3,23,migrated,
3418,https://rugbyignite.co.za/fixture/2024/3418/,Bellville High School,Hoerskool Diamantveld,2024-07-27,2024,17,10,migrated,
3419,https://rugbyignite.co.za/fixture/2024/3419/,Hermanus High School,Drostdy,2024-07-27,2024,10,44,migrated,
3420,https://rugbyignite.co.za/fixture/2024/3420/,Parel Vallei High School,Worcester Gymnasium,2024-07-27,2024,5,12,migrated,
3422,https://rugbyignite.co.za/fixture/2024/3422/,Paarl Boys High,Paarl Gimnasium,2024-08-03,2024,8,30,migrated,
3423,https://rugbyignite.co.za/fixture/2024/3423/,Hoer Landbouschool Oakdale,Grey College,2024-08-03,2024,22,31,migrated,
3424,https://rugbyignite.co.za/fixture/2024/3424/,Paul Roos Gimnasium,Boland Landbou,2024-08-03,2024,59,20,migrated,
3425,https://rugbyignite.co.za/fixture/2024/3425/,SACS,Rondebosch Boys High School,2024-08-03,2024,5,43,migrated,
3426,https://rugbyignite.co.za/fixture/2024/3426/,Stellenberg High School,Milnerton High School,2024-08-03,2024,38,20,migrated,
3427,https://rugbyignite.co.za/fixture/2024/3427/,Wynberg Boys' High School,Bishops,2024-08-03,2024,38,16,migrated,
3428,https://rugbyignite.co.za/fixture/2024/3428/,Brackenfell High School,Hoërskool Hugenote,2024-08-03,2024,19,31,migrated,
3429,https://rugbyignite.co.za/fixture/2024/3429/,DF Malan,Hermanus High School,2024-08-03,2024,27,23,migrated,
3430,https://rugbyignite.co.za/fixture/2024/3430/,Parel Vallei High School,Pearson High School,2024-08-03,2024,15,10,migrated,
3431,https://rugbyignite.co.za/fixture/2024/3431/,Strand High School,Bellville High School,2024-08-03,2024,20,31,migrated,
3432,https://rugbyignite.co.za/fixture/2024/3432/,Swartland High School,Tygerberg High School,2024-08-03,2024,36,35,migrated,
3433,https://rugbyignite.co.za/fixture/2024/3433/,Milnerton High School,DF Malan,2024-08-08,2024,43,10,migrated,
3434,https://rugbyignite.co.za/fixture/2024/3434/,Rondebosch Boys High School,Wynberg Boys' High School,2024-08-09,2024,19,7,migrated,
3435,https://rugbyignite.co.za/fixture/2024/3435/,Strand High School,Tygerberg High School,2024-08-09,2024,41,0,migrated,
3436,https://rugbyignite.co.za/fixture/2024/3436/,Worcester Gymnasium,Hermanus High School,2024-08-09,2024,54,3,migrated,
3437,https://rugbyignite.co.za/fixture/2024/3437/,Bishops,SACS,2024-08-10,2024,12,10,migrated,
3438,https://rugbyignite.co.za/fixture/2024/3438/,Boland Landbou,Hoer Landbouschool Oakdale,2024-08-10,2024,13,21,migrated,
3439,https://rugbyignite.co.za/fixture/2024/3439/,Brackenfell High School,Drostdy,2024-08-10,2024,3,36,migrated,
3440,https://rugbyignite.co.za/fixture/2024/3440/,Drostdy,Hoërskool Outeniqua,2024-08-17,2024,0,11,migrated,
3441,https://rugbyignite.co.za/fixture/2024/3441/,Paul Roos Gimnasium,Grey College,2024-08-17,2024,36,3,migrated,
3442,https://rugbyignite.co.za/fixture/2024/3442/,Rondebosch Boys High School,Bishops,2024-08-17,2024,22,5,migrated,
3443,https://rugbyignite.co.za/fixture/2024/3443/,SACS,Wynberg Boys' High School,2024-08-17,2024,7,9,migrated,
3444,https://rugbyignite.co.za/fixture/2024/3444/,Stellenberg High School,Hoerskool Durbanville,2024-08-17,2024,15,8,migrated,
3445,https://rugbyignite.co.za/fixture/2024/3445/,Brackenfell High School,Tygerberg High School,2024-08-17,2024,25,14,migrated,
3446,https://rugbyignite.co.za/fixture/2024/3446/,DF Malan,Bellville High School,2024-08-17,2024,18,31,migrated,
3447,https://rugbyignite.co.za/fixture/2024/3447/,Hoërskool Hugenote,Swartland High School,2024-08-17,2024,17,15,migrated,
3450,https://rugbyignite.co.za/fixture/2023/3450/,Kearsney College,Dale College,2023-04-06,2023,20,23,migrated,Kearsney Easter Rugby Festival 2023
3451,https://rugbyignite.co.za/fixture/2023/3451/,Durban High School,Worcester Gymnasium,2023-04-06,2023,31,36,migrated,Kearsney Easter Rugby Festival 2023
3452,https://rugbyignite.co.za/fixture/2023/3452/,Framesby,Hoërskool Monument,2023-04-06,2023,7,28,migrated,Kearsney Easter Rugby Festival 2023
3453,https://rugbyignite.co.za/fixture/2023/3453/,Glenwood High School,Hoër Landbouskool Marlow,2023-04-06,2023,22,10,migrated,Kearsney Easter Rugby Festival 2023
3454,https://rugbyignite.co.za/fixture/2023/3454/,Hoër Landbouskool Marlow,Worcester Gymnasium,2023-04-08,2023,30,15,migrated,Kearsney Easter Rugby Festival 2023
3455,https://rugbyignite.co.za/fixture/2023/3455/,Dale College,Glenwood High School,2023-04-08,2023,7,19,migrated,Kearsney Easter Rugby Festival 2023
3456,https://rugbyignite.co.za/fixture/2023/3456/,EG Jansen,Kearsney College,2023-04-08,2023,12,17,migrated,Kearsney Easter Rugby Festival 2023
3457,https://rugbyignite.co.za/fixture/2023/3457/,Durban High School,Framesby,2023-04-08,2023,31,10,migrated,Kearsney Easter Rugby Festival 2023
3458,https://rugbyignite.co.za/fixture/2023/3458/,Glenwood High School,Worcester Gymnasium,2023-04-10,2023,57,8,migrated,Kearsney Easter Rugby Festival 2023
3459,https://rugbyignite.co.za/fixture/2023/3459/,Durban High School,Hoër Landbouskool Marlow,2023-04-10,2023,32,25,migrated,Kearsney Easter Rugby Festival 2023
3460,https://rugbyignite.co.za/fixture/2023/3460/,Dale College,Hoërskool Monument,2023-04-10,2023,5,41,migrated,Kearsney Easter Rugby Festival 2023
3461,https://rugbyignite.co.za/fixture/2023/3461/,EG Jansen,Westville Boys' High School,2023-04-10,2023,10,22,migrated,Kearsney Easter Rugby Festival 2023
3463,https://rugbyignite.co.za/fixture/2023/3463/,Paarl Boys High,Glenwood High School,2023-04-28,2023,35,13,migrated,Wildeklawer 2023
3464,https://rugbyignite.co.za/fixture/2023/3464/,Boland Landbou,Hoërskool Monument,2023-04-29,2023,26,35,migrated,Wildeklawer 2023
3465,https://rugbyignite.co.za/fixture/2023/3465/,Framesby,Welkom Gimnasium,2023-04-29,2023,19,54,migrated,Wildeklawer 2023
3466,https://rugbyignite.co.za/fixture/2023/3466/,Stellenberg High School,Maritzburg College,2023-04-29,2023,36,24,migrated,Wildeklawer 2023
3467,https://rugbyignite.co.za/fixture/2023/3467/,Hoerskool Diamantveld,Drostdy,2023-04-29,2023,13,15,migrated,Wildeklawer 2023
3468,https://rugbyignite.co.za/fixture/2023/3468/,Paul Roos Gimnasium,Durban High School,2023-04-29,2023,21,14,migrated,Wildeklawer 2023
3469,https://rugbyignite.co.za/fixture/2023/3469/,Afrikaanse Hoër Seunskool,Hoer Landbouschool Oakdale,2023-04-29,2023,29,0,migrated,Wildeklawer 2023
3470,https://rugbyignite.co.za/fixture/2023/3470/,Hoërskool Outeniqua,EG Jansen,2023-04-29,2023,19,7,migrated,Wildeklawer 2023
3471,https://rugbyignite.co.za/fixture/2023/3471/,Paarl Gimnasium,Helpmekaar,2023-04-29,2023,25,14,migrated,Wildeklawer 2023
3472,https://rugbyignite.co.za/fixture/2023/3472/,Grey College,Garsfontein,2023-04-29,2023,23,9,migrated,Wildeklawer 2023
3474,https://rugbyignite.co.za/fixture/2023/3474/,Glenwood High School,Welkom Gimnasium,2023-05-01,2023,17,16,migrated,Wildeklawer 2023
3475,https://rugbyignite.co.za/fixture/2023/3475/,Hoer Landbouschool Oakdale,EG Jansen,2023-05-01,2023,18,5,migrated,Wildeklawer 2023
3476,https://rugbyignite.co.za/fixture/2023/3476/,Hoerskool Diamantveld,Boland Landbou,2023-05-01,2023,5,27,migrated,Wildeklawer 2023
3477,https://rugbyignite.co.za/fixture/2023/3477/,Paarl Boys High,Helpmekaar,2023-05-01,2023,15,10,migrated,Wildeklawer 2023
3478,https://rugbyignite.co.za/fixture/2023/3478/,Framesby,Maritzburg College,2023-05-01,2023,13,19,migrated,Wildeklawer 2023
3479,https://rugbyignite.co.za/fixture/2023/3479/,Durban High School,Drostdy,2023-05-01,2023,64,17,migrated,Wildeklawer 2023
3480,https://rugbyignite.co.za/fixture/2023/3480/,Paarl Gimnasium,Hoërskool Monument,2023-05-01,2023,19,5,migrated,Wildeklawer 2023
3481,https://rugbyignite.co.za/fixture/2023/3481/,Grey College,Stellenberg High School,2023-05-01,2023,31,8,migrated,Wildeklawer 2023
3482,https://rugbyignite.co.za/fixture/2023/3482/,Hoërskool Outeniqua,Garsfontein,2023-05-01,2023,8,19,migrated,Wildeklawer 2023
3483,https://rugbyignite.co.za/fixture/2023/3483/,Afrikaanse Hoër Seunskool,Paul Roos Gimnasium,2023-05-01,2023,25,31,migrated,Wildeklawer 2023
3485,https://rugbyignite.co.za/fixture/2023/3485/,Hoërskool Waterkloof,Drostdy,2023-03-31,2023,22,19,migrated,Noord-Suid 2023
3486,https://rugbyignite.co.za/fixture/2023/3486/,EG Jansen,Welkom Gimnasium,2023-03-31,2023,19,13,migrated,Noord-Suid 2023
3487,https://rugbyignite.co.za/fixture/2023/3487/,Hoërskool Nelspruit,Glenwood High School,2023-03-31,2023,33,39,migrated,Noord-Suid 2023
3488,https://rugbyignite.co.za/fixture/2023/3488/,Hoërskool Noordheuwel,Maritzburg College,2023-03-31,2023,45,47,migrated,Noord-Suid 2023
3489,https://rugbyignite.co.za/fixture/2023/3489/,Afrikaanse Hoër Seunskool,Durban High School,2023-03-31,2023,25,24,migrated,Noord-Suid 2023
3490,https://rugbyignite.co.za/fixture/2023/3490/,Grey College,Paarl Gimnasium,2023-03-31,2023,33,12,migrated,Noord-Suid 2023
3492,https://rugbyignite.co.za/fixture/2023/3492/,Pretoria Boys High School,Hoerskool Durbanville,2023-04-01,2023,35,31,migrated,Noord-Suid 2023
3493,https://rugbyignite.co.za/fixture/2023/3493/,Helpmekaar,Hoer Landbouschool Oakdale,2023-04-01,2023,29,26,migrated,Noord-Suid 2023
3494,https://rugbyignite.co.za/fixture/2023/3494/,Garsfontein,Stellenberg High School,2023-04-01,2023,34,29,migrated,Noord-Suid 2023
3495,https://rugbyignite.co.za/fixture/2023/3495/,Jeppe High School For Boys,Paarl Boys High,2023-04-01,2023,21,43,migrated,Noord-Suid 2023
3496,https://rugbyignite.co.za/fixture/2023/3496/,Hoërskool Menlopark,Hoërskool Outeniqua,2023-04-01,2023,11,71,migrated,Noord-Suid 2023
3497,https://rugbyignite.co.za/fixture/2023/3497/,Hoërskool Monument,Paul Roos Gimnasium,2023-04-01,2023,44,26,migrated,Noord-Suid 2023
3498,https://rugbyignite.co.za/fixture/2023/3498/,EG Jansen,Drostdy,2023-04-03,2023,23,22,migrated,Noord-Suid 2023
3499,https://rugbyignite.co.za/fixture/2023/3499/,Hoërskool Waterkloof,Glenwood High School,2023-04-03,2023,32,28,migrated,Noord-Suid 2023
3500,https://rugbyignite.co.za/fixture/2023/3500/,Hoërskool Nelspruit,Durban High School,2023-04-03,2023,7,35,migrated,Noord-Suid 2023
3501,https://rugbyignite.co.za/fixture/2023/3501/,King Edward VII School,Paarl Gimnasium,2023-04-03,2023,19,49,migrated,Noord-Suid 2023
3502,https://rugbyignite.co.za/fixture/2023/3502/,Grey College,Maritzburg College,2023-04-03,2023,37,24,migrated,Noord-Suid 2023
3503,https://rugbyignite.co.za/fixture/2023/3503/,Garsfontein,Hoer Landbouschool Oakdale,2023-04-04,2023,59,7,migrated,Noord-Suid 2023
3504,https://rugbyignite.co.za/fixture/2023/3504/,Hoërskool Noordheuwel,Hoerskool Durbanville,2023-04-04,2023,41,32,migrated,Noord-Suid 2023
3505,https://rugbyignite.co.za/fixture/2023/3505/,Helpmekaar,Stellenberg High School,2023-04-04,2023,20,22,migrated,Noord-Suid 2023
3506,https://rugbyignite.co.za/fixture/2023/3506/,Pretoria Boys High School,Paul Roos Gimnasium,2023-04-04,2023,19,29,migrated,Noord-Suid 2023
3507,https://rugbyignite.co.za/fixture/2023/3507/,Hoërskool Menlopark,Welkom Gimnasium,2023-04-04,2023,17,62,migrated,Noord-Suid 2023
3508,https://rugbyignite.co.za/fixture/2023/3508/,Hoërskool Monument,Hoërskool Outeniqua,2023-04-04,2023,27,34,migrated,Noord-Suid 2023
3509,https://rugbyignite.co.za/fixture/2023/3509/,Afrikaanse Hoër Seunskool,Paarl Boys High,2023-04-04,2023,19,26,migrated,Noord-Suid 2023
3511,https://rugbyignite.co.za/fixture/2023/3511/,St Andrew's College,SACS,2023-03-23,2023,13,12,migrated,
3512,https://rugbyignite.co.za/fixture/2023/3512/,Hoërskool Brandwag,Hilton College,2023-03-23,2023,3,48,migrated,
3513,https://rugbyignite.co.za/fixture/2023/3513/,Kingswood College,Queen's College,2023-03-23,2023,21,12,migrated,
3514,https://rugbyignite.co.za/fixture/2023/3514/,Graeme College,Framesby,2023-03-23,2023,18,14,migrated,
3515,https://rugbyignite.co.za/fixture/2023/3515/,Grey College,Hoër Landbouskool Marlow,2023-03-23,2023,52,12,migrated,
3516,https://rugbyignite.co.za/fixture/2023/3516/,Dale College,Pearson High School,2023-03-24,2023,22,20,migrated,
3517,https://rugbyignite.co.za/fixture/2023/3517/,Selborne College,Nico Malan High School,2023-03-24,2023,34,17,migrated,
3518,https://rugbyignite.co.za/fixture/2023/3518/,Hudson Park High School,Grey High School,2023-03-24,2023,7,27,migrated,
3519,https://rugbyignite.co.za/fixture/2023/3519/,Hoërskool Brandwag,Queen's College,2023-03-25,2023,0,22,migrated,
3520,https://rugbyignite.co.za/fixture/2023/3520/,Hoër Landbouskool Marlow,Kingswood College,2023-03-25,2023,5,34,migrated,
3521,https://rugbyignite.co.za/fixture/2023/3521/,Hilton College,Framesby,2023-03-25,2023,19,3,migrated,
3522,https://rugbyignite.co.za/fixture/2023/3522/,St Andrew's College,Grey College,2023-03-25,2023,0,48,migrated,
3523,https://rugbyignite.co.za/fixture/2023/3523/,Graeme College,SACS,2023-03-25,2023,5,19,migrated,
3525,https://rugbyignite.co.za/fixture/2023/3525/,Hoërskool Eldoraigne,Parktown Boys High School,2023-04-06,2023,38,0,migrated,KES Easter Rugby Festival 2023
3526,https://rugbyignite.co.za/fixture/2023/3526/,Paarl Boys High,Selborne College,2023-04-06,2023,55,5,migrated,KES Easter Rugby Festival 2023
3527,https://rugbyignite.co.za/fixture/2023/3527/,Northwood School,Ben Vorster,2023-04-06,2023,30,15,migrated,KES Easter Rugby Festival 2023
3528,https://rugbyignite.co.za/fixture/2023/3528/,King Edward VII School,Hudson Park High School,2023-04-06,2023,57,12,migrated,KES Easter Rugby Festival 2023
3529,https://rugbyignite.co.za/fixture/2023/3529/,Queen's College,Hoerskool Diamantveld,2023-04-06,2023,40,21,migrated,KES Easter Rugby Festival 2023
3530,https://rugbyignite.co.za/fixture/2023/3530/,Hoërskool Kempton Park,Hoerskool Durbanville,2023-04-08,2023,21,61,migrated,KES Easter Rugby Festival 2023
3531,https://rugbyignite.co.za/fixture/2023/3531/,Nico Malan High School,Hoerskool Diamantveld,2023-04-08,2023,21,37,migrated,KES Easter Rugby Festival 2023
3532,https://rugbyignite.co.za/fixture/2023/3532/,Hudson Park High School,Northwood School,2023-04-08,2023,13,31,migrated,KES Easter Rugby Festival 2023
3533,https://rugbyignite.co.za/fixture/2023/3533/,Queen's College,Ben Vorster,2023-04-08,2023,32,10,migrated,KES Easter Rugby Festival 2023
3534,https://rugbyignite.co.za/fixture/2023/3534/,Selborne College,Parktown Boys High School,2023-04-08,2023,23,17,migrated,KES Easter Rugby Festival 2023
3535,https://rugbyignite.co.za/fixture/2023/3535/,King Edward VII School,Paarl Boys High,2023-04-08,2023,8,10,migrated,KES Easter Rugby Festival 2023
3536,https://rugbyignite.co.za/fixture/2023/3536/,Hoërskool Kempton Park,Queen's College,2023-04-10,2023,12,31,migrated,KES Easter Rugby Festival 2023
3537,https://rugbyignite.co.za/fixture/2023/3537/,Ben Vorster,Nico Malan High School,2023-04-10,2023,5,24,migrated,KES Easter Rugby Festival 2023
3538,https://rugbyignite.co.za/fixture/2023/3538/,Parktown Boys High School,Hoerskool Diamantveld,2023-04-10,2023,17,19,migrated,KES Easter Rugby Festival 2023
3539,https://rugbyignite.co.za/fixture/2023/3539/,Hoërskool Eldoraigne,Hoerskool Durbanville,2023-04-10,2023,17,20,migrated,KES Easter Rugby Festival 2023
3540,https://rugbyignite.co.za/fixture/2023/3540/,Northwood School,Paarl Boys High,2023-04-10,2023,7,29,migrated,KES Easter Rugby Festival 2023
3541,https://rugbyignite.co.za/fixture/2023/3541/,King Edward VII School,Selborne College,2023-04-10,2023,20,0,migrated,KES Easter Rugby Festival 2023
3543,https://rugbyignite.co.za/fixture/2023/3543/,St Charles College,Pretoria Boys High School,2023-04-06,2023,5,41,migrated,St John's Easter Rugby Festival 2023
3544,https://rugbyignite.co.za/fixture/2023/3544/,Hoërskool Nelspruit,St Benedict’s College,2023-04-06,2023,12,8,migrated,St John's Easter Rugby Festival 2023
3545,https://rugbyignite.co.za/fixture/2023/3545/,Jeppe High School For Boys,Graeme College,2023-04-06,2023,27,17,migrated,St John's Easter Rugby Festival 2023
3546,https://rugbyignite.co.za/fixture/2023/3546/,Grey High School,Boland Landbou,2023-04-06,2023,12,22,migrated,St John's Easter Rugby Festival 2023
3547,https://rugbyignite.co.za/fixture/2023/3547/,Hilton College,Hoërskool Noordheuwel,2023-04-06,2023,32,30,migrated,St John's Easter Rugby Festival 2023
3548,https://rugbyignite.co.za/fixture/2023/3548/,Welkom Gimnasium,St John’s College,2023-04-06,2023,28,12,migrated,St John's Easter Rugby Festival 2023
3549,https://rugbyignite.co.za/fixture/2023/3549/,St Charles College,St Benedict’s College,2023-04-08,2023,31,0,migrated,St John's Easter Rugby Festival 2023
3550,https://rugbyignite.co.za/fixture/2023/3550/,Graeme College,St John’s College,2023-04-08,2023,20,20,migrated,St John's Easter Rugby Festival 2023
3551,https://rugbyignite.co.za/fixture/2023/3551/,Maritzburg College,Hoërskool Nelspruit,2023-04-08,2023,43,19,migrated,St John's Easter Rugby Festival 2023
3552,https://rugbyignite.co.za/fixture/2023/3552/,Hoërskool Noordheuwel,Boland Landbou,2023-04-08,2023,19,24,migrated,St John's Easter Rugby Festival 2023
3553,https://rugbyignite.co.za/fixture/2023/3553/,Hilton College,Jeppe High School For Boys,2023-04-08,2023,20,24,migrated,St John's Easter Rugby Festival 2023
3554,https://rugbyignite.co.za/fixture/2023/3554/,Grey High School,Pretoria Boys High School,2023-04-08,2023,19,26,migrated,St John's Easter Rugby Festival 2023
3555,https://rugbyignite.co.za/fixture/2023/3555/,Hilton College,Graeme College,2023-04-10,2023,36,10,migrated,St John's Easter Rugby Festival 2023
3556,https://rugbyignite.co.za/fixture/2023/3556/,Hoërskool Noordheuwel,St Benedict’s College,2023-04-10,2023,52,11,migrated,St John's Easter Rugby Festival 2023
3557,https://rugbyignite.co.za/fixture/2023/3557/,St John’s College,St Charles College,2023-04-10,2023,18,7,migrated,St John's Easter Rugby Festival 2023
3558,https://rugbyignite.co.za/fixture/2023/3558/,Boland Landbou,Welkom Gimnasium,2023-04-10,2023,50,15,migrated,St John's Easter Rugby Festival 2023
3559,https://rugbyignite.co.za/fixture/2023/3559/,Hoërskool Nelspruit,Pretoria Boys High School,2023-04-10,2023,24,31,migrated,St John's Easter Rugby Festival 2023
3560,https://rugbyignite.co.za/fixture/2023/3560/,Maritzburg College,Jeppe High School For Boys,2023-04-10,2023,26,22,migrated,St John's Easter Rugby Festival 2023
3562,https://rugbyignite.co.za/fixture/2023/3562/,St Stithians College,Bishops,2023-04-06,2023,3,66,migrated,St Stithians Easter Rugby Festival 2023
3563,https://rugbyignite.co.za/fixture/2023/3563/,St Andrew's College,Michaelhouse,2023-04-06,2023,22,29,migrated,St Stithians Easter Rugby Festival 2023
3564,https://rugbyignite.co.za/fixture/2023/3564/,Wynberg Boys' High School,Helpmekaar,2023-04-06,2023,20,12,migrated,St Stithians Easter Rugby Festival 2023
3565,https://rugbyignite.co.za/fixture/2023/3565/,St Alban’s College,Wynberg Boys' High School,2023-04-08,2023,0,54,migrated,St Stithians Easter Rugby Festival 2023
3566,https://rugbyignite.co.za/fixture/2023/3566/,Helpmekaar,Bishops,2023-04-08,2023,30,31,migrated,St Stithians Easter Rugby Festival 2023
3567,https://rugbyignite.co.za/fixture/2023/3567/,St Stithians College,Kingswood College,2023-04-08,2023,17,36,migrated,St Stithians Easter Rugby Festival 2023
3568,https://rugbyignite.co.za/fixture/2023/3568/,Michaelhouse,St Alban’s College,2023-04-10,2023,30,10,migrated,St Stithians Easter Rugby Festival 2023
3569,https://rugbyignite.co.za/fixture/2023/3569/,Kingswood College,Helpmekaar,2023-04-10,2023,5,31,migrated,St Stithians Easter Rugby Festival 2023
3571,https://rugbyignite.co.za/fixture/2023/3571/,Strand High School,Potchefstroom Gimnasium,2023-04-01,2023,24,17,migrated,
3572,https://rugbyignite.co.za/fixture/2023/3572/,Hoërskool Hugenote,Merensky Landbou Akademie,2023-04-01,2023,33,14,migrated,
3573,https://rugbyignite.co.za/fixture/2023/3573/,Brackenfell High School,Hoërskool Transvalia,2023-04-01,2023,5,13,migrated,
3574,https://rugbyignite.co.za/fixture/2023/3574/,Pearson High School,Hoërskool Oos-Moot,2023-04-01,2023,20,3,migrated,
3575,https://rugbyignite.co.za/fixture/2023/3575/,Hermanus High School,Lichtenburg,2023-04-01,2023,27,64,migrated,
3576,https://rugbyignite.co.za/fixture/2023/3576/,Hoerskool Jim Fouche,Hoërskool Kempton Park,2023-04-01,2023,24,31,migrated,
3577,https://rugbyignite.co.za/fixture/2023/3577/,Hoërskool Brandwag,Hoërskool Rustenburg,2023-04-01,2023,28,23,migrated,
3578,https://rugbyignite.co.za/fixture/2023/3578/,Hoërskool Transvalia,Strand High School,2023-04-03,2023,25,7,migrated,
3579,https://rugbyignite.co.za/fixture/2023/3579/,Die Anker,Pearson High School,2023-04-03,2023,14,27,migrated,
3580,https://rugbyignite.co.za/fixture/2023/3580/,Lichtenburg,Hoërskool Kempton Park,2023-04-03,2023,12,38,migrated,
3581,https://rugbyignite.co.za/fixture/2023/3581/,Hoërskool Oos-Moot,Brackenfell High School,2023-04-03,2023,15,12,migrated,
3582,https://rugbyignite.co.za/fixture/2023/3582/,Swartland High School,Merensky Landbou Akademie,2023-04-03,2023,7,19,migrated,
3583,https://rugbyignite.co.za/fixture/2023/3583/,Hoer Landbouschool Oakdale,Hoerskool Jim Fouche,2023-04-05,2023,0,31,migrated,
3584,https://rugbyignite.co.za/fixture/2023/3584/,Strand High School,Lichtenburg,2023-04-05,2023,22,17,migrated,
3585,https://rugbyignite.co.za/fixture/2023/3585/,Hoërskool Brandwag,Hoërskool Kempton Park,2023-04-05,2023,25,23,migrated,
3586,https://rugbyignite.co.za/fixture/2023/3586/,Die Anker,Brackenfell High School,2023-04-05,2023,38,18,migrated,
3587,https://rugbyignite.co.za/fixture/2023/3587/,Hoërskool Rustenburg,Hoërskool Hugenote,2023-04-05,2023,17,22,migrated,
3588,https://rugbyignite.co.za/fixture/2023/3588/,Merensky Landbou Akademie,Parel Vallei High School,2023-04-05,2023,28,10,migrated,
3589,https://rugbyignite.co.za/fixture/2023/3589/,Potchefstroom Gimnasium,Hermanus High School,2023-04-05,2023,26,0,migrated,
3590,https://rugbyignite.co.za/fixture/2023/3590/,Montana,Hoerskool Sentraal,2023-04-05,2023,34,26,migrated,
3592,https://rugbyignite.co.za/fixture/2023/3592/,Muir College,Parktown Boys High School,2023-04-27,2023,7,21,migrated,Grey Rugby Festival 2023
3593,https://rugbyignite.co.za/fixture/2023/3593/,Selborne College,Hoërskool Brandwag,2023-04-27,2023,32,0,migrated,Grey Rugby Festival 2023
3594,https://rugbyignite.co.za/fixture/2023/3594/,Westville Boys' High School,Bethlehem Voortrekker Hoerskool,2023-04-27,2023,28,5,migrated,Grey Rugby Festival 2023
3595,https://rugbyignite.co.za/fixture/2023/3595/,Nico Malan High School,St John’s College,2023-04-27,2023,17,17,migrated,Grey Rugby Festival 2023
3596,https://rugbyignite.co.za/fixture/2023/3596/,Graeme College,King Edward VII School,2023-04-27,2023,0,12,migrated,Grey Rugby Festival 2023
3597,https://rugbyignite.co.za/fixture/2023/3597/,Queen's College,Jeppe High School For Boys,2023-04-27,2023,5,51,migrated,Grey Rugby Festival 2023
3598,https://rugbyignite.co.za/fixture/2023/3598/,Hudson Park High School,St Stithians College,2023-04-27,2023,29,21,migrated,Grey Rugby Festival 2023
3599,https://rugbyignite.co.za/fixture/2023/3599/,Grey High School,SACS,2023-04-27,2023,27,17,migrated,Grey Rugby Festival 2023
3600,https://rugbyignite.co.za/fixture/2023/3600/,Hudson Park High School,St John’s College,2023-04-29,2023,12,22,migrated,Grey Rugby Festival 2023
3601,https://rugbyignite.co.za/fixture/2023/3601/,Muir College,St Stithians College,2023-04-29,2023,38,15,migrated,Grey Rugby Festival 2023
3602,https://rugbyignite.co.za/fixture/2023/3602/,Selborne College,Jeppe High School For Boys,2023-04-29,2023,34,34,migrated,Grey Rugby Festival 2023
3603,https://rugbyignite.co.za/fixture/2023/3603/,Graeme College,Bethlehem Voortrekker Hoerskool,2023-04-29,2023,32,12,migrated,Grey Rugby Festival 2023
3604,https://rugbyignite.co.za/fixture/2023/3604/,Hoërskool Brandwag,Parktown Boys High School,2023-04-29,2023,13,19,migrated,Grey Rugby Festival 2023
3605,https://rugbyignite.co.za/fixture/2023/3605/,Dale College,Nico Malan High School,2023-04-29,2023,5,22,migrated,Grey Rugby Festival 2023
3606,https://rugbyignite.co.za/fixture/2023/3606/,Pretoria Boys High School,SACS,2023-04-29,2023,24,13,migrated,Grey Rugby Festival 2023
3607,https://rugbyignite.co.za/fixture/2023/3607/,Queen's College,King Edward VII School,2023-04-29,2023,21,19,migrated,Grey Rugby Festival 2023
3608,https://rugbyignite.co.za/fixture/2023/3608/,Grey High School,Westville Boys' High School,2023-04-29,2023,17,15,migrated,Grey Rugby Festival 2023
3610,https://rugbyignite.co.za/fixture/2023/3610/,Daniel Pienaar,Muir College,2023-03-11,2023,10,16,migrated,
3611,https://rugbyignite.co.za/fixture/2023/3611/,Graeme College,Daniel Pienaar,2023-03-18,2023,41,0,migrated,
3612,https://rugbyignite.co.za/fixture/2023/3612/,Nico Malan High School,St Andrew's College,2023-03-18,2023,18,17,migrated,
3613,https://rugbyignite.co.za/fixture/2023/3613/,Daniel Pienaar,Secunda,2023-03-29,2023,7,24,migrated,
3614,https://rugbyignite.co.za/fixture/2023/3614/,Nico Malan High School,Kearsney College,2023-03-29,2023,10,26,migrated,
3615,https://rugbyignite.co.za/fixture/2023/3615/,Grey High School,Rondebosch Boys High School,2023-03-30,2023,19,19,migrated,
3617,https://rugbyignite.co.za/fixture/2023/3617/,Muir College,Rondebosch Boys High School,2023-04-01,2023,13,36,migrated,
3618,https://rugbyignite.co.za/fixture/2023/3618/,Daniel Pienaar,Bergsig,2023-04-15,2023,19,13,migrated,
3619,https://rugbyignite.co.za/fixture/2023/3619/,Hoër Landbouskool Marlow,Hoërskool Brandwag,2023-04-15,2023,34,14,migrated,
3620,https://rugbyignite.co.za/fixture/2023/3620/,Selborne College,Pearson High School,2023-04-15,2023,22,25,migrated,
3621,https://rugbyignite.co.za/fixture/2023/3621/,Grey High School,Dale College,2023-04-22,2023,36,17,migrated,
3622,https://rugbyignite.co.za/fixture/2023/3622/,Hoërskool Brandwag,Muir College,2023-04-22,2023,18,18,migrated,
3623,https://rugbyignite.co.za/fixture/2023/3623/,Queen's College,Selborne College,2023-04-22,2023,20,15,migrated,
3625,https://rugbyignite.co.za/fixture/2023/3625/,Daniel Pienaar,Framesby,2023-05-06,2023,17,17,migrated,
3626,https://rugbyignite.co.za/fixture/2023/3626/,Graeme College,St Andrew's College,2023-05-06,2023,23,24,migrated,
3627,https://rugbyignite.co.za/fixture/2023/3627/,Grey High School,Wynberg Boys' High School,2023-05-06,2023,8,35,migrated,
3628,https://rugbyignite.co.za/fixture/2023/3628/,Pearson High School,Nico Malan High School,2023-05-06,2023,10,7,migrated,
3629,https://rugbyignite.co.za/fixture/2023/3629/,Dale College,Queen's College,2023-05-13,2023,12,21,migrated,
3630,https://rugbyignite.co.za/fixture/2023/3630/,Grey High School,St Andrew's College,2023-05-13,2023,19,0,migrated,
3631,https://rugbyignite.co.za/fixture/2023/3631/,Nico Malan High School,Hoër Landbouskool Marlow,2023-05-13,2023,15,25,migrated,
3632,https://rugbyignite.co.za/fixture/2023/3632/,Pearson High School,Kingswood College,2023-05-13,2023,0,18,migrated,
3633,https://rugbyignite.co.za/fixture/2023/3633/,Graeme College,Nico Malan High School,2023-05-20,2023,23,12,migrated,
3634,https://rugbyignite.co.za/fixture/2023/3634/,Hoër Landbouskool Marlow,Framesby,2023-05-20,2023,21,19,migrated,
3635,https://rugbyignite.co.za/fixture/2023/3635/,Muir College,Pearson High School,2023-05-20,2023,31,32,migrated,
3636,https://rugbyignite.co.za/fixture/2023/3636/,Queen's College,Grey High School,2023-05-20,2023,13,19,migrated,
3637,https://rugbyignite.co.za/fixture/2023/3637/,Selborne College,Dale College,2023-05-20,2023,31,23,migrated,
3638,https://rugbyignite.co.za/fixture/2023/3638/,St Andrew's College,Hudson Park High School,2023-05-20,2023,41,19,migrated,
3639,https://rugbyignite.co.za/fixture/2023/3639/,Hudson Park High School,Queen's College,2023-05-27,2023,13,18,migrated,
3641,https://rugbyignite.co.za/fixture/2023/3641/,Graeme College,Grey High School,2023-06-03,2023,22,8,migrated,
3642,https://rugbyignite.co.za/fixture/2023/3642/,Hoërskool Brandwag,Framesby,2023-06-03,2023,8,35,migrated,
3643,https://rugbyignite.co.za/fixture/2023/3643/,Hudson Park High School,Hoër Landbouskool Marlow,2023-06-03,2023,0,45,migrated,
3644,https://rugbyignite.co.za/fixture/2023/3644/,Kingswood College,Dale College,2023-06-03,2023,22,0,migrated,
3645,https://rugbyignite.co.za/fixture/2023/3645/,Pearson High School,Daniel Pienaar,2023-06-03,2023,48,17,migrated,
3646,https://rugbyignite.co.za/fixture/2023/3646/,St Andrew's College,Selborne College,2023-06-03,2023,26,13,migrated,
3647,https://rugbyignite.co.za/fixture/2023/3647/,Dale College,Graeme College,2023-06-10,2023,24,20,migrated,
3648,https://rugbyignite.co.za/fixture/2023/3648/,St Andrew's College,Queen's College,2023-06-10,2023,13,11,migrated,
3649,https://rugbyignite.co.za/fixture/2023/3649/,Kingswood College,St Andrew's College,2023-06-17,2023,13,10,migrated,
3651,https://rugbyignite.co.za/fixture/2023/3651/,Grey High School,Framesby,2023-07-22,2023,15,17,migrated,
3652,https://rugbyignite.co.za/fixture/2023/3652/,Hoër Landbouskool Marlow,St Andrew's College,2023-07-22,2023,13,10,migrated,
3653,https://rugbyignite.co.za/fixture/2023/3653/,Hudson Park High School,Selborne College,2023-07-22,2023,22,36,migrated,
3654,https://rugbyignite.co.za/fixture/2023/3654/,Nico Malan High School,Kingswood College,2023-07-22,2023,26,20,migrated,
3655,https://rugbyignite.co.za/fixture/2023/3655/,Pearson High School,Graeme College,2023-07-22,2023,29,31,migrated,
3656,https://rugbyignite.co.za/fixture/2023/3656/,St Andrew's College,Bishops,2023-07-26,2023,39,48,migrated,
3657,https://rugbyignite.co.za/fixture/2023/3657/,Dale College,St Andrew's College,2023-07-29,2023,22,37,migrated,
3658,https://rugbyignite.co.za/fixture/2023/3658/,Daniel Pienaar,Nico Malan High School,2023-07-29,2023,19,22,migrated,
3659,https://rugbyignite.co.za/fixture/2023/3659/,Grey High School,Grey College,2023-07-29,2023,14,38,migrated,
3660,https://rugbyignite.co.za/fixture/2023/3660/,Kingswood College,Graeme College,2023-07-29,2023,26,14,migrated,
3661,https://rugbyignite.co.za/fixture/2023/3661/,Pearson High School,Hoër Landbouskool Marlow,2023-07-29,2023,19,33,migrated,
3662,https://rugbyignite.co.za/fixture/2023/3662/,Selborne College,Queen's College,2023-07-29,2023,17,21,migrated,
3664,https://rugbyignite.co.za/fixture/2023/3664/,Dale College,Selborne College,2023-08-05,2023,36,31,migrated,
3665,https://rugbyignite.co.za/fixture/2023/3665/,Graeme College,Queen's College,2023-08-05,2023,24,21,migrated,
3666,https://rugbyignite.co.za/fixture/2023/3666/,Grey High School,Muir College,2023-08-05,2023,58,5,migrated,
3667,https://rugbyignite.co.za/fixture/2023/3667/,Nico Malan High School,Hoërskool Brandwag,2023-08-05,2023,59,3,migrated,
3668,https://rugbyignite.co.za/fixture/2023/3668/,Dale College,Hudson Park High School,2023-08-12,2023,14,17,migrated,
3669,https://rugbyignite.co.za/fixture/2023/3669/,Framesby,Hoër Landbouskool Marlow,2023-08-12,2023,30,25,migrated,
3670,https://rugbyignite.co.za/fixture/2023/3670/,Hoërskool Brandwag,Daniel Pienaar,2023-08-12,2023,13,20,migrated,
3671,https://rugbyignite.co.za/fixture/2023/3671/,Muir College,Graeme College,2023-08-12,2023,13,15,migrated,
3672,https://rugbyignite.co.za/fixture/2023/3672/,Pearson High School,Parel Vallei High School,2023-08-12,2023,38,12,migrated,
3673,https://rugbyignite.co.za/fixture/2023/3673/,Selborne College,Grey High School,2023-08-12,2023,12,10,migrated,
3674,https://rugbyignite.co.za/fixture/2023/3674/,Daniel Pienaar,Hoër Landbouskool Marlow,2023-08-19,2023,5,42,migrated,
3675,https://rugbyignite.co.za/fixture/2023/3675/,Nico Malan High School,Framesby,2023-08-19,2023,21,17,migrated,
3676,https://rugbyignite.co.za/fixture/2023/3676/,Pearson High School,Hoërskool Brandwag,2023-08-19,2023,20,0,migrated,
3677,https://rugbyignite.co.za/fixture/2023/3677/,Queen's College,Dale College,2023-08-19,2023,66,7,migrated,
3679,https://rugbyignite.co.za/fixture/2023/3679/,Hoërskool Fichardtpark,Hoerskool Diamantveld,2023-03-04,2023,33,27,migrated,
3680,https://rugbyignite.co.za/fixture/2023/3680/,Witteberg Hoerskool,HTS Middelburg,2023-03-04,2023,24,6,migrated,
3681,https://rugbyignite.co.za/fixture/2023/3681/,Bethlehem Voortrekker Hoerskool,Kearsney College,2023-03-06,2023,7,46,migrated,
3682,https://rugbyignite.co.za/fixture/2023/3682/,Hoerskool Diamantveld,Afrikaanse Hoër Seunskool,2023-03-11,2023,0,27,migrated,
3683,https://rugbyignite.co.za/fixture/2023/3683/,Hoerskool Jim Fouche,Goudveld Hoërskool,2023-03-11,2023,24,21,migrated,
3684,https://rugbyignite.co.za/fixture/2023/3684/,Hoerskool Sentraal,Witteberg Hoerskool,2023-03-11,2023,12,25,migrated,
3685,https://rugbyignite.co.za/fixture/2023/3685/,Trio High School,Hoërskool Monument,2023-03-11,2023,0,24,migrated,
3686,https://rugbyignite.co.za/fixture/2023/3686/,Welkom Gimnasium,Grey College,2023-03-11,2023,21,73,migrated,
3687,https://rugbyignite.co.za/fixture/2023/3687/,Welkom Gimnasium,Hoërskool Monument,2023-03-18,2023,31,26,migrated,
3688,https://rugbyignite.co.za/fixture/2023/3688/,Hoerskool Jim Fouche,Secunda,2023-03-23,2023,31,31,migrated,
3689,https://rugbyignite.co.za/fixture/2023/3689/,Bethlehem Voortrekker Hoerskool,Helpmekaar,2023-03-25,2023,3,41,migrated,
3690,https://rugbyignite.co.za/fixture/2023/3690/,Bethlehem Voortrekker Hoerskool,Trio High School,2023-04-15,2023,24,18,migrated,
3691,https://rugbyignite.co.za/fixture/2023/3691/,Goudveld Hoërskool,Witteberg Hoerskool,2023-04-15,2023,19,23,migrated,
3692,https://rugbyignite.co.za/fixture/2023/3692/,Hoerskool Jim Fouche,Hoërskool Fichardtpark,2023-04-15,2023,33,39,migrated,
3693,https://rugbyignite.co.za/fixture/2023/3693/,Bethlehem Voortrekker Hoerskool,Goudveld Hoërskool,2023-04-22,2023,29,19,migrated,
3694,https://rugbyignite.co.za/fixture/2023/3694/,Hoerskool Diamantveld,Hoerskool Sentraal,2023-04-22,2023,50,24,migrated,
3695,https://rugbyignite.co.za/fixture/2023/3695/,Witteberg Hoerskool,Welkom Gimnasium,2023-04-22,2023,19,41,migrated,
3696,https://rugbyignite.co.za/fixture/2023/3696/,Grey College,Selborne College,2023-05-06,2023,41,0,migrated,
3697,https://rugbyignite.co.za/fixture/2023/3697/,Hoerskool Sentraal,Hoërskool Fichardtpark,2023-05-06,2023,7,33,migrated,
3698,https://rugbyignite.co.za/fixture/2023/3698/,Trio High School,Goudveld Hoërskool,2023-05-06,2023,29,0,migrated,
3699,https://rugbyignite.co.za/fixture/2023/3699/,Welkom Gimnasium,Bethlehem Voortrekker Hoerskool,2023-05-06,2023,43,8,migrated,
3700,https://rugbyignite.co.za/fixture/2023/3700/,Hoerskool Jim Fouche,Hoerskool Sentraal,2023-05-13,2023,38,17,migrated,
3701,https://rugbyignite.co.za/fixture/2023/3701/,Welkom Gimnasium,Trio High School,2023-05-13,2023,44,17,migrated,
3702,https://rugbyignite.co.za/fixture/2023/3702/,Witteberg Hoerskool,Bethlehem Voortrekker Hoerskool,2023-05-13,2023,16,24,migrated,
3703,https://rugbyignite.co.za/fixture/2023/3703/,Goudveld Hoërskool,Welkom Gimnasium,2023-05-20,2023,17,41,migrated,
3704,https://rugbyignite.co.za/fixture/2023/3704/,Grey College,Afrikaanse Hoër Seunskool,2023-05-20,2023,60,19,migrated,
3705,https://rugbyignite.co.za/fixture/2023/3705/,Hoerskool Diamantveld,Hoerskool Jim Fouche,2023-05-20,2023,22,36,migrated,
3706,https://rugbyignite.co.za/fixture/2023/3706/,Trio High School,Witteberg Hoerskool,2023-05-20,2023,36,22,migrated,
3707,https://rugbyignite.co.za/fixture/2023/3707/,Hoerskool Diamantveld,Trio High School,2023-05-23,2023,21,15,migrated,
3708,https://rugbyignite.co.za/fixture/2023/3708/,Hoërskool Fichardtpark,Bethlehem Voortrekker Hoerskool,2023-05-26,2023,33,18,migrated,
3709,https://rugbyignite.co.za/fixture/2023/3709/,Bethlehem Voortrekker Hoerskool,Hoerskool Diamantveld,2023-07-22,2023,46,17,migrated,
3710,https://rugbyignite.co.za/fixture/2023/3710/,Hoerskool Sentraal,Trio High School,2023-07-22,2023,14,37,migrated,
3711,https://rugbyignite.co.za/fixture/2023/3711/,Hoërskool Fichardtpark,Goudveld Hoërskool,2023-07-22,2023,41,17,migrated,
3712,https://rugbyignite.co.za/fixture/2023/3712/,Witteberg Hoerskool,Hoerskool Jim Fouche,2023-07-22,2023,24,45,migrated,
3713,https://rugbyignite.co.za/fixture/2023/3713/,Bethlehem Voortrekker Hoerskool,Hoerskool Sentraal,2023-07-29,2023,58,14,migrated,
3714,https://rugbyignite.co.za/fixture/2023/3714/,Hoerskool Diamantveld,Framesby,2023-07-29,2023,7,41,migrated,
3715,https://rugbyignite.co.za/fixture/2023/3715/,Trio High School,Hoerskool Jim Fouche,2023-07-29,2023,65,21,migrated,
3716,https://rugbyignite.co.za/fixture/2023/3716/,Witteberg Hoerskool,Hoërskool Fichardtpark,2023-07-29,2023,27,29,migrated,
3717,https://rugbyignite.co.za/fixture/2023/3717/,Goudveld Hoërskool,Hoerskool Diamantveld,2023-08-05,2023,15,6,migrated,
3718,https://rugbyignite.co.za/fixture/2023/3718/,Grey College,Hoer Landbouschool Oakdale,2023-08-05,2023,36,25,migrated,
3719,https://rugbyignite.co.za/fixture/2023/3719/,Hoërskool Fichardtpark,Hoerskool Sentraal,2023-08-05,2023,52,0,migrated,
3720,https://rugbyignite.co.za/fixture/2023/3720/,Grey College,Paul Roos Gimnasium,2023-08-19,2023,28,20,migrated,
3722,https://rugbyignite.co.za/fixture/2023/3722/,Durban High School,Bethlehem Voortrekker Hoerskool,2023-03-11,2023,38,17,migrated,
3723,https://rugbyignite.co.za/fixture/2023/3723/,Hilton College,Secunda,2023-03-11,2023,19,27,migrated,
3724,https://rugbyignite.co.za/fixture/2023/3724/,Michaelhouse,Helpmekaar,2023-03-11,2023,24,24,migrated,
3725,https://rugbyignite.co.za/fixture/2023/3725/,Glenwood High School,Westville Boys' High School,2023-03-18,2023,25,24,migrated,
3726,https://rugbyignite.co.za/fixture/2023/3726/,Michaelhouse,Maritzburg College,2023-03-18,2023,27,20,migrated,
3727,https://rugbyignite.co.za/fixture/2023/3727/,Northwood School,Hilton College,2023-03-18,2023,10,29,migrated,
3728,https://rugbyignite.co.za/fixture/2023/3728/,St Charles College,Durban High School,2023-03-18,2023,14,52,migrated,
3729,https://rugbyignite.co.za/fixture/2023/3729/,Durban High School,Maritzburg College,2023-03-25,2023,14,7,migrated,
3730,https://rugbyignite.co.za/fixture/2023/3730/,Northwood School,Westville Boys' High School,2023-03-25,2023,22,23,migrated,
3731,https://rugbyignite.co.za/fixture/2023/3731/,Durban High School,Westville Boys' High School,2023-04-15,2023,24,20,migrated,
3732,https://rugbyignite.co.za/fixture/2023/3732/,Glenwood High School,Northwood School,2023-04-15,2023,22,29,migrated,
3733,https://rugbyignite.co.za/fixture/2023/3733/,Durban High School,Northwood School,2023-04-22,2023,26,7,migrated,
3734,https://rugbyignite.co.za/fixture/2023/3734/,Michaelhouse,Glenwood High School,2023-04-22,2023,36,10,migrated,
3735,https://rugbyignite.co.za/fixture/2023/3735/,St Charles College,Hilton College,2023-04-22,2023,10,39,migrated,
3736,https://rugbyignite.co.za/fixture/2023/3736/,Westville Boys' High School,Kearsney College,2023-04-22,2023,34,29,migrated,
3737,https://rugbyignite.co.za/fixture/2023/3737/,Michaelhouse,Hilton College,2023-04-29,2023,17,20,migrated,
3738,https://rugbyignite.co.za/fixture/2023/3738/,Northwood School,Kearsney College,2023-04-29,2023,14,10,migrated,
3739,https://rugbyignite.co.za/fixture/2023/3739/,Hilton College,Durban High School,2023-05-06,2023,36,33,migrated,
3740,https://rugbyignite.co.za/fixture/2023/3740/,Kearsney College,Michaelhouse,2023-05-06,2023,20,23,migrated,
3741,https://rugbyignite.co.za/fixture/2023/3741/,Maritzburg College,Glenwood High School,2023-05-06,2023,42,15,migrated,
3742,https://rugbyignite.co.za/fixture/2023/3742/,Westville Boys' High School,Jeppe High School For Boys,2023-05-06,2023,31,43,migrated,
3743,https://rugbyignite.co.za/fixture/2023/3743/,Hilton College,Pretoria Boys High School,2023-05-13,2023,39,15,migrated,
3744,https://rugbyignite.co.za/fixture/2023/3744/,Kearsney College,Glenwood High School,2023-05-13,2023,13,18,migrated,
3745,https://rugbyignite.co.za/fixture/2023/3745/,Maritzburg College,Westville Boys' High School,2023-05-13,2023,29,8,migrated,
3746,https://rugbyignite.co.za/fixture/2023/3746/,Michaelhouse,Durban High School,2023-05-13,2023,31,27,migrated,
3747,https://rugbyignite.co.za/fixture/2023/3747/,St Charles College,Northwood School,2023-05-13,2023,29,61,migrated,
3748,https://rugbyignite.co.za/fixture/2023/3748/,Westville Boys' High School,Durban High School,2023-05-20,2023,19,43,migrated,
3749,https://rugbyignite.co.za/fixture/2023/3749/,Durban High School,Kearsney College,2023-05-27,2023,47,22,migrated,
3750,https://rugbyignite.co.za/fixture/2023/3750/,Glenwood High School,Hilton College,2023-05-27,2023,19,25,migrated,
3751,https://rugbyignite.co.za/fixture/2023/3751/,St Charles College,Maritzburg College,2023-05-27,2023,8,46,migrated,
3752,https://rugbyignite.co.za/fixture/2023/3752/,Hilton College,Maritzburg College,2023-06-03,2023,29,14,migrated,
3753,https://rugbyignite.co.za/fixture/2023/3753/,Kearsney College,St Charles College,2023-06-03,2023,31,15,migrated,
3754,https://rugbyignite.co.za/fixture/2023/3754/,Northwood School,Michaelhouse,2023-06-03,2023,12,38,migrated,
3755,https://rugbyignite.co.za/fixture/2023/3755/,Kearsney College,Hilton College,2023-06-10,2023,12,28,migrated,
3756,https://rugbyignite.co.za/fixture/2023/3756/,Michaelhouse,Westville Boys' High School,2023-06-10,2023,36,22,migrated,
3757,https://rugbyignite.co.za/fixture/2023/3757/,Northwood School,Maritzburg College,2023-06-10,2023,14,36,migrated,
3758,https://rugbyignite.co.za/fixture/2023/3758/,St Charles College,Glenwood High School,2023-06-10,2023,31,37,migrated,
3759,https://rugbyignite.co.za/fixture/2023/3759/,Hilton College,Michaelhouse,2023-06-17,2023,15,18,migrated,
3760,https://rugbyignite.co.za/fixture/2023/3760/,Northwood School,Glenwood High School,2023-07-22,2023,21,33,migrated,
3761,https://rugbyignite.co.za/fixture/2023/3761/,Maritzburg College,Pretoria Boys High School,2023-07-29,2023,43,12,migrated,
3762,https://rugbyignite.co.za/fixture/2023/3762/,Northwood School,Durban High School,2023-07-29,2023,5,27,migrated,
3763,https://rugbyignite.co.za/fixture/2023/3763/,Maritzburg College,King Edward VII School,2023-08-05,2023,33,24,migrated,
3764,https://rugbyignite.co.za/fixture/2023/3764/,Glenwood High School,Maritzburg College,2023-08-12,2023,27,24,migrated,
3766,https://rugbyignite.co.za/fixture/2023/3766/,Parel Vallei High School,Hoërskool Outeniqua,2023-03-11,2023,6,59,migrated,
3767,https://rugbyignite.co.za/fixture/2023/3767/,Paarl Boys High,Drostdy,2023-03-18,2023,13,6,migrated,
3768,https://rugbyignite.co.za/fixture/2023/3768/,Paarl Gimnasium,Potchefstroom Gimnasium,2023-03-18,2023,83,3,migrated,
3769,https://rugbyignite.co.za/fixture/2023/3769/,Paarl Gimnasium,Stellenberg High School,2023-03-24,2023,24,23,migrated,
3770,https://rugbyignite.co.za/fixture/2023/3770/,Hoer Landbouschool Oakdale,Rondebosch Boys High School,2023-03-25,2023,18,24,migrated,
3772,https://rugbyignite.co.za/fixture/2023/3772/,Hoer Landbouschool Oakdale,Paarl Boys High,2023-04-15,2023,20,17,migrated,
3773,https://rugbyignite.co.za/fixture/2023/3773/,Hoërskool Outeniqua,Grey College,2023-04-15,2023,17,19,migrated,
3774,https://rugbyignite.co.za/fixture/2023/3774/,Paarl Gimnasium,Wynberg Boys' High School,2023-04-15,2023,33,11,migrated,
3775,https://rugbyignite.co.za/fixture/2023/3775/,Paul Roos Gimnasium,Grey High School,2023-04-15,2023,39,24,migrated,
3776,https://rugbyignite.co.za/fixture/2023/3776/,Rondebosch Boys High School,Hoerskool Durbanville,2023-04-15,2023,19,35,migrated,
3777,https://rugbyignite.co.za/fixture/2023/3777/,SACS,Brackenfell High School,2023-04-15,2023,38,27,migrated,
3778,https://rugbyignite.co.za/fixture/2023/3778/,Stellenberg High School,Boland Landbou,2023-04-15,2023,10,17,migrated,
3779,https://rugbyignite.co.za/fixture/2023/3779/,Bishops,Paul Roos Gimnasium,2023-04-22,2023,12,24,migrated,
3780,https://rugbyignite.co.za/fixture/2023/3780/,Hoer Landbouschool Oakdale,Framesby,2023-04-22,2023,47,10,migrated,
3781,https://rugbyignite.co.za/fixture/2023/3781/,Hoerskool Durbanville,Hoërskool Outeniqua,2023-04-22,2023,0,36,migrated,
3782,https://rugbyignite.co.za/fixture/2023/3782/,Paarl Boys High,SACS,2023-04-22,2023,34,18,migrated,
3783,https://rugbyignite.co.za/fixture/2023/3783/,Paarl Gimnasium,Afrikaanse Hoër Seunskool,2023-04-22,2023,38,21,migrated,
3784,https://rugbyignite.co.za/fixture/2023/3784/,Parel Vallei High School,Bellville High School,2023-04-22,2023,24,39,migrated,
3785,https://rugbyignite.co.za/fixture/2023/3785/,Rondebosch Boys High School,Boland Landbou,2023-04-22,2023,15,8,migrated,
3786,https://rugbyignite.co.za/fixture/2023/3786/,Stellenberg High School,Wynberg Boys' High School,2023-04-22,2023,13,15,migrated,
3788,https://rugbyignite.co.za/fixture/2023/3788/,Bishops,SACS,2023-05-06,2023,31,25,migrated,
3789,https://rugbyignite.co.za/fixture/2023/3789/,Hoerskool Durbanville,Drostdy,2023-05-06,2023,61,3,migrated,
3790,https://rugbyignite.co.za/fixture/2023/3790/,Paul Roos Gimnasium,Paarl Gimnasium,2023-05-06,2023,19,24,migrated,
3791,https://rugbyignite.co.za/fixture/2023/3791/,Stellenberg High School,Paarl Boys High,2023-05-06,2023,29,41,migrated,
3792,https://rugbyignite.co.za/fixture/2023/3792/,Strand High School,Hermanus High School,2023-05-06,2023,45,0,migrated,
3793,https://rugbyignite.co.za/fixture/2023/3793/,Boland Landbou,Paarl Gimnasium,2023-05-13,2023,18,36,migrated,
3794,https://rugbyignite.co.za/fixture/2023/3794/,Paarl Boys High,Grey College,2023-05-13,2023,30,39,migrated,
3795,https://rugbyignite.co.za/fixture/2023/3795/,Parel Vallei High School,Hoerskool Durbanville,2023-05-13,2023,0,77,migrated,
3796,https://rugbyignite.co.za/fixture/2023/3796/,SACS,Rondebosch Boys High School,2023-05-13,2023,7,22,migrated,
3797,https://rugbyignite.co.za/fixture/2023/3797/,Wynberg Boys' High School,Bishops,2023-05-13,2023,10,14,migrated,
3798,https://rugbyignite.co.za/fixture/2023/3798/,Boland Landbou,Bishops,2023-05-20,2023,22,19,migrated,
3799,https://rugbyignite.co.za/fixture/2023/3799/,Paul Roos Gimnasium,Rondebosch Boys High School,2023-05-20,2023,27,7,migrated,
3800,https://rugbyignite.co.za/fixture/2023/3800/,SACS,Paarl Gimnasium,2023-05-20,2023,3,73,migrated,
3801,https://rugbyignite.co.za/fixture/2023/3801/,Stellenberg High School,Hoer Landbouschool Oakdale,2023-05-20,2023,13,13,migrated,
3802,https://rugbyignite.co.za/fixture/2023/3802/,Strand High School,Brackenfell High School,2023-05-20,2023,18,26,migrated,
3803,https://rugbyignite.co.za/fixture/2023/3803/,Wynberg Boys' High School,Paarl Boys High,2023-05-20,2023,29,33,migrated,
3804,https://rugbyignite.co.za/fixture/2023/3804/,Bishops,Stellenberg High School,2023-05-27,2023,22,7,migrated,
3805,https://rugbyignite.co.za/fixture/2023/3805/,Hoërskool Outeniqua,Hoer Landbouschool Oakdale,2023-05-27,2023,25,14,migrated,
3806,https://rugbyignite.co.za/fixture/2023/3806/,Paarl Boys High,Paul Roos Gimnasium,2023-05-27,2023,17,35,migrated,
3807,https://rugbyignite.co.za/fixture/2023/3807/,Rondebosch Boys High School,Wynberg Boys' High School,2023-05-27,2023,20,16,migrated,
3808,https://rugbyignite.co.za/fixture/2023/3808/,Strand High School,Worcester Gymnasium,2023-05-27,2023,30,29,migrated,
3810,https://rugbyignite.co.za/fixture/2023/3810/,Bishops,Paarl Gimnasium,2023-06-03,2023,7,45,migrated,
3811,https://rugbyignite.co.za/fixture/2023/3811/,Boland Landbou,Wynberg Boys' High School,2023-06-03,2023,24,15,migrated,
3812,https://rugbyignite.co.za/fixture/2023/3812/,Drostdy,Tygerberg High School,2023-06-03,2023,73,5,migrated,
3813,https://rugbyignite.co.za/fixture/2023/3813/,Hoerskool Durbanville,Bellville High School,2023-06-03,2023,72,12,migrated,
3814,https://rugbyignite.co.za/fixture/2023/3814/,Paul Roos Gimnasium,SACS,2023-06-03,2023,26,7,migrated,
3815,https://rugbyignite.co.za/fixture/2023/3815/,Rondebosch Boys High School,Paarl Boys High,2023-06-03,2023,7,12,migrated,
3816,https://rugbyignite.co.za/fixture/2023/3816/,Stellenberg High School,Parel Vallei High School,2023-06-03,2023,60,5,migrated,
3817,https://rugbyignite.co.za/fixture/2023/3817/,Paarl Gimnasium,Hoer Landbouschool Oakdale,2023-06-10,2023,36,12,migrated,
3818,https://rugbyignite.co.za/fixture/2023/3818/,Rondebosch Boys High School,Bishops,2023-06-10,2023,8,13,migrated,
3819,https://rugbyignite.co.za/fixture/2023/3819/,SACS,Wynberg Boys' High School,2023-06-10,2023,17,30,migrated,
3821,https://rugbyignite.co.za/fixture/2023/3821/,Strand High School,Swartland High School,2023-07-19,2023,17,15,migrated,
3822,https://rugbyignite.co.za/fixture/2023/3822/,Hoerskool Durbanville,SACS,2023-07-22,2023,22,22,migrated,
3823,https://rugbyignite.co.za/fixture/2023/3823/,Hoërskool Outeniqua,Paarl Gimnasium,2023-07-22,2023,10,10,migrated,
3824,https://rugbyignite.co.za/fixture/2023/3824/,Paarl Boys High,Boland Landbou,2023-07-22,2023,22,26,migrated,
3825,https://rugbyignite.co.za/fixture/2023/3825/,Paul Roos Gimnasium,Hoer Landbouschool Oakdale,2023-07-22,2023,27,15,migrated,
3826,https://rugbyignite.co.za/fixture/2023/3826/,Stellenberg High School,Rondebosch Boys High School,2023-07-22,2023,20,17,migrated,
3827,https://rugbyignite.co.za/fixture/2023/3827/,Worcester Gymnasium,Parel Vallei High School,2023-07-22,2023,28,3,migrated,
3828,https://rugbyignite.co.za/fixture/2023/3828/,Drostdy,Hoer Landbouschool Oakdale,2023-07-29,2023,24,31,migrated,
3829,https://rugbyignite.co.za/fixture/2023/3829/,Hoërskool Outeniqua,Stellenberg High School,2023-07-29,2023,10,8,migrated,
3830,https://rugbyignite.co.za/fixture/2023/3830/,Paarl Boys High,Bishops,2023-07-29,2023,22,12,migrated,
3831,https://rugbyignite.co.za/fixture/2023/3831/,Paarl Gimnasium,Rondebosch Boys High School,2023-07-29,2023,41,7,migrated,
3832,https://rugbyignite.co.za/fixture/2023/3832/,SACS,Boland Landbou,2023-07-29,2023,22,32,migrated,
3834,https://rugbyignite.co.za/fixture/2023/3834/,Boland Landbou,Paul Roos Gimnasium,2023-08-05,2023,28,12,migrated,
3835,https://rugbyignite.co.za/fixture/2023/3835/,Hoerskool Durbanville,Brackenfell High School,2023-08-05,2023,45,10,migrated,
3836,https://rugbyignite.co.za/fixture/2023/3836/,Paarl Gimnasium,Paarl Boys High,2023-08-05,2023,20,17,migrated,
3837,https://rugbyignite.co.za/fixture/2023/3837/,Parel Vallei High School,Milnerton High School,2023-08-05,2023,24,26,migrated,
3838,https://rugbyignite.co.za/fixture/2023/3838/,Bishops,Wynberg Boys' High School,2023-08-12,2023,20,27,migrated,
3839,https://rugbyignite.co.za/fixture/2023/3839/,Hoërskool Outeniqua,Drostdy,2023-08-12,2023,38,19,migrated,
3840,https://rugbyignite.co.za/fixture/2023/3840/,Rondebosch Boys High School,SACS,2023-08-12,2023,29,21,migrated,
3841,https://rugbyignite.co.za/fixture/2023/3841/,Hoer Landbouschool Oakdale,Boland Landbou,2023-08-19,2023,11,17,migrated,
3842,https://rugbyignite.co.za/fixture/2023/3842/,SACS,Bishops,2023-08-19,2023,25,27,migrated,
3843,https://rugbyignite.co.za/fixture/2023/3843/,Wynberg Boys' High School,Rondebosch Boys High School,2023-08-19,2023,20,21,migrated,
3844,https://rugbyignite.co.za/fixture/2023/3844/,Bishops,Rondebosch Boys High School,2023-08-26,2023,35,36,migrated,
3845,https://rugbyignite.co.za/fixture/2023/3845/,Hoerskool Durbanville,Stellenberg High School,2023-08-26,2023,12,21,migrated,
3846,https://rugbyignite.co.za/fixture/2023/3846/,Wynberg Boys' High School,SACS,2023-08-26,2023,36,14,migrated,
3848,https://rugbyignite.co.za/fixture/2023/3848/,Ligbron,HTS Middelburg,2023-02-25,2023,20,20,migrated,
3849,https://rugbyignite.co.za/fixture/2023/3849/,Die Anker,Marais Viljoen,2023-03-04,2023,22,12,migrated,
3850,https://rugbyignite.co.za/fixture/2023/3850/,EG Jansen,Ligbron,2023-03-04,2023,57,14,migrated,
3851,https://rugbyignite.co.za/fixture/2023/3851/,Heidelberg,Hoër Volkskool Potchefstroom,2023-03-04,2023,39,3,migrated,
3852,https://rugbyignite.co.za/fixture/2023/3852/,Helpmekaar,Welkom Gimnasium,2023-03-04,2023,16,25,migrated,
3853,https://rugbyignite.co.za/fixture/2023/3853/,Secunda,Hoërskool Nelspruit,2023-03-04,2023,15,0,migrated,
3854,https://rugbyignite.co.za/fixture/2023/3854/,Wesvalia,Lichtenburg,2023-03-04,2023,25,7,migrated,
3855,https://rugbyignite.co.za/fixture/2023/3855/,Die Anker,Montana,2023-03-11,2023,41,22,migrated,
3856,https://rugbyignite.co.za/fixture/2023/3856/,HTS Middelburg,Hoërskool Kempton Park,2023-03-11,2023,25,29,migrated,
3857,https://rugbyignite.co.za/fixture/2023/3857/,Heidelberg,Lichtenburg,2023-03-11,2023,13,3,migrated,
3858,https://rugbyignite.co.za/fixture/2023/3858/,Hoërskool Eldoraigne,Klerksdorp Hoërskool,2023-03-11,2023,47,7,migrated,
3859,https://rugbyignite.co.za/fixture/2023/3859/,Hoërskool Menlopark,Hoërskool Transvalia,2023-03-11,2023,22,13,migrated,
3860,https://rugbyignite.co.za/fixture/2023/3860/,Hoërskool Nelspruit,EG Jansen,2023-03-11,2023,0,41,migrated,
3861,https://rugbyignite.co.za/fixture/2023/3861/,Hoërskool Noordheuwel,Hoërskool Oos-Moot,2023-03-11,2023,48,7,migrated,
3862,https://rugbyignite.co.za/fixture/2023/3862/,Hoërskool Rustenburg,Hoërskool Hugenote,2023-03-11,2023,31,10,migrated,
3863,https://rugbyignite.co.za/fixture/2023/3863/,Middelburg High School,Wesvalia,2023-03-11,2023,25,8,migrated,
3864,https://rugbyignite.co.za/fixture/2023/3864/,Pretoria Boys High School,Garsfontein,2023-03-11,2023,21,44,migrated,
3865,https://rugbyignite.co.za/fixture/2023/3865/,St John’s College,St Benedict’s College,2023-03-11,2023,33,7,migrated,
3866,https://rugbyignite.co.za/fixture/2023/3866/,Zwartkop,Jeugland,2023-03-11,2023,17,10,migrated,
3867,https://rugbyignite.co.za/fixture/2023/3867/,Die Anker,Hoërskool Hugenote,2023-03-15,2023,36,0,migrated,
3868,https://rugbyignite.co.za/fixture/2023/3868/,Hoër Volkskool Potchefstroom,Hoërskool Oos-Moot,2023-03-15,2023,19,31,migrated,
3869,https://rugbyignite.co.za/fixture/2023/3869/,Lichtenburg,Marais Viljoen,2023-03-15,2023,31,32,migrated,
3870,https://rugbyignite.co.za/fixture/2023/3870/,Middelburg High School,Zwartkop,2023-03-15,2023,25,12,migrated,
3871,https://rugbyignite.co.za/fixture/2023/3871/,Montana,Hoërskool Rustenburg,2023-03-15,2023,20,24,migrated,
3872,https://rugbyignite.co.za/fixture/2023/3872/,EG Jansen,Hoërskool Menlopark,2023-03-17,2023,33,24,migrated,
3873,https://rugbyignite.co.za/fixture/2023/3873/,HTS Middelburg,Hoërskool Eldoraigne,2023-03-17,2023,12,52,migrated,
3874,https://rugbyignite.co.za/fixture/2023/3874/,Hoërskool Transvalia,Hoërskool Nelspruit,2023-03-17,2023,32,27,migrated,
3875,https://rugbyignite.co.za/fixture/2023/3875/,Klerksdorp Hoërskool,Hoërskool Kempton Park,2023-03-17,2023,3,31,migrated,
3876,https://rugbyignite.co.za/fixture/2023/3876/,Afrikaanse Hoër Seunskool,Helpmekaar,2023-03-18,2023,41,33,migrated,
3877,https://rugbyignite.co.za/fixture/2023/3877/,St Stithians College,Pretoria Boys High School,2023-03-22,2023,0,66,migrated,
3878,https://rugbyignite.co.za/fixture/2023/3878/,Hoër Volkskool Potchefstroom,Hoërskool Noordheuwel,2023-03-23,2023,0,76,migrated,
3879,https://rugbyignite.co.za/fixture/2023/3879/,Hoërskool Hugenote,Montana,2023-03-23,2023,14,27,migrated,
3880,https://rugbyignite.co.za/fixture/2023/3880/,Hoërskool Rustenburg,Die Anker,2023-03-23,2023,25,12,migrated,
3881,https://rugbyignite.co.za/fixture/2023/3881/,Jeugland,Middelburg High School,2023-03-23,2023,25,23,migrated,
3882,https://rugbyignite.co.za/fixture/2023/3882/,Lichtenburg,Potchefstroom Gimnasium,2023-03-23,2023,28,12,migrated,
3883,https://rugbyignite.co.za/fixture/2023/3883/,Marais Viljoen,Heidelberg,2023-03-23,2023,15,12,migrated,
3884,https://rugbyignite.co.za/fixture/2023/3884/,Zwartkop,Wesvalia,2023-03-23,2023,6,28,migrated,
3885,https://rugbyignite.co.za/fixture/2023/3885/,King Edward VII School,St Benedict’s College,2023-03-25,2023,43,10,migrated,
3886,https://rugbyignite.co.za/fixture/2023/3886/,St John’s College,St Alban’s College,2023-03-25,2023,29,24,migrated,
3887,https://rugbyignite.co.za/fixture/2023/3887/,Ben Vorster,Klerksdorp Hoërskool,2023-03-28,2023,7,15,migrated,
3888,https://rugbyignite.co.za/fixture/2023/3888/,St Alban’s College,St Benedict’s College,2023-04-01,2023,20,25,migrated,
3889,https://rugbyignite.co.za/fixture/2023/3889/,Afrikaanse Hoër Seunskool,Garsfontein,2023-04-15,2023,38,45,migrated,
3890,https://rugbyignite.co.za/fixture/2023/3890/,Hoër Volkskool Potchefstroom,Hoërskool Hugenote,2023-04-15,2023,5,35,migrated,
3891,https://rugbyignite.co.za/fixture/2023/3891/,Hoërskool Kempton Park,Hoërskool Eldoraigne,2023-04-15,2023,48,26,migrated,
3892,https://rugbyignite.co.za/fixture/2023/3892/,Hoërskool Menlopark,Hoërskool Nelspruit,2023-04-15,2023,64,0,migrated,
3893,https://rugbyignite.co.za/fixture/2023/3893/,Hoërskool Noordheuwel,Die Anker,2023-04-15,2023,69,22,migrated,
3894,https://rugbyignite.co.za/fixture/2023/3894/,Hoërskool Oos-Moot,Hoërskool Rustenburg,2023-04-15,2023,37,30,migrated,
3895,https://rugbyignite.co.za/fixture/2023/3895/,Hoërskool Transvalia,EG Jansen,2023-04-15,2023,13,40,migrated,
3896,https://rugbyignite.co.za/fixture/2023/3896/,Jeugland,Potchefstroom Gimnasium,2023-04-15,2023,24,32,migrated,
3897,https://rugbyignite.co.za/fixture/2023/3897/,King Edward VII School,Pretoria Boys High School,2023-04-15,2023,28,19,migrated,
3898,https://rugbyignite.co.za/fixture/2023/3898/,Klerksdorp Hoërskool,HTS Middelburg,2023-04-15,2023,22,17,migrated,
3899,https://rugbyignite.co.za/fixture/2023/3899/,Middelburg High School,Marais Viljoen,2023-04-15,2023,24,11,migrated,
3900,https://rugbyignite.co.za/fixture/2023/3900/,Wesvalia,Heidelberg,2023-04-15,2023,29,30,migrated,
3901,https://rugbyignite.co.za/fixture/2023/3901/,Zwartkop,Lichtenburg,2023-04-15,2023,21,34,migrated,
3902,https://rugbyignite.co.za/fixture/2023/3902/,Die Anker,Wesvalia,2023-04-22,2023,30,24,migrated,
3903,https://rugbyignite.co.za/fixture/2023/3903/,EG Jansen,Hoërskool Kempton Park,2023-04-22,2023,48,10,migrated,
3904,https://rugbyignite.co.za/fixture/2023/3904/,Hoër Volkskool Potchefstroom,Jeugland,2023-04-22,2023,26,41,migrated,
3905,https://rugbyignite.co.za/fixture/2023/3905/,Hoërskool Hugenote,Potchefstroom Gimnasium,2023-04-22,2023,22,15,migrated,
3906,https://rugbyignite.co.za/fixture/2023/3906/,Hoërskool Menlopark,Hoërskool Eldoraigne,2023-04-22,2023,33,33,migrated,
3907,https://rugbyignite.co.za/fixture/2023/3907/,Hoërskool Nelspruit,HTS Middelburg,2023-04-22,2023,31,12,migrated,
3908,https://rugbyignite.co.za/fixture/2023/3908/,Hoërskool Noordheuwel,Heidelberg,2023-04-22,2023,29,17,migrated,
3909,https://rugbyignite.co.za/fixture/2023/3909/,Hoërskool Oos-Moot,Middelburg High School,2023-04-22,2023,29,10,migrated,
3910,https://rugbyignite.co.za/fixture/2023/3910/,Hoërskool Rustenburg,Marais Viljoen,2023-04-22,2023,19,18,migrated,
3911,https://rugbyignite.co.za/fixture/2023/3911/,Hoërskool Transvalia,Klerksdorp Hoërskool,2023-04-22,2023,25,15,migrated,
3912,https://rugbyignite.co.za/fixture/2023/3912/,Montana,Lichtenburg,2023-04-22,2023,21,24,migrated,
3913,https://rugbyignite.co.za/fixture/2023/3913/,Pietersburg Hoërskool,Secunda,2023-04-22,2023,16,17,migrated,
3914,https://rugbyignite.co.za/fixture/2023/3914/,Pretoria Boys High School,Maritzburg College,2023-04-22,2023,15,47,migrated,
3915,https://rugbyignite.co.za/fixture/2023/3915/,Garsfontein,Hoërskool Waterkloof,2023-05-06,2023,50,21,migrated,
3916,https://rugbyignite.co.za/fixture/2023/3916/,HTS Middelburg,Hoërskool Kempton Park,2023-05-06,2023,25,32,migrated,
3917,https://rugbyignite.co.za/fixture/2023/3917/,Helpmekaar,Hoërskool Menlopark,2023-05-06,2023,73,15,migrated,
3918,https://rugbyignite.co.za/fixture/2023/3918/,Hoërskool Monument,Hoërskool Nelspruit,2023-05-06,2023,41,20,migrated,
3919,https://rugbyignite.co.za/fixture/2023/3919/,Hoërskool Transvalia,Klerksdorp Hoërskool,2023-05-06,2023,43,17,migrated,
3920,https://rugbyignite.co.za/fixture/2023/3920/,St Alban’s College,Pretoria Boys High School,2023-05-06,2023,7,34,migrated,
3921,https://rugbyignite.co.za/fixture/2023/3921/,St Stithians College,St Benedict’s College,2023-05-06,2023,17,26,migrated,
3922,https://rugbyignite.co.za/fixture/2023/3922/,Afrikaanse Hoër Seunskool,King Edward VII School,2023-05-13,2023,43,20,migrated,
3923,https://rugbyignite.co.za/fixture/2023/3923/,Helpmekaar,Hoërskool Noordheuwel,2023-05-13,2023,42,32,migrated,
3924,https://rugbyignite.co.za/fixture/2023/3924/,Hoër Volkskool Potchefstroom,DF Malan,2023-05-13,2023,45,0,migrated,
3925,https://rugbyignite.co.za/fixture/2023/3925/,Hoërskool Kempton Park,Hoërskool Transvalia,2023-05-13,2023,20,28,migrated,
3926,https://rugbyignite.co.za/fixture/2023/3926/,Hoërskool Menlopark,Garsfontein,2023-05-13,2023,6,48,migrated,
3927,https://rugbyignite.co.za/fixture/2023/3927/,Hoërskool Nelspruit,Hoërskool Waterkloof,2023-05-13,2023,24,28,migrated,
3928,https://rugbyignite.co.za/fixture/2023/3928/,Klerksdorp Hoërskool,Lichtenburg,2023-05-13,2023,27,31,migrated,
3929,https://rugbyignite.co.za/fixture/2023/3929/,Marais Viljoen,EG Jansen,2023-05-13,2023,17,22,migrated,
3930,https://rugbyignite.co.za/fixture/2023/3930/,Merensky Landbou Akademie,Hoërskool Eldoraigne,2023-05-13,2023,32,22,migrated,
3931,https://rugbyignite.co.za/fixture/2023/3931/,Montana,Hoërskool Rustenburg,2023-05-13,2023,31,37,migrated,
3932,https://rugbyignite.co.za/fixture/2023/3932/,Secunda,Jeugland,2023-05-13,2023,38,21,migrated,
3933,https://rugbyignite.co.za/fixture/2023/3933/,St Stithians College,St John’s College,2023-05-13,2023,31,19,migrated,
3934,https://rugbyignite.co.za/fixture/2023/3934/,Zwartkop,HTS Middelburg,2023-05-13,2023,37,24,migrated,
3935,https://rugbyignite.co.za/fixture/2023/3935/,Ben Vorster,Ligbron,2023-05-20,2023,25,26,migrated,
3937,https://rugbyignite.co.za/fixture/2023/3937/,EG Jansen,Helpmekaar,2023-05-20,2023,24,15,migrated,
3938,https://rugbyignite.co.za/fixture/2023/3938/,HTS Middelburg,Middelburg High School,2023-05-20,2023,3,21,migrated,
3939,https://rugbyignite.co.za/fixture/2023/3939/,Heidelberg,Jeugland,2023-05-20,2023,33,27,migrated,
3940,https://rugbyignite.co.za/fixture/2023/3940/,Hoër Volkskool Potchefstroom,Wesvalia,2023-05-20,2023,28,28,migrated,
3941,https://rugbyignite.co.za/fixture/2023/3941/,Hoërskool Eldoraigne,Zwartkop,2023-05-20,2023,23,19,migrated,
3942,https://rugbyignite.co.za/fixture/2023/3942/,Hoërskool Hugenote,Lichtenburg,2023-05-20,2023,21,12,migrated,
3943,https://rugbyignite.co.za/fixture/2023/3943/,Hoërskool Noordheuwel,Hoërskool Monument,2023-05-20,2023,17,28,migrated,
3944,https://rugbyignite.co.za/fixture/2023/3944/,Hoërskool Transvalia,Montana,2023-05-20,2023,22,19,migrated,
3945,https://rugbyignite.co.za/fixture/2023/3945/,Hoërskool Waterkloof,Hoërskool Menlopark,2023-05-20,2023,37,6,migrated,
3946,https://rugbyignite.co.za/fixture/2023/3946/,King Edward VII School,Westville Boys' High School,2023-05-20,2023,33,14,migrated,
3947,https://rugbyignite.co.za/fixture/2023/3947/,Klerksdorp Hoërskool,Hoërskool Rustenburg,2023-05-20,2023,17,57,migrated,
3948,https://rugbyignite.co.za/fixture/2023/3948/,Marais Viljoen,Hoërskool Nelspruit,2023-05-20,2023,26,12,migrated,
3949,https://rugbyignite.co.za/fixture/2023/3949/,St Benedict’s College,Pretoria Boys High School,2023-05-20,2023,19,38,migrated,
3950,https://rugbyignite.co.za/fixture/2023/3950/,St Stithians College,St Alban’s College,2023-05-20,2023,31,24,migrated,
3952,https://rugbyignite.co.za/fixture/2023/3952/,Garsfontein,Marais Viljoen,2023-05-27,2023,64,12,migrated,
3953,https://rugbyignite.co.za/fixture/2023/3953/,Heidelberg,Hoërskool Hugenote,2023-05-27,2023,24,3,migrated,
3954,https://rugbyignite.co.za/fixture/2023/3954/,Hoërskool Kempton Park,Klerksdorp Hoërskool,2023-05-27,2023,57,7,migrated,
3955,https://rugbyignite.co.za/fixture/2023/3955/,Hoërskool Monument,Grey College,2023-05-27,2023,10,31,migrated,
3956,https://rugbyignite.co.za/fixture/2023/3956/,Hoërskool Nelspruit,Helpmekaar,2023-05-27,2023,12,39,migrated,
3957,https://rugbyignite.co.za/fixture/2023/3957/,Hoërskool Noordheuwel,Hoërskool Menlopark,2023-05-27,2023,72,13,migrated,
3958,https://rugbyignite.co.za/fixture/2023/3958/,Hoërskool Rustenburg,Middelburg High School,2023-05-27,2023,23,19,migrated,
3959,https://rugbyignite.co.za/fixture/2023/3959/,Hoërskool Waterkloof,EG Jansen,2023-05-27,2023,26,31,migrated,
3960,https://rugbyignite.co.za/fixture/2023/3960/,Jeugland,Ben Vorster,2023-05-27,2023,25,38,migrated,
3961,https://rugbyignite.co.za/fixture/2023/3961/,Ligbron,Hoërskool Oos-Moot,2023-05-27,2023,17,31,migrated,
3962,https://rugbyignite.co.za/fixture/2023/3962/,Montana,HTS Middelburg,2023-05-27,2023,24,16,migrated,
3963,https://rugbyignite.co.za/fixture/2023/3963/,Pietersburg Hoërskool,Hoërskool Eldoraigne,2023-05-27,2023,22,28,migrated,
3964,https://rugbyignite.co.za/fixture/2023/3964/,Pretoria Boys High School,Michaelhouse,2023-05-27,2023,19,34,migrated,
3965,https://rugbyignite.co.za/fixture/2023/3965/,Secunda,Lichtenburg,2023-05-27,2023,23,18,migrated,
3966,https://rugbyignite.co.za/fixture/2023/3966/,St Benedict’s College,St Alban’s College,2023-05-27,2023,17,14,migrated,
3967,https://rugbyignite.co.za/fixture/2023/3967/,St John’s College,King Edward VII School,2023-05-27,2023,6,31,migrated,
3968,https://rugbyignite.co.za/fixture/2023/3968/,Zwartkop,Hoërskool Transvalia,2023-05-27,2023,7,42,migrated,
3969,https://rugbyignite.co.za/fixture/2023/3969/,Hoërskool Hugenote,Ben Vorster,2023-06-03,2023,18,13,migrated,
3970,https://rugbyignite.co.za/fixture/2023/3970/,Hoërskool Monument,EG Jansen,2023-06-03,2023,17,41,migrated,
3971,https://rugbyignite.co.za/fixture/2023/3971/,Hoërskool Nelspruit,Hoërskool Noordheuwel,2023-06-03,2023,7,65,migrated,
3972,https://rugbyignite.co.za/fixture/2023/3972/,Hoërskool Oos-Moot,Heidelberg,2023-06-03,2023,33,32,migrated,
3973,https://rugbyignite.co.za/fixture/2023/3973/,Hoërskool Rustenburg,Zwartkop,2023-06-03,2023,29,22,migrated,
3974,https://rugbyignite.co.za/fixture/2023/3974/,Klerksdorp Hoërskool,Middelburg High School,2023-06-03,2023,25,43,migrated,
3975,https://rugbyignite.co.za/fixture/2023/3975/,Marais Viljoen,Helpmekaar,2023-06-03,2023,22,29,migrated,
3976,https://rugbyignite.co.za/fixture/2023/3976/,Montana,Hoërskool Kempton Park,2023-06-03,2023,27,28,migrated,
3977,https://rugbyignite.co.za/fixture/2023/3977/,Pietersburg Hoërskool,Hoër Volkskool Potchefstroom,2023-06-03,2023,23,24,migrated,
3978,https://rugbyignite.co.za/fixture/2023/3978/,St Benedict’s College,St John’s College,2023-06-03,2023,22,34,migrated,
3979,https://rugbyignite.co.za/fixture/2023/3979/,Wesvalia,Merensky Landbou Akademie,2023-06-03,2023,18,8,migrated,
3980,https://rugbyignite.co.za/fixture/2023/3980/,Die Anker,Pietersburg Hoërskool,2023-06-10,2023,32,10,migrated,
3981,https://rugbyignite.co.za/fixture/2023/3981/,EG Jansen,Hoërskool Menlopark,2023-06-10,2023,74,7,migrated,
3982,https://rugbyignite.co.za/fixture/2023/3982/,Garsfontein,Hoërskool Monument,2023-06-10,2023,39,33,migrated,
3983,https://rugbyignite.co.za/fixture/2023/3983/,Heidelberg,Ben Vorster,2023-06-10,2023,48,38,migrated,
3984,https://rugbyignite.co.za/fixture/2023/3984/,Helpmekaar,Hoërskool Waterkloof,2023-06-10,2023,27,30,migrated,
3985,https://rugbyignite.co.za/fixture/2023/3985/,Hoërskool Eldoraigne,Hoër Volkskool Potchefstroom,2023-06-10,2023,54,15,migrated,
3986,https://rugbyignite.co.za/fixture/2023/3986/,Hoërskool Oos-Moot,Hoërskool Hugenote,2023-06-10,2023,39,21,migrated,
3987,https://rugbyignite.co.za/fixture/2023/3987/,Jeugland,Lichtenburg,2023-06-10,2023,22,32,migrated,
3988,https://rugbyignite.co.za/fixture/2023/3988/,Ligbron,Secunda,2023-06-10,2023,14,43,migrated,
3989,https://rugbyignite.co.za/fixture/2023/3989/,St Alban’s College,St Stithians College,2023-06-10,2023,36,14,migrated,
3990,https://rugbyignite.co.za/fixture/2023/3990/,St John’s College,Pretoria Boys High School,2023-06-10,2023,5,39,migrated,
3991,https://rugbyignite.co.za/fixture/2023/3991/,St Benedict’s College,St Stithians College,2023-06-15,2023,33,15,migrated,
3992,https://rugbyignite.co.za/fixture/2023/3992/,Afrikaanse Hoër Seunskool,Maritzburg College,2023-07-22,2023,31,50,migrated,
3993,https://rugbyignite.co.za/fixture/2023/3993/,Ben Vorster,Secunda,2023-07-22,2023,17,23,migrated,
3994,https://rugbyignite.co.za/fixture/2023/3994/,Die Anker,Merensky Landbou Akademie,2023-07-22,2023,63,10,migrated,
3995,https://rugbyignite.co.za/fixture/2023/3995/,HTS Middelburg,Hoërskool Rustenburg,2023-07-22,2023,21,22,migrated,
3996,https://rugbyignite.co.za/fixture/2023/3996/,Helpmekaar,Garsfontein,2023-07-22,2023,48,49,migrated,
3997,https://rugbyignite.co.za/fixture/2023/3997/,Hoërskool Eldoraigne,Wesvalia,2023-07-22,2023,24,23,migrated,
3998,https://rugbyignite.co.za/fixture/2023/3998/,Hoërskool Hugenote,Jeugland,2023-07-22,2023,17,8,migrated,
3999,https://rugbyignite.co.za/fixture/2023/3999/,Hoërskool Kempton Park,Middelburg High School,2023-07-22,2023,39,19,migrated,
4000,https://rugbyignite.co.za/fixture/2023/4000/,Hoërskool Menlopark,Hoërskool Nelspruit,2023-07-22,2023,27,29,migrated,
4001,https://rugbyignite.co.za/fixture/2023/4001/,Hoërskool Monument,Marais Viljoen,2023-07-22,2023,59,12,migrated,
4002,https://rugbyignite.co.za/fixture/2023/4002/,Hoërskool Noordheuwel,Hoërskool Waterkloof,2023-07-22,2023,42,42,migrated,
4003,https://rugbyignite.co.za/fixture/2023/4003/,Lichtenburg,Hoërskool Oos-Moot,2023-07-22,2023,32,41,migrated,
4004,https://rugbyignite.co.za/fixture/2023/4004/,Ligbron,Heidelberg,2023-07-22,2023,31,19,migrated,
4005,https://rugbyignite.co.za/fixture/2023/4005/,Pretoria Boys High School,King Edward VII School,2023-07-22,2023,23,32,migrated,
4006,https://rugbyignite.co.za/fixture/2023/4006/,Afrikaanse Hoër Seunskool,Hoërskool Waterkloof,2023-07-29,2023,57,31,migrated,
4007,https://rugbyignite.co.za/fixture/2023/4007/,Die Anker,Hoërskool Eldoraigne,2023-07-29,2023,38,13,migrated,
4008,https://rugbyignite.co.za/fixture/2023/4008/,HTS Middelburg,Klerksdorp Hoërskool,2023-07-29,2023,33,22,migrated,
4009,https://rugbyignite.co.za/fixture/2023/4009/,Hoërskool Menlopark,Marais Viljoen,2023-07-29,2023,15,48,migrated,
4010,https://rugbyignite.co.za/fixture/2023/4010/,Hoërskool Monument,Helpmekaar,2023-07-29,2023,31,38,migrated,
4011,https://rugbyignite.co.za/fixture/2023/4011/,Hoërskool Nelspruit,EG Jansen,2023-07-29,2023,17,48,migrated,
4012,https://rugbyignite.co.za/fixture/2023/4012/,Hoërskool Noordheuwel,Garsfontein,2023-07-29,2023,28,30,migrated,
4013,https://rugbyignite.co.za/fixture/2023/4013/,Hoërskool Oos-Moot,Secunda,2023-07-29,2023,41,45,migrated,
4014,https://rugbyignite.co.za/fixture/2023/4014/,Hoërskool Rustenburg,Hoërskool Transvalia,2023-07-29,2023,25,21,migrated,
4015,https://rugbyignite.co.za/fixture/2023/4015/,Lichtenburg,Ligbron,2023-07-29,2023,17,21,migrated,
4016,https://rugbyignite.co.za/fixture/2023/4016/,Merensky Landbou Akademie,DF Malan,2023-07-29,2023,64,5,migrated,
4017,https://rugbyignite.co.za/fixture/2023/4017/,Middelburg High School,Montana,2023-07-29,2023,19,17,migrated,
4018,https://rugbyignite.co.za/fixture/2023/4018/,Wesvalia,Pietersburg Hoërskool,2023-07-29,2023,31,22,migrated,
4019,https://rugbyignite.co.za/fixture/2023/4019/,Zwartkop,Hoërskool Kempton Park,2023-07-29,2023,18,24,migrated,
4020,https://rugbyignite.co.za/fixture/2023/4020/,Ben Vorster,Hoërskool Oos-Moot,2023-08-05,2023,23,34,migrated,
4021,https://rugbyignite.co.za/fixture/2023/4021/,DF Malan,Hoërskool Eldoraigne,2023-08-05,2023,0,40,migrated,
4022,https://rugbyignite.co.za/fixture/2023/4022/,Die Anker,Wesvalia,2023-08-05,2023,36,30,migrated,
4023,https://rugbyignite.co.za/fixture/2023/4023/,EG Jansen,Hoërskool Noordheuwel,2023-08-05,2023,31,29,migrated,
4024,https://rugbyignite.co.za/fixture/2023/4024/,Garsfontein,Hoërskool Nelspruit,2023-08-05,2023,89,10,migrated,
4025,https://rugbyignite.co.za/fixture/2023/4025/,Hoërskool Menlopark,Hoërskool Monument,2023-08-05,2023,7,111,migrated,
4026,https://rugbyignite.co.za/fixture/2023/4026/,Hoërskool Rustenburg,Glenwood High School,2023-08-05,2023,26,24,migrated,
4027,https://rugbyignite.co.za/fixture/2023/4027/,Hoërskool Waterkloof,Marais Viljoen,2023-08-05,2023,38,33,migrated,
4028,https://rugbyignite.co.za/fixture/2023/4028/,Jeugland,Ligbron,2023-08-05,2023,26,38,migrated,
4029,https://rugbyignite.co.za/fixture/2023/4029/,Klerksdorp Hoërskool,Zwartkop,2023-08-05,2023,23,27,migrated,
4030,https://rugbyignite.co.za/fixture/2023/4030/,Lichtenburg,Heidelberg,2023-08-05,2023,17,25,migrated,
4031,https://rugbyignite.co.za/fixture/2023/4031/,Merensky Landbou Akademie,Hoër Volkskool Potchefstroom,2023-08-05,2023,17,10,migrated,
4032,https://rugbyignite.co.za/fixture/2023/4032/,Middelburg High School,Hoërskool Transvalia,2023-08-05,2023,39,20,migrated,
4033,https://rugbyignite.co.za/fixture/2023/4033/,Pretoria Boys High School,Afrikaanse Hoër Seunskool,2023-08-05,2023,24,76,migrated,
4034,https://rugbyignite.co.za/fixture/2023/4034/,Secunda,Hoërskool Hugenote,2023-08-05,2023,38,31,migrated,
4035,https://rugbyignite.co.za/fixture/2023/4035/,EG Jansen,Garsfontein,2023-08-12,2023,36,42,migrated,
4036,https://rugbyignite.co.za/fixture/2023/4036/,Heidelberg,Secunda,2023-08-12,2023,28,38,migrated,
4037,https://rugbyignite.co.za/fixture/2023/4037/,Hoër Volkskool Potchefstroom,Die Anker,2023-08-12,2023,13,43,migrated,
4038,https://rugbyignite.co.za/fixture/2023/4038/,Hoërskool Hugenote,Ligbron,2023-08-12,2023,26,34,migrated,
4039,https://rugbyignite.co.za/fixture/2023/4039/,Hoërskool Rustenburg,Hoërskool Kempton Park,2023-08-12,2023,38,15,migrated,
4040,https://rugbyignite.co.za/fixture/2023/4040/,Hoërskool Transvalia,HTS Middelburg,2023-08-12,2023,40,11,migrated,
4041,https://rugbyignite.co.za/fixture/2023/4041/,Hoërskool Waterkloof,Hoërskool Monument,2023-08-12,2023,26,22,migrated,
4042,https://rugbyignite.co.za/fixture/2023/4042/,Jeugland,Hoërskool Oos-Moot,2023-08-12,2023,17,34,migrated,
4043,https://rugbyignite.co.za/fixture/2023/4043/,Klerksdorp Hoërskool,Montana,2023-08-12,2023,27,26,migrated,
4044,https://rugbyignite.co.za/fixture/2023/4044/,Lichtenburg,Ben Vorster,2023-08-12,2023,31,17,migrated,
4045,https://rugbyignite.co.za/fixture/2023/4045/,Marais Viljoen,Hoërskool Noordheuwel,2023-08-12,2023,28,44,migrated,
4046,https://rugbyignite.co.za/fixture/2023/4046/,Middelburg High School,Zwartkop,2023-08-12,2023,21,7,migrated,
4047,https://rugbyignite.co.za/fixture/2023/4047/,Pietersburg Hoërskool,Merensky Landbou Akademie,2023-08-12,2023,38,26,migrated,
4048,https://rugbyignite.co.za/fixture/2023/4048/,Wesvalia,DF Malan,2023-08-12,2023,99,0,migrated,
4049,https://rugbyignite.co.za/fixture/2023/4049/,Die Anker,Merensky Landbou Akademie,2023-08-19,2023,49,3,migrated,
4050,https://rugbyignite.co.za/fixture/2023/4050/,EG Jansen,Hoërskool Waterkloof,2023-08-19,2023,25,5,migrated,
4051,https://rugbyignite.co.za/fixture/2023/4051/,Garsfontein,Helpmekaar,2023-08-19,2023,29,20,migrated,
4052,https://rugbyignite.co.za/fixture/2023/4052/,Hoërskool Oos-Moot,Heidelberg,2023-08-19,2023,25,5,migrated,
4053,https://rugbyignite.co.za/fixture/2023/4053/,Hoërskool Rustenburg,Middelburg High School,2023-08-19,2023,24,3,migrated,
4054,https://rugbyignite.co.za/fixture/2023/4054/,Hoërskool Transvalia,Hoërskool Kempton Park,2023-08-19,2023,39,14,migrated,
4055,https://rugbyignite.co.za/fixture/2023/4055/,Secunda,Ligbron,2023-08-19,2023,50,17,migrated,
4056,https://rugbyignite.co.za/fixture/2023/4056/,Wesvalia,Hoërskool Eldoraigne,2023-08-19,2023,36,20,migrated,
4057,https://rugbyignite.co.za/fixture/2023/4057/,Die Anker,Wesvalia,2023-08-26,2023,37,28,migrated,
4058,https://rugbyignite.co.za/fixture/2023/4058/,Garsfontein,EG Jansen,2023-08-26,2023,41,22,migrated,
4059,https://rugbyignite.co.za/fixture/2023/4059/,Hoërskool Rustenburg,Hoërskool Kempton Park,2023-08-26,2023,49,24,migrated,
4060,https://rugbyignite.co.za/fixture/2023/4060/,Secunda,Hoërskool Oos-Moot,2023-08-26,2023,35,29,migrated,
4062,https://rugbyignite.co.za/fixture/2022/4062/,HTS Middelburg,Secunda,2022-02-26,2022,20,11,migrated,
4063,https://rugbyignite.co.za/fixture/2022/4063/,Hoër Volkskool Potchefstroom,Heidelberg,2022-02-26,2022,15,0,migrated,
4064,https://rugbyignite.co.za/fixture/2022/4064/,Die Anker,Marais Viljoen,2022-03-05,2022,25,17,migrated,
4065,https://rugbyignite.co.za/fixture/2022/4065/,EG Jansen,Hoërskool Transvalia,2022-03-05,2022,26,12,migrated,
4066,https://rugbyignite.co.za/fixture/2022/4066/,Hoërskool Nelspruit,Secunda,2022-03-05,2022,14,18,migrated,
4067,https://rugbyignite.co.za/fixture/2022/4067/,Montana,Hoërskool Waterkloof,2022-03-05,2022,11,29,migrated,
4068,https://rugbyignite.co.za/fixture/2022/4068/,Wesvalia,Hoërskool Rustenburg,2022-03-05,2022,16,22,migrated,
4069,https://rugbyignite.co.za/fixture/2022/4069/,Hoërskool Kempton Park,Klerksdorp Hoërskool,2022-03-09,2022,25,24,migrated,
4070,https://rugbyignite.co.za/fixture/2022/4070/,Die Anker,Middelburg High School,2022-03-12,2022,20,5,migrated,
4071,https://rugbyignite.co.za/fixture/2022/4071/,EG Jansen,Hoërskool Nelspruit,2022-03-12,2022,33,35,migrated,
4072,https://rugbyignite.co.za/fixture/2022/4072/,Hoërskool Eldoraigne,HTS Middelburg,2022-03-12,2022,42,33,migrated,
4073,https://rugbyignite.co.za/fixture/2022/4073/,Hoërskool Hugenote,Wesvalia,2022-03-12,2022,12,14,migrated,
4074,https://rugbyignite.co.za/fixture/2022/4074/,Hoërskool Monument,Welkom Gimnasium,2022-03-12,2022,45,20,migrated,
4075,https://rugbyignite.co.za/fixture/2022/4075/,Hoërskool Waterkloof,Hoërskool Transvalia,2022-03-12,2022,12,3,migrated,
4076,https://rugbyignite.co.za/fixture/2022/4076/,Jeugland,Montana,2022-03-12,2022,3,47,migrated,
4077,https://rugbyignite.co.za/fixture/2022/4077/,Marais Viljoen,Lichtenburg,2022-03-12,2022,24,31,migrated,
4078,https://rugbyignite.co.za/fixture/2022/4078/,Hoër Volkskool Potchefstroom,Lichtenburg,2022-03-16,2022,24,24,migrated,
4079,https://rugbyignite.co.za/fixture/2022/4079/,Jeugland,Die Anker,2022-03-16,2022,7,31,migrated,
4080,https://rugbyignite.co.za/fixture/2022/4080/,Pretoria Boys High School,Jeppe High School For Boys,2022-03-16,2022,10,16,migrated,
4081,https://rugbyignite.co.za/fixture/2022/4081/,Zwartkop,Heidelberg,2022-03-16,2022,22,26,migrated,
4082,https://rugbyignite.co.za/fixture/2022/4082/,St Alban’s College,St John’s College,2022-03-19,2022,7,21,migrated,
4083,https://rugbyignite.co.za/fixture/2022/4083/,St Stithians College,St Alban’s College,2022-03-26,2022,15,24,migrated,
4084,https://rugbyignite.co.za/fixture/2022/4084/,St John’s College,St Benedict’s College,2022-04-02,2022,55,18,migrated,
4085,https://rugbyignite.co.za/fixture/2022/4085/,Hoërskool Monument,Jeppe High School For Boys,2022-04-06,2022,45,13,migrated,
4086,https://rugbyignite.co.za/fixture/2022/4086/,Lichtenburg,Hoërskool Oos-Moot,2022-04-08,2022,10,18,migrated,
4087,https://rugbyignite.co.za/fixture/2022/4087/,Ben Vorster,Pietersburg Hoërskool,2022-04-09,2022,23,24,migrated,
4088,https://rugbyignite.co.za/fixture/2022/4088/,Hoërskool Eldoraigne,Secunda,2022-04-09,2022,41,40,migrated,
4089,https://rugbyignite.co.za/fixture/2022/4089/,Hoërskool Hugenote,Hoërskool Rustenburg,2022-04-09,2022,16,27,migrated,
4090,https://rugbyignite.co.za/fixture/2022/4090/,Hoërskool Kempton Park,HTS Middelburg,2022-04-09,2022,12,12,migrated,
4091,https://rugbyignite.co.za/fixture/2022/4091/,Hoërskool Nelspruit,Hoërskool Menlopark,2022-04-09,2022,20,18,migrated,
4092,https://rugbyignite.co.za/fixture/2022/4092/,Jeppe High School For Boys,St John’s College,2022-04-09,2022,29,28,migrated,
4093,https://rugbyignite.co.za/fixture/2022/4093/,King Edward VII School,St Stithians College,2022-04-09,2022,59,12,migrated,
4094,https://rugbyignite.co.za/fixture/2022/4094/,Klerksdorp Hoërskool,Hoërskool Transvalia,2022-04-09,2022,27,23,migrated,
4095,https://rugbyignite.co.za/fixture/2022/4095/,Marais Viljoen,Hoër Volkskool Potchefstroom,2022-04-09,2022,13,10,migrated,
4096,https://rugbyignite.co.za/fixture/2022/4096/,Middelburg High School,Jeugland,2022-04-09,2022,50,0,migrated,
4097,https://rugbyignite.co.za/fixture/2022/4097/,Montana,Die Anker,2022-04-09,2022,14,19,migrated,
4098,https://rugbyignite.co.za/fixture/2022/4098/,St Benedict’s College,St Alban’s College,2022-04-09,2022,10,34,migrated,
4099,https://rugbyignite.co.za/fixture/2022/4099/,Wesvalia,Hoërskool Noordheuwel,2022-04-09,2022,11,12,migrated,
4100,https://rugbyignite.co.za/fixture/2022/4100/,Montana,Middelburg High School,2022-04-13,2022,25,33,migrated,
4101,https://rugbyignite.co.za/fixture/2022/4101/,Afrikaanse Hoër Seunskool,Paarl Gimnasium,2022-04-23,2022,29,26,migrated,
4102,https://rugbyignite.co.za/fixture/2022/4102/,Hoërskool Kempton Park,Hoërskool Eldoraigne,2022-04-23,2022,19,14,migrated,
4103,https://rugbyignite.co.za/fixture/2022/4103/,Hoërskool Nelspruit,Hoërskool Monument,2022-04-23,2022,16,38,migrated,
4104,https://rugbyignite.co.za/fixture/2022/4104/,Hoërskool Transvalia,Hoërskool Menlopark,2022-04-23,2022,17,24,migrated,
4105,https://rugbyignite.co.za/fixture/2022/4105/,Jeppe High School For Boys,Westville Boys' High School,2022-04-23,2022,0,15,migrated,
4106,https://rugbyignite.co.za/fixture/2022/4106/,Pretoria Boys High School,King Edward VII School,2022-04-23,2022,25,31,migrated,
4107,https://rugbyignite.co.za/fixture/2022/4107/,Jeppe High School For Boys,Pretoria Boys High School,2022-04-30,2022,36,12,migrated,
4108,https://rugbyignite.co.za/fixture/2022/4108/,King Edward VII School,Parktown Boys High School,2022-04-30,2022,29,0,migrated,
4109,https://rugbyignite.co.za/fixture/2022/4109/,Ben Vorster,Hoërskool Transvalia,2022-05-07,2022,12,42,migrated,
4110,https://rugbyignite.co.za/fixture/2022/4110/,HTS Middelburg,Garsfontein,2022-05-07,2022,26,38,migrated,
4111,https://rugbyignite.co.za/fixture/2022/4111/,Hoërskool Kempton Park,Hoërskool Nelspruit,2022-05-07,2022,7,21,migrated,
4112,https://rugbyignite.co.za/fixture/2022/4112/,Hoërskool Menlopark,Helpmekaar,2022-05-07,2022,6,10,migrated,
4113,https://rugbyignite.co.za/fixture/2022/4113/,Jeppe High School For Boys,King Edward VII School,2022-05-07,2022,26,27,migrated,
4114,https://rugbyignite.co.za/fixture/2022/4114/,Pretoria Boys High School,Parktown Boys High School,2022-05-07,2022,14,7,migrated,
4115,https://rugbyignite.co.za/fixture/2022/4115/,St Benedict’s College,St Stithians College,2022-05-07,2022,31,34,migrated,
4116,https://rugbyignite.co.za/fixture/2022/4116/,St John’s College,St Andrew's College,2022-05-07,2022,67,8,migrated,
4117,https://rugbyignite.co.za/fixture/2022/4117/,Pretoria Boys High School,St Stithians College,2022-05-11,2022,59,10,migrated,
4118,https://rugbyignite.co.za/fixture/2022/4118/,Hoërskool Rustenburg,Ben Vorster,2022-05-12,2022,50,12,migrated,
4119,https://rugbyignite.co.za/fixture/2022/4119/,Die Anker,Ligbron,2022-05-14,2022,34,17,migrated,
4120,https://rugbyignite.co.za/fixture/2022/4120/,EG Jansen,Marais Viljoen,2022-05-14,2022,43,15,migrated,
4121,https://rugbyignite.co.za/fixture/2022/4121/,HTS Middelburg,Middelburg High School,2022-05-14,2022,15,31,migrated,
4122,https://rugbyignite.co.za/fixture/2022/4122/,Hoërskool Eldoraigne,Jeugland,2022-05-14,2022,36,24,migrated,
4123,https://rugbyignite.co.za/fixture/2022/4123/,Hoërskool Menlopark,Hoërskool Waterkloof,2022-05-14,2022,6,7,migrated,
4124,https://rugbyignite.co.za/fixture/2022/4124/,Hoërskool Monument,Garsfontein,2022-05-14,2022,43,19,migrated,
4125,https://rugbyignite.co.za/fixture/2022/4125/,Hoërskool Nelspruit,Zwartkop,2022-05-14,2022,31,3,migrated,
4126,https://rugbyignite.co.za/fixture/2022/4126/,Hoërskool Noordheuwel,Helpmekaar,2022-05-14,2022,24,18,migrated,
4127,https://rugbyignite.co.za/fixture/2022/4127/,Hoërskool Oos-Moot,Hoërskool Hugenote,2022-05-14,2022,15,0,migrated,
4128,https://rugbyignite.co.za/fixture/2022/4128/,Hoërskool Transvalia,Hoërskool Kempton Park,2022-05-14,2022,36,26,migrated,
4129,https://rugbyignite.co.za/fixture/2022/4129/,King Edward VII School,Afrikaanse Hoër Seunskool,2022-05-14,2022,13,19,migrated,
4130,https://rugbyignite.co.za/fixture/2022/4130/,Lichtenburg,Klerksdorp Hoërskool,2022-05-14,2022,22,23,migrated,
4131,https://rugbyignite.co.za/fixture/2022/4131/,Pretoria Boys High School,Hilton College,2022-05-14,2022,7,22,migrated,
4132,https://rugbyignite.co.za/fixture/2022/4132/,St John’s College,Parktown Boys High School,2022-05-14,2022,29,7,migrated,
4133,https://rugbyignite.co.za/fixture/2022/4133/,Afrikaanse Hoër Seunskool,Grey College,2022-05-21,2022,24,43,migrated,
4134,https://rugbyignite.co.za/fixture/2022/4134/,Hoër Volkskool Potchefstroom,Secunda,2022-05-21,2022,23,22,migrated,
4135,https://rugbyignite.co.za/fixture/2022/4135/,Hoërskool Noordheuwel,EG Jansen,2022-05-21,2022,18,19,migrated,
4136,https://rugbyignite.co.za/fixture/2022/4136/,Jeugland,Heidelberg,2022-05-21,2022,14,45,migrated,
4137,https://rugbyignite.co.za/fixture/2022/4137/,Lichtenburg,Hoërskool Hugenote,2022-05-21,2022,24,17,migrated,
4138,https://rugbyignite.co.za/fixture/2022/4138/,Ligbron,Klerksdorp Hoërskool,2022-05-21,2022,31,20,migrated,
4139,https://rugbyignite.co.za/fixture/2022/4139/,Marais Viljoen,Hoërskool Waterkloof,2022-05-21,2022,11,17,migrated,
4140,https://rugbyignite.co.za/fixture/2022/4140/,Montana,Hoërskool Transvalia,2022-05-21,2022,20,19,migrated,
4141,https://rugbyignite.co.za/fixture/2022/4141/,Pretoria Boys High School,St Alban’s College,2022-05-21,2022,24,22,migrated,
4142,https://rugbyignite.co.za/fixture/2022/4142/,St John’s College,King Edward VII School,2022-05-21,2022,7,33,migrated,
4143,https://rugbyignite.co.za/fixture/2022/4143/,Zwartkop,Hoërskool Eldoraigne,2022-05-21,2022,12,18,migrated,
4144,https://rugbyignite.co.za/fixture/2022/4144/,Afrikaanse Hoër Seunskool,Jeppe High School For Boys,2022-05-28,2022,35,17,migrated,
4145,https://rugbyignite.co.za/fixture/2022/4145/,Ben Vorster,Hoërskool Kempton Park,2022-05-28,2022,15,31,migrated,
4146,https://rugbyignite.co.za/fixture/2022/4146/,EG Jansen,Hoërskool Waterkloof,2022-05-28,2022,34,26,migrated,
4147,https://rugbyignite.co.za/fixture/2022/4147/,Helpmekaar,HTS Middelburg,2022-05-28,2022,46,27,migrated,
4148,https://rugbyignite.co.za/fixture/2022/4148/,Hoër Volkskool Potchefstroom,Potchefstroom Gimnasium,2022-05-28,2022,27,10,migrated,
4149,https://rugbyignite.co.za/fixture/2022/4149/,Hoërskool Hugenote,Heidelberg,2022-05-28,2022,46,12,migrated,
4150,https://rugbyignite.co.za/fixture/2022/4150/,Hoërskool Menlopark,Hoërskool Noordheuwel,2022-05-28,2022,23,33,migrated,
4151,https://rugbyignite.co.za/fixture/2022/4151/,Hoërskool Nelspruit,Montana,2022-05-28,2022,38,14,migrated,
4152,https://rugbyignite.co.za/fixture/2022/4152/,Hoërskool Oos-Moot,Ligbron,2022-05-28,2022,26,18,migrated,
4153,https://rugbyignite.co.za/fixture/2022/4153/,Hoërskool Transvalia,Zwartkop,2022-05-28,2022,68,0,migrated,
4154,https://rugbyignite.co.za/fixture/2022/4154/,Jeugland,Klerksdorp Hoërskool,2022-05-28,2022,7,60,migrated,
4155,https://rugbyignite.co.za/fixture/2022/4155/,Lichtenburg,Hoërskool Eldoraigne,2022-05-28,2022,37,28,migrated,
4156,https://rugbyignite.co.za/fixture/2022/4156/,Marais Viljoen,Garsfontein,2022-05-28,2022,7,73,migrated,
4157,https://rugbyignite.co.za/fixture/2022/4157/,Middelburg High School,Hoërskool Rustenburg,2022-05-28,2022,40,24,migrated,
4158,https://rugbyignite.co.za/fixture/2022/4158/,Secunda,Pietersburg Hoërskool,2022-05-28,2022,31,7,migrated,
4159,https://rugbyignite.co.za/fixture/2022/4159/,St Alban’s College,King Edward VII School,2022-05-28,2022,18,32,migrated,
4160,https://rugbyignite.co.za/fixture/2022/4160/,St Stithians College,Jeppe High School For Boys,2022-06-03,2022,7,62,migrated,
4161,https://rugbyignite.co.za/fixture/2022/4161/,Afrikaanse Hoër Seunskool,Hoërskool Menlopark,2022-06-04,2022,21,6,migrated,
4162,https://rugbyignite.co.za/fixture/2022/4162/,Helpmekaar,EG Jansen,2022-06-04,2022,12,26,migrated,
4163,https://rugbyignite.co.za/fixture/2022/4163/,Hoër Volkskool Potchefstroom,Pietersburg Hoërskool,2022-06-04,2022,5,7,migrated,
4164,https://rugbyignite.co.za/fixture/2022/4164/,Hoërskool Hugenote,Klerksdorp Hoërskool,2022-06-04,2022,26,33,migrated,
4165,https://rugbyignite.co.za/fixture/2022/4165/,Hoërskool Kempton Park,Montana,2022-06-04,2022,19,14,migrated,
4166,https://rugbyignite.co.za/fixture/2022/4166/,Hoërskool Noordheuwel,HTS Middelburg,2022-06-04,2022,44,7,migrated,
4167,https://rugbyignite.co.za/fixture/2022/4167/,Hoërskool Waterkloof,Garsfontein,2022-06-04,2022,7,34,migrated,
4168,https://rugbyignite.co.za/fixture/2022/4168/,Marais Viljoen,Ligbron,2022-06-04,2022,10,13,migrated,
4169,https://rugbyignite.co.za/fixture/2022/4169/,Pretoria Boys High School,St John’s College,2022-06-04,2022,19,27,migrated,
4170,https://rugbyignite.co.za/fixture/2022/4170/,Zwartkop,Hoërskool Rustenburg,2022-06-04,2022,27,38,migrated,
4171,https://rugbyignite.co.za/fixture/2022/4171/,Die Anker,Pietersburg Hoërskool,2022-06-11,2022,21,21,migrated,
4172,https://rugbyignite.co.za/fixture/2022/4172/,EG Jansen,Hoërskool Monument,2022-06-11,2022,26,43,migrated,
4173,https://rugbyignite.co.za/fixture/2022/4173/,HTS Middelburg,Hoërskool Menlopark,2022-06-11,2022,12,42,migrated,
4174,https://rugbyignite.co.za/fixture/2022/4174/,Hoërskool Eldoraigne,Ligbron,2022-06-11,2022,23,12,migrated,
4175,https://rugbyignite.co.za/fixture/2022/4175/,Hoërskool Nelspruit,Middelburg High School,2022-06-11,2022,28,5,migrated,
4176,https://rugbyignite.co.za/fixture/2022/4176/,Hoërskool Noordheuwel,Marais Viljoen,2022-06-11,2022,50,8,migrated,
4177,https://rugbyignite.co.za/fixture/2022/4177/,Hoërskool Waterkloof,Helpmekaar,2022-06-11,2022,29,15,migrated,
4178,https://rugbyignite.co.za/fixture/2022/4178/,Klerksdorp Hoërskool,Heidelberg,2022-06-11,2022,19,10,migrated,
4179,https://rugbyignite.co.za/fixture/2022/4179/,Lichtenburg,Jeugland,2022-06-11,2022,71,0,migrated,
4180,https://rugbyignite.co.za/fixture/2022/4180/,Pretoria Boys High School,St Benedict’s College,2022-06-11,2022,29,10,migrated,
4181,https://rugbyignite.co.za/fixture/2022/4181/,St John’s College,St Stithians College,2022-06-11,2022,56,9,migrated,
4182,https://rugbyignite.co.za/fixture/2022/4182/,Wesvalia,Hoër Volkskool Potchefstroom,2022-06-11,2022,12,26,migrated,
4183,https://rugbyignite.co.za/fixture/2022/4183/,Hoërskool Monument,Hoërskool Waterkloof,2022-06-15,2022,64,17,migrated,
4184,https://rugbyignite.co.za/fixture/2022/4184/,St Benedict’s College,St Charles College,2022-06-18,2022,21,29,migrated,
4185,https://rugbyignite.co.za/fixture/2022/4185/,Hoërskool Menlopark,EG Jansen,2022-07-23,2022,23,19,migrated,
4186,https://rugbyignite.co.za/fixture/2022/4186/,Hoërskool Oos-Moot,Lichtenburg,2022-07-23,2022,24,24,migrated,
4187,https://rugbyignite.co.za/fixture/2022/4187/,Hoërskool Rustenburg,Hoërskool Nelspruit,2022-07-23,2022,28,33,migrated,
4188,https://rugbyignite.co.za/fixture/2022/4188/,Hoërskool Waterkloof,Hoërskool Noordheuwel,2022-07-23,2022,27,27,migrated,
4189,https://rugbyignite.co.za/fixture/2022/4189/,Jeugland,Hoërskool Hugenote,2022-07-23,2022,24,29,migrated,
4190,https://rugbyignite.co.za/fixture/2022/4190/,King Edward VII School,Pretoria Boys High School,2022-07-23,2022,17,14,migrated,
4191,https://rugbyignite.co.za/fixture/2022/4191/,Klerksdorp Hoërskool,Hoërskool Eldoraigne,2022-07-23,2022,29,25,migrated,
4192,https://rugbyignite.co.za/fixture/2022/4192/,Marais Viljoen,Hoërskool Monument,2022-07-23,2022,34,47,migrated,
4193,https://rugbyignite.co.za/fixture/2022/4193/,Middelburg High School,Hoërskool Kempton Park,2022-07-23,2022,52,19,migrated,
4194,https://rugbyignite.co.za/fixture/2022/4194/,Montana,Zwartkop,2022-07-23,2022,29,19,migrated,
4195,https://rugbyignite.co.za/fixture/2022/4195/,Parktown Boys High School,Jeppe High School For Boys,2022-07-23,2022,7,38,migrated,
4196,https://rugbyignite.co.za/fixture/2022/4196/,Afrikaanse Hoër Seunskool,Hoërskool Waterkloof,2022-07-30,2022,60,15,migrated,
4197,https://rugbyignite.co.za/fixture/2022/4197/,Ben Vorster,Hoërskool Nelspruit,2022-07-30,2022,21,42,migrated,
4198,https://rugbyignite.co.za/fixture/2022/4198/,EG Jansen,HTS Middelburg,2022-07-30,2022,39,10,migrated,
4199,https://rugbyignite.co.za/fixture/2022/4199/,Helpmekaar,Hoërskool Monument,2022-07-30,2022,12,34,migrated,
4200,https://rugbyignite.co.za/fixture/2022/4200/,Hoërskool Eldoraigne,Hoërskool Oos-Moot,2022-07-30,2022,17,23,migrated,
4201,https://rugbyignite.co.za/fixture/2022/4201/,Hoërskool Kempton Park,Zwartkop,2022-07-30,2022,29,21,migrated,
4202,https://rugbyignite.co.za/fixture/2022/4202/,Hoërskool Transvalia,Hoërskool Rustenburg,2022-07-30,2022,24,40,migrated,
4203,https://rugbyignite.co.za/fixture/2022/4203/,King Edward VII School,Jeppe High School For Boys,2022-07-30,2022,19,16,migrated,
4204,https://rugbyignite.co.za/fixture/2022/4204/,Ligbron,Lichtenburg,2022-07-30,2022,20,12,migrated,
4205,https://rugbyignite.co.za/fixture/2022/4205/,Marais Viljoen,Hoërskool Menlopark,2022-07-30,2022,20,13,migrated,
4206,https://rugbyignite.co.za/fixture/2022/4206/,Montana,Middelburg High School,2022-07-30,2022,23,15,migrated,
4207,https://rugbyignite.co.za/fixture/2022/4207/,Pietersburg Hoërskool,Wesvalia,2022-07-30,2022,9,20,migrated,
4208,https://rugbyignite.co.za/fixture/2022/4208/,Pretoria Boys High School,Maritzburg College,2022-07-30,2022,26,50,migrated,
4209,https://rugbyignite.co.za/fixture/2022/4209/,Helpmekaar,Marais Viljoen,2022-08-06,2022,38,25,migrated,
4210,https://rugbyignite.co.za/fixture/2022/4210/,Hoërskool Hugenote,Hoërskool Eldoraigne,2022-08-06,2022,31,19,migrated,
4211,https://rugbyignite.co.za/fixture/2022/4211/,Hoërskool Monument,Hoërskool Menlopark,2022-08-06,2022,38,12,migrated,
4212,https://rugbyignite.co.za/fixture/2022/4212/,Hoërskool Transvalia,Middelburg High School,2022-08-06,2022,29,37,migrated,
4213,https://rugbyignite.co.za/fixture/2022/4213/,Hoërskool Waterkloof,HTS Middelburg,2022-08-06,2022,65,0,migrated,
4214,https://rugbyignite.co.za/fixture/2022/4214/,Klerksdorp Hoërskool,Hoërskool Oos-Moot,2022-08-06,2022,17,13,migrated,
4215,https://rugbyignite.co.za/fixture/2022/4215/,Ligbron,Jeugland,2022-08-06,2022,24,17,migrated,
4216,https://rugbyignite.co.za/fixture/2022/4216/,Pretoria Boys High School,Afrikaanse Hoër Seunskool,2022-08-06,2022,19,54,migrated,
4217,https://rugbyignite.co.za/fixture/2022/4217/,Wesvalia,Die Anker,2022-08-06,2022,24,40,migrated,
4218,https://rugbyignite.co.za/fixture/2022/4218/,Zwartkop,Ben Vorster,2022-08-06,2022,21,31,migrated,
4219,https://rugbyignite.co.za/fixture/2022/4219/,Die Anker,Hoër Volkskool Potchefstroom,2022-08-13,2022,22,20,migrated,
4220,https://rugbyignite.co.za/fixture/2022/4220/,HTS Middelburg,Marais Viljoen,2022-08-13,2022,38,38,migrated,
4221,https://rugbyignite.co.za/fixture/2022/4221/,Hoërskool Eldoraigne,Heidelberg,2022-08-13,2022,23,24,migrated,
4222,https://rugbyignite.co.za/fixture/2022/4222/,Hoërskool Kempton Park,Hoërskool Rustenburg,2022-08-13,2022,32,17,migrated,
4223,https://rugbyignite.co.za/fixture/2022/4223/,Hoërskool Monument,Hoërskool Noordheuwel,2022-08-13,2022,33,29,migrated,
4224,https://rugbyignite.co.za/fixture/2022/4224/,Hoërskool Nelspruit,Hoërskool Transvalia,2022-08-13,2022,29,17,migrated,
4225,https://rugbyignite.co.za/fixture/2022/4225/,Hoërskool Oos-Moot,Jeugland,2022-08-13,2022,29,0,migrated,
4226,https://rugbyignite.co.za/fixture/2022/4226/,Ligbron,Hoërskool Hugenote,2022-08-13,2022,50,45,migrated,
4227,https://rugbyignite.co.za/fixture/2022/4227/,Montana,Ben Vorster,2022-08-13,2022,44,34,migrated,
4228,https://rugbyignite.co.za/fixture/2022/4228/,Zwartkop,Middelburg High School,2022-08-13,2022,31,42,migrated,
4229,https://rugbyignite.co.za/fixture/2022/4229/,Die Anker,Hoër Volkskool Potchefstroom,2022-08-20,2022,34,18,migrated,
4230,https://rugbyignite.co.za/fixture/2022/4230/,Hoërskool Monument,EG Jansen,2022-08-20,2022,29,20,migrated,
4231,https://rugbyignite.co.za/fixture/2022/4231/,Hoërskool Oos-Moot,Hoërskool Hugenote,2022-08-20,2022,41,12,migrated,
4232,https://rugbyignite.co.za/fixture/2022/4232/,Klerksdorp Hoërskool,Ligbron,2022-08-20,2022,30,5,migrated,
4233,https://rugbyignite.co.za/fixture/2022/4233/,Secunda,Pietersburg Hoërskool,2022-08-20,2022,19,7,migrated,
4235,https://rugbyignite.co.za/fixture/2022/4235/,Stellenberg High School,Paarl Gimnasium,2022-03-18,2022,6,12,migrated,
4236,https://rugbyignite.co.za/fixture/2022/4236/,Paarl Boys High,Hoer Landbouschool Oakdale,2022-04-09,2022,22,15,migrated,
4237,https://rugbyignite.co.za/fixture/2022/4237/,Rondebosch Boys High School,SACS,2022-04-09,2022,46,24,migrated,
4238,https://rugbyignite.co.za/fixture/2022/4238/,Wynberg Boys' High School,Paarl Gimnasium,2022-04-09,2022,14,33,migrated,
4239,https://rugbyignite.co.za/fixture/2022/4239/,Boland Landbou,SACS,2022-04-23,2022,39,22,migrated,
4240,https://rugbyignite.co.za/fixture/2022/4240/,Hoer Landbouschool Oakdale,Grey College,2022-04-23,2022,17,17,migrated,
4241,https://rugbyignite.co.za/fixture/2022/4241/,Hoërskool Outeniqua,Hoerskool Durbanville,2022-04-23,2022,48,7,migrated,
4242,https://rugbyignite.co.za/fixture/2022/4242/,Paul Roos Gimnasium,Bishops,2022-04-23,2022,38,38,migrated,
4243,https://rugbyignite.co.za/fixture/2022/4243/,Rondebosch Boys High School,Paarl Boys High,2022-04-23,2022,22,19,migrated,
4244,https://rugbyignite.co.za/fixture/2022/4244/,Stellenberg High School,Bellville High School,2022-04-23,2022,37,0,migrated,
4245,https://rugbyignite.co.za/fixture/2022/4245/,Strand High School,Tygerberg High School,2022-04-23,2022,14,12,migrated,
4246,https://rugbyignite.co.za/fixture/2022/4246/,Wynberg Boys' High School,Parel Vallei High School,2022-04-23,2022,57,0,migrated,
4247,https://rugbyignite.co.za/fixture/2022/4247/,Strand High School,Hermanus High School,2022-04-30,2022,31,15,migrated,
4248,https://rugbyignite.co.za/fixture/2022/4248/,Drostdy,Boland Landbou,2022-05-07,2022,27,38,migrated,
4249,https://rugbyignite.co.za/fixture/2022/4249/,Paarl Gimnasium,Paul Roos Gimnasium,2022-05-07,2022,24,26,migrated,
4250,https://rugbyignite.co.za/fixture/2022/4250/,Rondebosch Boys High School,Stellenberg High School,2022-05-07,2022,32,28,migrated,
4251,https://rugbyignite.co.za/fixture/2022/4251/,SACS,Bishops,2022-05-07,2022,0,34,migrated,
4252,https://rugbyignite.co.za/fixture/2022/4252/,Strand High School,DF Malan,2022-05-07,2022,14,23,migrated,
4253,https://rugbyignite.co.za/fixture/2022/4253/,Bishops,Strand High School,2022-05-14,2022,10,7,migrated,
4254,https://rugbyignite.co.za/fixture/2022/4254/,Brackenfell High School,Hoerskool Durbanville,2022-05-14,2022,15,45,migrated,
4255,https://rugbyignite.co.za/fixture/2022/4255/,Hoer Landbouschool Oakdale,Stellenberg High School,2022-05-14,2022,34,17,migrated,
4256,https://rugbyignite.co.za/fixture/2022/4256/,Hoërskool Outeniqua,Hoërskool Brandwag,2022-05-14,2022,66,0,migrated,
4257,https://rugbyignite.co.za/fixture/2022/4257/,Rondebosch Boys High School,Paarl Gimnasium,2022-05-14,2022,21,52,migrated,
4258,https://rugbyignite.co.za/fixture/2022/4258/,SACS,Paul Roos Gimnasium,2022-05-14,2022,12,20,migrated,
4259,https://rugbyignite.co.za/fixture/2022/4259/,Wynberg Boys' High School,Boland Landbou,2022-05-14,2022,61,40,migrated,
4260,https://rugbyignite.co.za/fixture/2022/4260/,Bishops,Wynberg Boys' High School,2022-05-21,2022,14,20,migrated,
4261,https://rugbyignite.co.za/fixture/2022/4261/,Brackenfell High School,SACS,2022-05-21,2022,5,35,migrated,
4262,https://rugbyignite.co.za/fixture/2022/4262/,Hoerskool Durbanville,Parel Vallei High School,2022-05-21,2022,50,0,migrated,
4263,https://rugbyignite.co.za/fixture/2022/4263/,Paarl Gimnasium,Boland Landbou,2022-05-21,2022,26,21,migrated,
4264,https://rugbyignite.co.za/fixture/2022/4264/,Paul Roos Gimnasium,Paarl Boys High,2022-05-21,2022,15,35,migrated,
4265,https://rugbyignite.co.za/fixture/2022/4265/,Stellenberg High School,Tygerberg High School,2022-05-21,2022,88,7,migrated,
4266,https://rugbyignite.co.za/fixture/2022/4266/,Strand High School,Worcester Gymnasium,2022-05-21,2022,19,34,migrated,
4267,https://rugbyignite.co.za/fixture/2022/4267/,Hoer Landbouschool Oakdale,Hoërskool Outeniqua,2022-05-28,2022,10,0,migrated,
4268,https://rugbyignite.co.za/fixture/2022/4268/,Paarl Boys High,Bishops,2022-05-28,2022,29,7,migrated,
4269,https://rugbyignite.co.za/fixture/2022/4269/,SACS,Hoerskool Durbanville,2022-05-28,2022,22,23,migrated,
4270,https://rugbyignite.co.za/fixture/2022/4270/,Stellenberg High School,Brackenfell High School,2022-05-28,2022,50,11,migrated,
4271,https://rugbyignite.co.za/fixture/2022/4271/,Wynberg Boys' High School,Rondebosch Boys High School,2022-05-28,2022,24,15,migrated,
4272,https://rugbyignite.co.za/fixture/2022/4272/,Bishops,Boland Landbou,2022-06-04,2022,7,14,migrated,
4273,https://rugbyignite.co.za/fixture/2022/4273/,Hoerskool Durbanville,Hoer Landbouschool Oakdale,2022-06-04,2022,3,52,migrated,
4274,https://rugbyignite.co.za/fixture/2022/4274/,Paarl Boys High,Wynberg Boys' High School,2022-06-04,2022,42,24,migrated,
4275,https://rugbyignite.co.za/fixture/2022/4275/,Paarl Gimnasium,SACS,2022-06-04,2022,66,13,migrated,
4276,https://rugbyignite.co.za/fixture/2022/4276/,Paul Roos Gimnasium,Rondebosch Boys High School,2022-06-04,2022,12,23,migrated,
4277,https://rugbyignite.co.za/fixture/2022/4277/,Bishops,Rondebosch Boys High School,2022-06-11,2022,15,20,migrated,
4278,https://rugbyignite.co.za/fixture/2022/4278/,Boland Landbou,Paarl Boys High,2022-06-11,2022,22,47,migrated,
4279,https://rugbyignite.co.za/fixture/2022/4279/,Hoer Landbouschool Oakdale,Paarl Gimnasium,2022-06-11,2022,10,42,migrated,
4280,https://rugbyignite.co.za/fixture/2022/4280/,Wynberg Boys' High School,SACS,2022-06-11,2022,40,15,migrated,
4281,https://rugbyignite.co.za/fixture/2022/4281/,Boland Landbou,Rondebosch Boys High School,2022-07-23,2022,13,29,migrated,
4282,https://rugbyignite.co.za/fixture/2022/4282/,Brackenfell High School,Hermanus High School,2022-07-23,2022,0,52,migrated,
4283,https://rugbyignite.co.za/fixture/2022/4283/,Hoer Landbouschool Oakdale,Drostdy,2022-07-23,2022,22,20,migrated,
4284,https://rugbyignite.co.za/fixture/2022/4284/,Paarl Gimnasium,Bishops,2022-07-23,2022,57,26,migrated,
4285,https://rugbyignite.co.za/fixture/2022/4285/,Paul Roos Gimnasium,Wynberg Boys' High School,2022-07-23,2022,32,17,migrated,
4286,https://rugbyignite.co.za/fixture/2022/4286/,SACS,Paarl Boys High,2022-07-23,2022,11,33,migrated,
4287,https://rugbyignite.co.za/fixture/2022/4287/,Stellenberg High School,Hoërskool Outeniqua,2022-07-23,2022,27,17,migrated,
4288,https://rugbyignite.co.za/fixture/2022/4288/,Strand High School,Swartland High School,2022-07-23,2022,17,22,migrated,
4289,https://rugbyignite.co.za/fixture/2022/4289/,Boland Landbou,Stellenberg High School,2022-07-30,2022,23,27,migrated,
4290,https://rugbyignite.co.za/fixture/2022/4290/,Hoer Landbouschool Oakdale,Paul Roos Gimnasium,2022-07-30,2022,3,13,migrated,
4291,https://rugbyignite.co.za/fixture/2022/4291/,Hoerskool Durbanville,Bishops,2022-07-30,2022,28,29,migrated,
4292,https://rugbyignite.co.za/fixture/2022/4292/,Paarl Boys High,Paarl Gimnasium,2022-07-30,2022,26,24,migrated,
4293,https://rugbyignite.co.za/fixture/2022/4293/,Rondebosch Boys High School,Parel Vallei High School,2022-07-30,2022,57,20,migrated,
4294,https://rugbyignite.co.za/fixture/2022/4294/,Wynberg Boys' High School,Tygerberg High School,2022-07-30,2022,61,12,migrated,
4295,https://rugbyignite.co.za/fixture/2022/4295/,Bishops,St Andrew's College,2022-08-06,2022,31,22,migrated,
4296,https://rugbyignite.co.za/fixture/2022/4296/,Hoërskool Outeniqua,Paarl Boys High,2022-08-06,2022,22,21,migrated,
4297,https://rugbyignite.co.za/fixture/2022/4297/,Hoerskool Durbanville,Tygerberg High School,2022-08-13,2022,22,3,migrated,
4298,https://rugbyignite.co.za/fixture/2022/4298/,Hoërskool Outeniqua,Framesby,2022-08-13,2022,72,5,migrated,
4299,https://rugbyignite.co.za/fixture/2022/4299/,Paul Roos Gimnasium,Boland Landbou,2022-08-13,2022,12,12,migrated,
4300,https://rugbyignite.co.za/fixture/2022/4300/,SACS,Rondebosch Boys High School,2022-08-13,2022,12,24,migrated,
4301,https://rugbyignite.co.za/fixture/2022/4301/,Stellenberg High School,Strand High School,2022-08-13,2022,43,11,migrated,
4302,https://rugbyignite.co.za/fixture/2022/4302/,Wynberg Boys' High School,Bishops,2022-08-13,2022,44,12,migrated,
4303,https://rugbyignite.co.za/fixture/2022/4303/,Bishops,SACS,2022-08-20,2022,10,15,migrated,
4304,https://rugbyignite.co.za/fixture/2022/4304/,Brackenfell High School,Tygerberg High School,2022-08-20,2022,11,33,migrated,
4305,https://rugbyignite.co.za/fixture/2022/4305/,Drostdy,Hoërskool Outeniqua,2022-08-20,2022,13,9,migrated,
4306,https://rugbyignite.co.za/fixture/2022/4306/,Paul Roos Gimnasium,Grey College,2022-08-20,2022,34,19,migrated,
4307,https://rugbyignite.co.za/fixture/2022/4307/,Stellenberg High School,Hoerskool Durbanville,2022-08-20,2022,29,20,migrated,
4308,https://rugbyignite.co.za/fixture/2022/4308/,Wynberg Boys' High School,Rondebosch Boys High School,2022-08-20,2022,10,17,migrated,
4309,https://rugbyignite.co.za/fixture/2022/4309/,Boland Landbou,Hoer Landbouschool Oakdale,2022-08-27,2022,17,26,migrated,
4310,https://rugbyignite.co.za/fixture/2022/4310/,Rondebosch Boys High School,Bishops,2022-08-27,2022,43,26,migrated,
4311,https://rugbyignite.co.za/fixture/2022/4311/,SACS,Wynberg Boys' High School,2022-08-27,2022,5,16,migrated,
4313,https://rugbyignite.co.za/fixture/2022/4313/,Hoerskool Jim Fouche,Trio High School,2022-02-26,2022,20,3,migrated,
4314,https://rugbyignite.co.za/fixture/2022/4314/,Hoërskool Fichardtpark,Wesvalia,2022-02-26,2022,29,3,migrated,
4315,https://rugbyignite.co.za/fixture/2022/4315/,Witteberg Hoerskool,HTS Middelburg,2022-03-05,2022,15,36,migrated,
4316,https://rugbyignite.co.za/fixture/2022/4316/,Bethlehem Voortrekker Hoerskool,Durban High School,2022-03-12,2022,36,22,migrated,
4317,https://rugbyignite.co.za/fixture/2022/4317/,Goudveld Hoërskool,Bethlehem Voortrekker Hoerskool,2022-04-09,2022,15,32,migrated,
4318,https://rugbyignite.co.za/fixture/2022/4318/,Hoërskool Fichardtpark,Hoerskool Jim Fouche,2022-04-09,2022,15,22,migrated,
4319,https://rugbyignite.co.za/fixture/2022/4319/,Witteberg Hoerskool,Trio High School,2022-04-09,2022,43,28,migrated,
4320,https://rugbyignite.co.za/fixture/2022/4320/,Bethlehem Voortrekker Hoerskool,Welkom Gimnasium,2022-04-23,2022,19,24,migrated,
4321,https://rugbyignite.co.za/fixture/2022/4321/,Trio High School,Goudveld Hoërskool,2022-04-23,2022,37,9,migrated,
4322,https://rugbyignite.co.za/fixture/2022/4322/,Hoerskool Sentraal,Hoërskool Fichardtpark,2022-05-07,2022,36,32,migrated,
4323,https://rugbyignite.co.za/fixture/2022/4323/,Trio High School,Bethlehem Voortrekker Hoerskool,2022-05-07,2022,0,20,migrated,
4324,https://rugbyignite.co.za/fixture/2022/4324/,Witteberg Hoerskool,Welkom Gimnasium,2022-05-07,2022,14,44,migrated,
4325,https://rugbyignite.co.za/fixture/2022/4325/,Grey College,Paarl Boys High,2022-05-14,2022,21,12,migrated,
4326,https://rugbyignite.co.za/fixture/2022/4326/,Welkom Gimnasium,Trio High School,2022-05-14,2022,35,32,migrated,
4327,https://rugbyignite.co.za/fixture/2022/4327/,Witteberg Hoerskool,Goudveld Hoërskool,2022-05-14,2022,30,23,migrated,
4328,https://rugbyignite.co.za/fixture/2022/4328/,Bethlehem Voortrekker Hoerskool,Witteberg Hoerskool,2022-05-21,2022,20,16,migrated,
4329,https://rugbyignite.co.za/fixture/2022/4329/,Hoerskool Sentraal,Hoerskool Jim Fouche,2022-05-21,2022,30,26,migrated,
4330,https://rugbyignite.co.za/fixture/2022/4330/,Goudveld Hoërskool,Welkom Gimnasium,2022-05-24,2022,0,44,migrated,
4331,https://rugbyignite.co.za/fixture/2022/4331/,Grey College,Hoërskool Monument,2022-05-28,2022,41,17,migrated,
4332,https://rugbyignite.co.za/fixture/2022/4332/,Bethlehem Voortrekker Hoerskool,Hoërskool Fichardtpark,2022-07-19,2022,40,17,migrated,
4333,https://rugbyignite.co.za/fixture/2022/4333/,Bethlehem Voortrekker Hoerskool,Hoerskool Sentraal,2022-07-23,2022,40,17,migrated,
4334,https://rugbyignite.co.za/fixture/2022/4334/,Goudveld Hoërskool,Hoerskool Jim Fouche,2022-07-23,2022,17,27,migrated,
4335,https://rugbyignite.co.za/fixture/2022/4335/,Hoerskool Diamantveld,Witteberg Hoerskool,2022-07-23,2022,19,22,migrated,
4336,https://rugbyignite.co.za/fixture/2022/4336/,Grey College,Grey High School,2022-07-30,2022,52,34,migrated,
4337,https://rugbyignite.co.za/fixture/2022/4337/,Hoerskool Diamantveld,Hoerskool Sentraal,2022-07-30,2022,31,12,migrated,
4338,https://rugbyignite.co.za/fixture/2022/4338/,Hoërskool Fichardtpark,Hoerskool Jim Fouche,2022-07-30,2022,18,51,migrated,
4339,https://rugbyignite.co.za/fixture/2022/4339/,Welkom Gimnasium,Glenwood High School,2022-07-30,2022,31,41,migrated,
4340,https://rugbyignite.co.za/fixture/2022/4340/,Bethlehem Voortrekker Hoerskool,Witteberg Hoerskool,2022-08-06,2022,32,20,migrated,
4341,https://rugbyignite.co.za/fixture/2022/4341/,Trio High School,Welkom Gimnasium,2022-08-06,2022,26,22,migrated,
4342,https://rugbyignite.co.za/fixture/2022/4342/,Bethlehem Voortrekker Hoerskool,Trio High School,2022-08-13,2022,15,21,migrated,
4343,https://rugbyignite.co.za/fixture/2022/4343/,Hoerskool Jim Fouche,Hoerskool Sentraal,2022-08-13,2022,19,14,migrated,
4345,https://rugbyignite.co.za/fixture/2022/4345/,Daniel Pienaar,Muir College,2022-03-12,2022,29,43,migrated,
4346,https://rugbyignite.co.za/fixture/2022/4346/,Kingswood College,Graeme College,2022-03-12,2022,17,12,migrated,
4347,https://rugbyignite.co.za/fixture/2022/4347/,St Andrew's College,Nico Malan High School,2022-03-12,2022,18,3,migrated,
4348,https://rugbyignite.co.za/fixture/2022/4348/,Kingswood College,St Andrew's College,2022-03-26,2022,15,12,migrated,
4349,https://rugbyignite.co.za/fixture/2022/4349/,Grey High School,Paul Roos Gimnasium,2022-04-09,2022,14,30,migrated,
4350,https://rugbyignite.co.za/fixture/2022/4350/,Hoërskool Brandwag,Hoër Landbouskool Marlow,2022-04-09,2022,24,22,migrated,
4351,https://rugbyignite.co.za/fixture/2022/4351/,Framesby,Daniel Pienaar,2022-04-23,2022,50,6,migrated,
4352,https://rugbyignite.co.za/fixture/2022/4352/,Queen's College,Dale College,2022-04-23,2022,20,13,migrated,
4353,https://rugbyignite.co.za/fixture/2022/4353/,Hudson Park High School,Graeme College,2022-04-30,2022,22,17,migrated,
4354,https://rugbyignite.co.za/fixture/2022/4354/,Nico Malan High School,Muir College,2022-04-30,2022,36,14,migrated,
4355,https://rugbyignite.co.za/fixture/2022/4355/,Daniel Pienaar,Hoërskool Brandwag,2022-05-07,2022,13,22,migrated,
4356,https://rugbyignite.co.za/fixture/2022/4356/,Grey High School,Wynberg Boys' High School,2022-05-07,2022,16,18,migrated,
4357,https://rugbyignite.co.za/fixture/2022/4357/,Hudson Park High School,Kingswood College,2022-05-07,2022,6,34,migrated,
4358,https://rugbyignite.co.za/fixture/2022/4358/,Nico Malan High School,Pearson High School,2022-05-07,2022,7,11,migrated,
4359,https://rugbyignite.co.za/fixture/2022/4359/,Selborne College,Grey College,2022-05-07,2022,20,38,migrated,
4360,https://rugbyignite.co.za/fixture/2022/4360/,St Andrew's College,Graeme College,2022-05-07,2022,5,11,migrated,
4361,https://rugbyignite.co.za/fixture/2022/4361/,Grey High School,Queen's College,2022-05-14,2022,28,6,migrated,
4362,https://rugbyignite.co.za/fixture/2022/4362/,Hoër Landbouskool Marlow,Nico Malan High School,2022-05-14,2022,32,26,migrated,
4363,https://rugbyignite.co.za/fixture/2022/4363/,Kingswood College,Framesby,2022-05-14,2022,3,15,migrated,
4364,https://rugbyignite.co.za/fixture/2022/4364/,Selborne College,St Andrew's College,2022-05-14,2022,31,17,migrated,
4365,https://rugbyignite.co.za/fixture/2022/4365/,Dale College,Selborne College,2022-05-21,2022,0,17,migrated,
4366,https://rugbyignite.co.za/fixture/2022/4366/,Grey High School,Graeme College,2022-05-21,2022,30,0,migrated,
4367,https://rugbyignite.co.za/fixture/2022/4367/,Hoër Landbouskool Marlow,Framesby,2022-05-21,2022,22,3,migrated,
4368,https://rugbyignite.co.za/fixture/2022/4368/,Queen's College,Hudson Park High School,2022-05-21,2022,26,15,migrated,
4369,https://rugbyignite.co.za/fixture/2022/4369/,Graeme College,Kingswood College,2022-05-28,2022,22,17,migrated,
4370,https://rugbyignite.co.za/fixture/2022/4370/,Selborne College,Queen's College,2022-05-28,2022,10,19,migrated,
4371,https://rugbyignite.co.za/fixture/2022/4371/,St Andrew's College,Grey High School,2022-05-28,2022,5,40,migrated,
4372,https://rugbyignite.co.za/fixture/2022/4372/,Daniel Pienaar,Pearson High School,2022-06-04,2022,15,40,migrated,
4373,https://rugbyignite.co.za/fixture/2022/4373/,Framesby,Hoërskool Brandwag,2022-06-04,2022,43,7,migrated,
4374,https://rugbyignite.co.za/fixture/2022/4374/,Hoër Landbouskool Marlow,Hudson Park High School,2022-06-04,2022,51,14,migrated,
4375,https://rugbyignite.co.za/fixture/2022/4375/,Queen's College,St Andrew's College,2022-06-04,2022,20,8,migrated,
4376,https://rugbyignite.co.za/fixture/2022/4376/,Dale College,Kingswood College,2022-06-11,2022,13,12,migrated,
4377,https://rugbyignite.co.za/fixture/2022/4377/,Daniel Pienaar,Graeme College,2022-06-11,2022,3,71,migrated,
4378,https://rugbyignite.co.za/fixture/2022/4378/,St Andrew's College,Kingswood College,2022-06-18,2022,20,3,migrated,
4379,https://rugbyignite.co.za/fixture/2022/4379/,Framesby,Grey High School,2022-07-23,2022,14,10,migrated,
4380,https://rugbyignite.co.za/fixture/2022/4380/,Graeme College,Pearson High School,2022-07-23,2022,24,10,migrated,
4381,https://rugbyignite.co.za/fixture/2022/4381/,Kingswood College,Nico Malan High School,2022-07-23,2022,17,21,migrated,
4382,https://rugbyignite.co.za/fixture/2022/4382/,Selborne College,Hudson Park High School,2022-07-23,2022,27,26,migrated,
4383,https://rugbyignite.co.za/fixture/2022/4383/,St Andrew's College,Hoër Landbouskool Marlow,2022-07-23,2022,20,20,migrated,
4384,https://rugbyignite.co.za/fixture/2022/4384/,Framesby,Drostdy,2022-07-30,2022,27,24,migrated,
4385,https://rugbyignite.co.za/fixture/2022/4385/,Nico Malan High School,Daniel Pienaar,2022-07-30,2022,70,10,migrated,
4386,https://rugbyignite.co.za/fixture/2022/4386/,Queen's College,Selborne College,2022-07-30,2022,12,14,migrated,
4387,https://rugbyignite.co.za/fixture/2022/4387/,St Andrew's College,Dale College,2022-07-30,2022,22,19,migrated,
4388,https://rugbyignite.co.za/fixture/2022/4388/,Grey High School,Muir College,2022-08-06,2022,29,23,migrated,
4389,https://rugbyignite.co.za/fixture/2022/4389/,Hoër Landbouskool Marlow,Daniel Pienaar,2022-08-06,2022,73,6,migrated,
4390,https://rugbyignite.co.za/fixture/2022/4390/,Hoërskool Brandwag,Nico Malan High School,2022-08-06,2022,18,12,migrated,
4391,https://rugbyignite.co.za/fixture/2022/4391/,Queen's College,Graeme College,2022-08-06,2022,19,22,migrated,
4392,https://rugbyignite.co.za/fixture/2022/4392/,Selborne College,Dale College,2022-08-06,2022,33,13,migrated,
4393,https://rugbyignite.co.za/fixture/2022/4393/,Grey High School,Selborne College,2022-08-13,2022,32,26,migrated,
4394,https://rugbyignite.co.za/fixture/2022/4394/,Hudson Park High School,Dale College,2022-08-13,2022,20,17,migrated,
4395,https://rugbyignite.co.za/fixture/2022/4395/,Dale College,Queen's College,2022-08-20,2022,12,13,migrated,
4396,https://rugbyignite.co.za/fixture/2022/4396/,Framesby,Hoer Landbouschool Oakdale,2022-08-20,2022,11,7,migrated,
4397,https://rugbyignite.co.za/fixture/2022/4397/,Nico Malan High School,Graeme College,2022-08-20,2022,26,21,migrated,
4398,https://rugbyignite.co.za/fixture/2022/4398/,Framesby,Nico Malan High School,2022-08-27,2022,16,13,migrated,
4400,https://rugbyignite.co.za/fixture/2022/4400/,Kearsney College,Westville Boys' High School,2022-03-12,2022,20,22,migrated,
4401,https://rugbyignite.co.za/fixture/2022/4401/,Michaelhouse,Helpmekaar,2022-03-12,2022,20,24,removed_practice_match,
4402,https://rugbyignite.co.za/fixture/2022/4402/,Northwood School,Glenwood High School,2022-03-12,2022,19,42,migrated,
4403,https://rugbyignite.co.za/fixture/2022/4403/,Glenwood High School,Michaelhouse,2022-03-19,2022,17,10,migrated,
4404,https://rugbyignite.co.za/fixture/2022/4404/,Hilton College,Northwood School,2022-03-19,2022,54,5,migrated,
4405,https://rugbyignite.co.za/fixture/2022/4405/,Kearsney College,Durban High School,2022-03-19,2022,24,20,migrated,
4406,https://rugbyignite.co.za/fixture/2022/4406/,Maritzburg College,St Charles College,2022-03-19,2022,45,7,migrated,
4407,https://rugbyignite.co.za/fixture/2022/4407/,Maritzburg College,Pretoria Boys High School,2022-04-09,2022,28,5,migrated,
4408,https://rugbyignite.co.za/fixture/2022/4408/,Westville Boys' High School,Northwood School,2022-04-09,2022,24,10,migrated,
4409,https://rugbyignite.co.za/fixture/2022/4409/,Glenwood High School,Kearsney College,2022-04-23,2022,31,10,migrated,
4410,https://rugbyignite.co.za/fixture/2022/4410/,Hilton College,St Charles College,2022-04-23,2022,64,3,migrated,
4411,https://rugbyignite.co.za/fixture/2022/4411/,Maritzburg College,Durban High School,2022-04-23,2022,14,38,migrated,
4412,https://rugbyignite.co.za/fixture/2022/4412/,Michaelhouse,Northwood School,2022-04-23,2022,38,18,migrated,
4413,https://rugbyignite.co.za/fixture/2022/4413/,Kearsney College,Northwood School,2022-04-30,2022,29,17,migrated,
4414,https://rugbyignite.co.za/fixture/2022/4414/,St Charles College,Westville Boys' High School,2022-04-30,2022,17,46,migrated,
4415,https://rugbyignite.co.za/fixture/2022/4415/,Durban High School,Hilton College,2022-05-07,2022,17,24,migrated,
4416,https://rugbyignite.co.za/fixture/2022/4416/,Maritzburg College,Northwood School,2022-05-07,2022,29,21,migrated,
4417,https://rugbyignite.co.za/fixture/2022/4417/,Michaelhouse,Kearsney College,2022-05-07,2022,22,9,migrated,
4418,https://rugbyignite.co.za/fixture/2022/4418/,Westville Boys' High School,Glenwood High School,2022-05-07,2022,22,7,migrated,
4419,https://rugbyignite.co.za/fixture/2022/4419/,Durban High School,Michaelhouse,2022-05-14,2022,23,14,migrated,
4420,https://rugbyignite.co.za/fixture/2022/4420/,Glenwood High School,Maritzburg College,2022-05-14,2022,23,22,migrated,
4421,https://rugbyignite.co.za/fixture/2022/4421/,Northwood School,Westville Boys' High School,2022-05-14,2022,27,23,migrated,
4422,https://rugbyignite.co.za/fixture/2022/4422/,St Charles College,Kearsney College,2022-05-14,2022,19,22,migrated,
4423,https://rugbyignite.co.za/fixture/2022/4423/,Hilton College,Westville Boys' High School,2022-05-21,2022,40,0,migrated,
4424,https://rugbyignite.co.za/fixture/2022/4424/,Northwood School,Jeppe High School For Boys,2022-05-21,2022,8,9,migrated,
4425,https://rugbyignite.co.za/fixture/2022/4425/,Durban High School,Westville Boys' High School,2022-05-28,2022,33,23,migrated,
4426,https://rugbyignite.co.za/fixture/2022/4426/,Maritzburg College,Hilton College,2022-05-28,2022,11,30,migrated,
4427,https://rugbyignite.co.za/fixture/2022/4427/,St Charles College,Northwood School,2022-05-28,2022,8,18,migrated,
4428,https://rugbyignite.co.za/fixture/2022/4428/,Hilton College,Glenwood High School,2022-06-04,2022,29,28,migrated,
4429,https://rugbyignite.co.za/fixture/2022/4429/,Kearsney College,Maritzburg College,2022-06-04,2022,20,31,migrated,
4430,https://rugbyignite.co.za/fixture/2022/4430/,Northwood School,Durban High School,2022-06-04,2022,14,36,migrated,
4431,https://rugbyignite.co.za/fixture/2022/4431/,Westville Boys' High School,Michaelhouse,2022-06-04,2022,21,31,migrated,
4432,https://rugbyignite.co.za/fixture/2022/4432/,Hilton College,Kearsney College,2022-06-11,2022,52,10,migrated,
4433,https://rugbyignite.co.za/fixture/2022/4433/,Michaelhouse,St Charles College,2022-06-11,2022,54,12,migrated,
4434,https://rugbyignite.co.za/fixture/2022/4434/,Westville Boys' High School,Maritzburg College,2022-06-11,2022,26,42,migrated,
4435,https://rugbyignite.co.za/fixture/2022/4435/,Michaelhouse,Hilton College,2022-06-18,2022,22,30,migrated,
4436,https://rugbyignite.co.za/fixture/2022/4436/,Glenwood High School,Northwood School,2022-07-23,2022,54,13,migrated,
4437,https://rugbyignite.co.za/fixture/2022/4437/,Maritzburg College,Afrikaanse Hoër Seunskool,2022-07-23,2022,12,29,migrated,
4438,https://rugbyignite.co.za/fixture/2022/4438/,Durban High School,Parktown Boys High School,2022-08-06,2022,26,10,migrated,
4439,https://rugbyignite.co.za/fixture/2022/4439/,Maritzburg College,King Edward VII School,2022-08-06,2022,34,30,migrated,
4440,https://rugbyignite.co.za/fixture/2022/4440/,Maritzburg College,Glenwood High School,2022-08-13,2022,22,28,migrated,
4442,https://rugbyignite.co.za/fixture/2022/4442/,Kearsney College,Hoër Landbouskool Marlow,2022-04-14,2022,10,14,migrated,Kearsney Easter Rugby Festival 2022
4443,https://rugbyignite.co.za/fixture/2022/4443/,Durban High School,Hoërskool Waterkloof,2022-04-14,2022,23,5,migrated,Kearsney Easter Rugby Festival 2022
4444,https://rugbyignite.co.za/fixture/2022/4444/,Westville Boys' High School,Hoërskool Monument,2022-04-14,2022,20,33,migrated,Kearsney Easter Rugby Festival 2022
4445,https://rugbyignite.co.za/fixture/2022/4445/,Glenwood High School,Pretoria Boys High School,2022-04-14,2022,27,12,migrated,Kearsney Easter Rugby Festival 2022
4446,https://rugbyignite.co.za/fixture/2022/4446/,Framesby,EG Jansen,2022-04-14,2022,22,19,migrated,Kearsney Easter Rugby Festival 2022
4447,https://rugbyignite.co.za/fixture/2022/4447/,Hoërskool Monument,Hoër Landbouskool Marlow,2022-04-16,2022,12,7,migrated,Kearsney Easter Rugby Festival 2022
4448,https://rugbyignite.co.za/fixture/2022/4448/,Kearsney College,Hoërskool Waterkloof,2022-04-16,2022,12,10,migrated,Kearsney Easter Rugby Festival 2022
4449,https://rugbyignite.co.za/fixture/2022/4449/,EG Jansen,Durban High School,2022-04-16,2022,15,20,migrated,Kearsney Easter Rugby Festival 2022
4450,https://rugbyignite.co.za/fixture/2022/4450/,Pretoria Boys High School,Framesby,2022-04-16,2022,14,14,migrated,Kearsney Easter Rugby Festival 2022
4451,https://rugbyignite.co.za/fixture/2022/4451/,Glenwood High School,Selborne College,2022-04-16,2022,15,14,migrated,Kearsney Easter Rugby Festival 2022
4452,https://rugbyignite.co.za/fixture/2022/4452/,Glenwood High School,EG Jansen,2022-04-18,2022,10,17,migrated,Kearsney Easter Rugby Festival 2022
4453,https://rugbyignite.co.za/fixture/2022/4453/,Westville Boys' High School,Selborne College,2022-04-18,2022,7,20,migrated,Kearsney Easter Rugby Festival 2022
4454,https://rugbyignite.co.za/fixture/2022/4454/,Hoërskool Monument,Durban High School,2022-04-18,2022,7,5,migrated,Kearsney Easter Rugby Festival 2022
4455,https://rugbyignite.co.za/fixture/2022/4455/,Hoër Landbouskool Marlow,Pretoria Boys High School,2022-04-18,2022,10,21,migrated,Kearsney Easter Rugby Festival 2022
4456,https://rugbyignite.co.za/fixture/2022/4456/,Kearsney College,Framesby,2022-04-18,2022,6,26,migrated,Kearsney Easter Rugby Festival 2022
4458,https://rugbyignite.co.za/fixture/2022/4458/,Hoer Landbouschool Oakdale,Afrikaanse Hoër Seunskool,2022-04-29,2022,7,25,migrated,Wildeklawer 2022
4459,https://rugbyignite.co.za/fixture/2022/4459/,Durban High School,Hoërskool Menlopark,2022-04-30,2022,31,15,migrated,Wildeklawer 2022
4460,https://rugbyignite.co.za/fixture/2022/4460/,Garsfontein,Framesby,2022-04-30,2022,43,13,migrated,Wildeklawer 2022
4461,https://rugbyignite.co.za/fixture/2022/4461/,Hoërskool Waterkloof,Hoerskool Diamantveld,2022-04-30,2022,19,17,migrated,Wildeklawer 2022
4462,https://rugbyignite.co.za/fixture/2022/4462/,Drostdy,Welkom Gimnasium,2022-04-30,2022,25,23,migrated,Wildeklawer 2022
4463,https://rugbyignite.co.za/fixture/2022/4463/,Paarl Gimnasium,Helpmekaar,2022-04-30,2022,59,12,migrated,Wildeklawer 2022
4464,https://rugbyignite.co.za/fixture/2022/4464/,Paarl Boys High,Maritzburg College,2022-04-30,2022,38,3,migrated,Wildeklawer 2022
4465,https://rugbyignite.co.za/fixture/2022/4465/,Grey College,Boland Landbou,2022-04-30,2022,40,12,migrated,Wildeklawer 2022
4466,https://rugbyignite.co.za/fixture/2022/4466/,Hoërskool Outeniqua,Hoërskool Monument,2022-04-30,2022,18,7,migrated,Wildeklawer 2022
4467,https://rugbyignite.co.za/fixture/2022/4467/,Paul Roos Gimnasium,Glenwood High School,2022-04-30,2022,43,20,migrated,Wildeklawer 2022
4468,https://rugbyignite.co.za/fixture/2022/4468/,Framesby,Welkom Gimnasium,2022-05-02,2022,24,7,migrated,Wildeklawer 2022
4469,https://rugbyignite.co.za/fixture/2022/4469/,Helpmekaar,Maritzburg College,2022-05-02,2022,25,16,migrated,Wildeklawer 2022
4470,https://rugbyignite.co.za/fixture/2022/4470/,Hoërskool Waterkloof,Drostdy,2022-05-02,2022,15,14,migrated,Wildeklawer 2022
4471,https://rugbyignite.co.za/fixture/2022/4471/,Stellenberg High School,Hoërskool Menlopark,2022-05-02,2022,42,17,migrated,Wildeklawer 2022
4472,https://rugbyignite.co.za/fixture/2022/4472/,Hoërskool Outeniqua,Hoerskool Diamantveld,2022-05-02,2022,38,10,migrated,Wildeklawer 2022
4473,https://rugbyignite.co.za/fixture/2022/4473/,Hoer Landbouschool Oakdale,Durban High School,2022-05-02,2022,20,12,migrated,Wildeklawer 2022
4474,https://rugbyignite.co.za/fixture/2022/4474/,Afrikaanse Hoër Seunskool,Glenwood High School,2022-05-02,2022,49,14,migrated,Wildeklawer 2022
4475,https://rugbyignite.co.za/fixture/2022/4475/,Garsfontein,Paul Roos Gimnasium,2022-05-02,2022,19,18,migrated,Wildeklawer 2022
4476,https://rugbyignite.co.za/fixture/2022/4476/,Paarl Boys High,Hoërskool Monument,2022-05-02,2022,27,3,migrated,Wildeklawer 2022
4477,https://rugbyignite.co.za/fixture/2022/4477/,Paarl Gimnasium,Grey College,2022-05-02,2022,22,17,migrated,Wildeklawer 2022
4479,https://rugbyignite.co.za/fixture/2022/4479/,Pretoria Boys High School,Hoërskool Nelspruit,2022-03-25,2022,13,20,migrated,Noord-Suid 2022
4480,https://rugbyignite.co.za/fixture/2022/4480/,Garsfontein,Drostdy,2022-03-25,2022,67,0,migrated,Noord-Suid 2022
4481,https://rugbyignite.co.za/fixture/2022/4481/,Hoërskool Waterkloof,Welkom Gimnasium,2022-03-25,2022,29,11,migrated,Noord-Suid 2022
4482,https://rugbyignite.co.za/fixture/2022/4482/,Hoërskool Menlopark,Paarl Boys High,2022-03-25,2022,6,31,migrated,Noord-Suid 2022
4483,https://rugbyignite.co.za/fixture/2022/4483/,Grey College,Stellenberg High School,2022-03-25,2022,43,27,migrated,Noord-Suid 2022
4484,https://rugbyignite.co.za/fixture/2022/4484/,Glenwood High School,Hoërskool Noordheuwel,2022-03-26,2022,47,33,migrated,Noord-Suid 2022
4485,https://rugbyignite.co.za/fixture/2022/4485/,Helpmekaar,Hoerskool Durbanville,2022-03-26,2022,34,36,migrated,Noord-Suid 2022
4486,https://rugbyignite.co.za/fixture/2022/4486/,EG Jansen,Hoer Landbouschool Oakdale,2022-03-26,2022,5,26,migrated,Noord-Suid 2022
4487,https://rugbyignite.co.za/fixture/2022/4487/,Hoërskool Monument,Paarl Gimnasium,2022-03-26,2022,19,42,migrated,Noord-Suid 2022
4488,https://rugbyignite.co.za/fixture/2022/4488/,Afrikaanse Hoër Seunskool,Paul Roos Gimnasium,2022-03-26,2022,24,18,migrated,Noord-Suid 2022
4489,https://rugbyignite.co.za/fixture/2022/4489/,Hoërskool Menlopark,Drostdy,2022-03-28,2022,15,31,migrated,Noord-Suid 2022
4490,https://rugbyignite.co.za/fixture/2022/4490/,Grey College,Hoërskool Waterkloof,2022-03-28,2022,57,37,migrated,Noord-Suid 2022
4491,https://rugbyignite.co.za/fixture/2022/4491/,Garsfontein,Paarl Boys High,2022-03-28,2022,19,19,migrated,Noord-Suid 2022
4492,https://rugbyignite.co.za/fixture/2022/4492/,EG Jansen,Stellenberg High School,2022-03-29,2022,24,42,migrated,Noord-Suid 2022
4493,https://rugbyignite.co.za/fixture/2022/4493/,Hoërskool Monument,Hoer Landbouschool Oakdale,2022-03-29,2022,41,18,migrated,Noord-Suid 2022
4494,https://rugbyignite.co.za/fixture/2022/4494/,Glenwood High School,Paarl Gimnasium,2022-03-29,2022,17,64,migrated,Noord-Suid 2022
4495,https://rugbyignite.co.za/fixture/2022/4495/,Helpmekaar,Paul Roos Gimnasium,2022-03-29,2022,30,23,migrated,Noord-Suid 2022
4496,https://rugbyignite.co.za/fixture/2022/4496/,Hoërskool Noordheuwel,Welkom Gimnasium,2022-03-29,2022,35,22,migrated,Noord-Suid 2022
4497,https://rugbyignite.co.za/fixture/2022/4497/,Afrikaanse Hoër Seunskool,Hoerskool Durbanville,2022-03-29,2022,73,6,migrated,Noord-Suid 2022
4499,https://rugbyignite.co.za/fixture/2022/4499/,Hudson Park High School,Nico Malan High School,2022-03-19,2022,21,14,migrated,
4500,https://rugbyignite.co.za/fixture/2022/4500/,Dale College,Hoër Landbouskool Marlow,2022-03-19,2022,12,31,migrated,
4501,https://rugbyignite.co.za/fixture/2022/4501/,Grey High School,Hoërskool Brandwag,2022-03-19,2022,31,27,migrated,
4502,https://rugbyignite.co.za/fixture/2022/4502/,St Andrew's College,Framesby,2022-03-19,2022,22,24,migrated,
4503,https://rugbyignite.co.za/fixture/2022/4503/,Kingswood College,Queen's College,2022-03-19,2022,14,3,migrated,
4504,https://rugbyignite.co.za/fixture/2022/4504/,Graeme College,Selborne College,2022-03-19,2022,7,7,migrated,
4506,https://rugbyignite.co.za/fixture/2022/4506/,Nico Malan High School,Hoerskool Durbanville,2022-04-14,2022,21,52,migrated,KES Easter Rugby Festival 2022
4507,https://rugbyignite.co.za/fixture/2022/4507/,Jeppe High School For Boys,Hoërskool Eldoraigne,2022-04-14,2022,12,20,migrated,KES Easter Rugby Festival 2022
4508,https://rugbyignite.co.za/fixture/2022/4508/,King Edward VII School,Queen's College,2022-04-14,2022,37,36,migrated,KES Easter Rugby Festival 2022
4509,https://rugbyignite.co.za/fixture/2022/4509/,Northwood School,Hudson Park High School,2022-04-14,2022,25,19,migrated,KES Easter Rugby Festival 2022
4510,https://rugbyignite.co.za/fixture/2022/4510/,Ben Vorster,Hoërskool Eldoraigne,2022-04-16,2022,3,33,migrated,KES Easter Rugby Festival 2022
4511,https://rugbyignite.co.za/fixture/2022/4511/,Northwood School,Queen's College,2022-04-16,2022,3,26,migrated,KES Easter Rugby Festival 2022
4512,https://rugbyignite.co.za/fixture/2022/4512/,Jeppe High School For Boys,Hudson Park High School,2022-04-16,2022,16,10,migrated,KES Easter Rugby Festival 2022
4513,https://rugbyignite.co.za/fixture/2022/4513/,King Edward VII School,Dale College,2022-04-16,2022,32,3,migrated,KES Easter Rugby Festival 2022
4514,https://rugbyignite.co.za/fixture/2022/4514/,Queen's College,Hoerskool Durbanville,2022-04-18,2022,41,11,migrated,KES Easter Rugby Festival 2022
4515,https://rugbyignite.co.za/fixture/2022/4515/,Jeppe High School For Boys,Dale College,2022-04-18,2022,14,10,migrated,KES Easter Rugby Festival 2022
4516,https://rugbyignite.co.za/fixture/2022/4516/,Ben Vorster,Nico Malan High School,2022-04-18,2022,19,18,migrated,KES Easter Rugby Festival 2022
4517,https://rugbyignite.co.za/fixture/2022/4517/,King Edward VII School,Hoërskool Eldoraigne,2022-04-18,2022,33,7,migrated,KES Easter Rugby Festival 2022
4519,https://rugbyignite.co.za/fixture/2022/4519/,Helpmekaar,Graeme College,2022-04-14,2022,10,7,migrated,St John's Easter Rugby Festival 2022
4520,https://rugbyignite.co.za/fixture/2022/4520/,Hilton College,St Benedict’s College,2022-04-14,2022,62,3,migrated,St John's Easter Rugby Festival 2022
4521,https://rugbyignite.co.za/fixture/2022/4521/,Boland Landbou,Hoërskool Noordheuwel,2022-04-14,2022,25,25,migrated,St John's Easter Rugby Festival 2022
4522,https://rugbyignite.co.za/fixture/2022/4522/,Paul Roos Gimnasium,Welkom Gimnasium,2022-04-14,2022,50,6,migrated,St John's Easter Rugby Festival 2022
4523,https://rugbyignite.co.za/fixture/2022/4523/,St John’s College,Hoërskool Nelspruit,2022-04-14,2022,5,24,migrated,St John's Easter Rugby Festival 2022
4524,https://rugbyignite.co.za/fixture/2022/4524/,Boland Landbou,St Charles College,2022-04-16,2022,38,0,migrated,St John's Easter Rugby Festival 2022
4525,https://rugbyignite.co.za/fixture/2022/4525/,St John’s College,Graeme College,2022-04-16,2022,7,28,migrated,St John's Easter Rugby Festival 2022
4526,https://rugbyignite.co.za/fixture/2022/4526/,Hilton College,Welkom Gimnasium,2022-04-16,2022,48,3,migrated,St John's Easter Rugby Festival 2022
4527,https://rugbyignite.co.za/fixture/2022/4527/,Paul Roos Gimnasium,Hoërskool Nelspruit,2022-04-16,2022,40,3,migrated,St John's Easter Rugby Festival 2022
4528,https://rugbyignite.co.za/fixture/2022/4528/,Paarl Boys High,Helpmekaar,2022-04-16,2022,32,16,migrated,St John's Easter Rugby Festival 2022
4529,https://rugbyignite.co.za/fixture/2022/4529/,St Benedict’s College,St Charles College,2022-04-18,2022,7,19,migrated,St John's Easter Rugby Festival 2022
4530,https://rugbyignite.co.za/fixture/2022/4530/,Graeme College,Welkom Gimnasium,2022-04-18,2022,24,26,migrated,St John's Easter Rugby Festival 2022
4531,https://rugbyignite.co.za/fixture/2022/4531/,Helpmekaar,Hoërskool Nelspruit,2022-04-18,2022,10,7,migrated,St John's Easter Rugby Festival 2022
4532,https://rugbyignite.co.za/fixture/2022/4532/,Hoërskool Noordheuwel,St John’s College,2022-04-18,2022,17,5,migrated,St John's Easter Rugby Festival 2022
4533,https://rugbyignite.co.za/fixture/2022/4533/,Boland Landbou,Afrikaanse Hoër Seunskool,2022-04-18,2022,5,12,migrated,St John's Easter Rugby Festival 2022
4534,https://rugbyignite.co.za/fixture/2022/4534/,Paarl Boys High,Hilton College,2022-04-18,2022,14,5,migrated,St John's Easter Rugby Festival 2022
4536,https://rugbyignite.co.za/fixture/2022/4536/,St Andrew's College,St Alban’s College,2022-04-14,2022,29,15,migrated,St Stithians Easter Rugby Festival 2022
4537,https://rugbyignite.co.za/fixture/2022/4537/,Maritzburg College,Michaelhouse,2022-04-14,2022,32,33,migrated,St Stithians Easter Rugby Festival 2022
4538,https://rugbyignite.co.za/fixture/2022/4538/,Parktown Boys High School,Wynberg Boys' High School,2022-04-14,2022,7,49,migrated,St Stithians Easter Rugby Festival 2022
4539,https://rugbyignite.co.za/fixture/2022/4539/,Grey High School,Bishops,2022-04-14,2022,20,31,migrated,St Stithians Easter Rugby Festival 2022
4540,https://rugbyignite.co.za/fixture/2022/4540/,St Alban’s College,Grey High School,2022-04-16,2022,19,34,migrated,St Stithians Easter Rugby Festival 2022
4541,https://rugbyignite.co.za/fixture/2022/4541/,St Andrew's College,Wynberg Boys' High School,2022-04-16,2022,13,12,migrated,St Stithians Easter Rugby Festival 2022
4542,https://rugbyignite.co.za/fixture/2022/4542/,Maritzburg College,Bishops,2022-04-16,2022,10,31,migrated,St Stithians Easter Rugby Festival 2022
4543,https://rugbyignite.co.za/fixture/2022/4543/,Michaelhouse,St Stithians College,2022-04-16,2022,36,3,migrated,St Stithians Easter Rugby Festival 2022
4544,https://rugbyignite.co.za/fixture/2022/4544/,Bishops,Parktown Boys High School,2022-04-18,2022,26,10,migrated,St Stithians Easter Rugby Festival 2022
4545,https://rugbyignite.co.za/fixture/2022/4545/,Maritzburg College,Grey High School,2022-04-18,2022,36,27,migrated,St Stithians Easter Rugby Festival 2022
4546,https://rugbyignite.co.za/fixture/2022/4546/,St Alban’s College,Michaelhouse,2022-04-18,2022,9,37,migrated,St Stithians Easter Rugby Festival 2022
4547,https://rugbyignite.co.za/fixture/2022/4547/,St Stithians College,St Andrew's College,2022-04-18,2022,7,50,migrated,St Stithians Easter Rugby Festival 2022
4549,https://rugbyignite.co.za/fixture/2022/4549/,Brackenfell High School,Jeugland,2022-03-26,2022,34,17,migrated,
4550,https://rugbyignite.co.za/fixture/2022/4550/,Strand High School,Hoërskool Oos-Moot,2022-03-26,2022,19,12,migrated,
4551,https://rugbyignite.co.za/fixture/2022/4551/,Potchefstroom Gimnasium,Hoërskool Hugenote,2022-03-26,2022,24,38,migrated,
4552,https://rugbyignite.co.za/fixture/2022/4552/,Zwartkop,Pearson High School,2022-03-26,2022,0,54,migrated,
4553,https://rugbyignite.co.za/fixture/2022/4553/,Hoërskool Kempton Park,Hoërskool Brandwag,2022-03-26,2022,12,80,migrated,
4554,https://rugbyignite.co.za/fixture/2022/4554/,Hoërskool Rustenburg,Hoerskool Diamantveld,2022-03-26,2022,5,26,migrated,
4555,https://rugbyignite.co.za/fixture/2022/4555/,Hoërskool Oos-Moot,Swartland High School,2022-03-28,2022,13,12,migrated,
4556,https://rugbyignite.co.za/fixture/2022/4556/,Hermanus High School,Hoërskool Kempton Park,2022-03-28,2022,19,12,migrated,
4557,https://rugbyignite.co.za/fixture/2022/4557/,Hoërskool Hugenote,Lichtenburg,2022-03-28,2022,0,17,migrated,
4558,https://rugbyignite.co.za/fixture/2022/4558/,Brackenfell High School,Potchefstroom Gimnasium,2022-03-28,2022,27,14,migrated,
4559,https://rugbyignite.co.za/fixture/2022/4559/,Pearson High School,Hoërskool Rustenburg,2022-03-28,2022,11,5,migrated,
4560,https://rugbyignite.co.za/fixture/2022/4560/,Hoerskool Diamantveld,Hoërskool Brandwag,2022-03-28,2022,23,27,migrated,
4562,https://rugbyignite.co.za/fixture/2022/4562/,Westville Boys' High School,Queen's College,2022-03-31,2022,22,20,migrated,Grey Rugby Festival 2022
4563,https://rugbyignite.co.za/fixture/2022/4563/,Nico Malan High School,King Edward VII School,2022-03-31,2022,12,20,migrated,Grey Rugby Festival 2022
4564,https://rugbyignite.co.za/fixture/2022/4564/,Framesby,Jeppe High School For Boys,2022-03-31,2022,19,0,migrated,Grey Rugby Festival 2022
4565,https://rugbyignite.co.za/fixture/2022/4565/,Hoërskool Outeniqua,Selborne College,2022-03-31,2022,40,7,migrated,Grey Rugby Festival 2022
4566,https://rugbyignite.co.za/fixture/2022/4566/,St Andrew's College,Bishops,2022-03-31,2022,5,42,migrated,Grey Rugby Festival 2022
4567,https://rugbyignite.co.za/fixture/2022/4567/,Grey High School,SACS,2022-03-31,2022,41,9,migrated,Grey Rugby Festival 2022
4568,https://rugbyignite.co.za/fixture/2022/4568/,Parktown Boys High School,Northwood School,2022-03-31,2022,5,20,migrated,Grey Rugby Festival 2022
4569,https://rugbyignite.co.za/fixture/2022/4569/,Kingswood College,Michaelhouse,2022-03-31,2022,12,19,migrated,Grey Rugby Festival 2022
4570,https://rugbyignite.co.za/fixture/2022/4570/,Graeme College,Rondebosch Boys High School,2022-03-31,2022,18,24,migrated,Grey Rugby Festival 2022
4571,https://rugbyignite.co.za/fixture/2022/4571/,Muir College,Parktown Boys High School,2022-04-02,2022,19,15,migrated,Grey Rugby Festival 2022
4572,https://rugbyignite.co.za/fixture/2022/4572/,Jeppe High School For Boys,Rondebosch Boys High School,2022-04-02,2022,17,13,migrated,Grey Rugby Festival 2022
4573,https://rugbyignite.co.za/fixture/2022/4573/,Hoërskool Brandwag,Hudson Park High School,2022-04-02,2022,10,26,migrated,Grey Rugby Festival 2022
4574,https://rugbyignite.co.za/fixture/2022/4574/,Selborne College,Framesby,2022-04-02,2022,19,18,migrated,Grey Rugby Festival 2022
4575,https://rugbyignite.co.za/fixture/2022/4575/,Hoërskool Outeniqua,Bishops,2022-04-02,2022,20,31,migrated,Grey Rugby Festival 2022
4576,https://rugbyignite.co.za/fixture/2022/4576/,Grey High School,King Edward VII School,2022-04-02,2022,22,15,migrated,Grey Rugby Festival 2022
4577,https://rugbyignite.co.za/fixture/2022/4577/,Queen's College,SACS,2022-04-02,2022,14,15,migrated,Grey Rugby Festival 2022
4578,https://rugbyignite.co.za/fixture/2022/4578/,Nico Malan High School,Northwood School,2022-04-02,2022,20,23,migrated,Grey Rugby Festival 2022
4579,https://rugbyignite.co.za/fixture/2022/4579/,Westville Boys' High School,Kingswood College,2022-04-02,2022,21,7,migrated,Grey Rugby Festival 2022
4580,https://rugbyignite.co.za/fixture/2022/4580/,St Andrew's College,Michaelhouse,2022-04-02,2022,17,15,migrated,Grey Rugby Festival 2022
4592,https://rugbyignite.co.za/fixture/2026/kempton-park-vs-hts-middelburg-2/,Hoërskool Kempton Park,HTS Middelburg,2026-05-01,2026,27,12,migrated,
4594,https://rugbyignite.co.za/fixture/2026/wesvalia-vs-montana-3/,Wesvalia,Montana,2026-05-02,2026,32,10,migrated,
4595,https://rugbyignite.co.za/fixture/2026/pietersburg-vs-marais-viljoen/,Pietersburg Hoërskool,Marais Viljoen,2026-05-02,2026,45,15,migrated,
4596,https://rugbyignite.co.za/fixture/2026/bergsig-vs-potchefstroom/,Bergsig,Hoër Volkskool Potchefstroom,2026-05-02,2026,10,38,migrated,
4598,https://rugbyignite.co.za/fixture/2026/die-anker-vs-jeugland/,Die Anker,Jeugland,2026-05-02,2026,32,27,migrated,
4603,https://rugbyignite.co.za/fixture/2026/voortrekker-vs-df-malan/,Bethlehem Voortrekker Hoerskool,DF Malan,2026-05-01,2026,35,7,migrated,
4616,https://rugbyignite.co.za/fixture/2026/pearson-high-school-vs-kes/,Pearson High School,King Edward VII School,2026-05-02,2026,15,15,migrated,
4620,https://rugbyignite.co.za/fixture/2026/sentraal-vs-diamantveld/,Hoerskool Sentraal,Hoerskool Diamantveld,2026-05-09,2026,38,52,migrated,
4621,https://rugbyignite.co.za/fixture/2026/hugenote-vs-drostdy/,Hoërskool Hugenote,Drostdy,2026-05-09,2026,14,40,migrated,
4622,https://rugbyignite.co.za/fixture/2026/pietersburg-vs-marais-viljoen-2/,Pietersburg Hoërskool,Marais Viljoen,2026-05-09,2026,31,22,migrated,
4623,https://rugbyignite.co.za/fixture/2026/dinamika-vs-die-anker/,Dinamika,Die Anker,2026-05-09,2026,34,14,migrated,
4624,https://rugbyignite.co.za/fixture/2026/ermelo-vs-merensky-landbou-akademie/,Hoërskool Ermelo,Merensky Landbou Akademie,2026-05-09,2026,44,34,migrated,
4625,https://rugbyignite.co.za/fixture/2026/bergsig-vs-potch-gim/,Bergsig,Potchefstroom Gimnasium,2026-05-09,2026,36,31,migrated,
4626,https://rugbyignite.co.za/fixture/2026/parktown-vs-kes/,Parktown Boys High School,King Edward VII School,2026-05-09,2026,8,24,migrated,
4633,https://rugbyignite.co.za/fixture/2026/graeme-college-vs-hudson-park/,Graeme College,Hudson Park High School,2026-05-16,2026,54,19,migrated,
4634,https://rugbyignite.co.za/fixture/2026/hudson-park-vs-kingswood/,Hudson Park High School,Kingswood College,2026-05-11,2026,25,24,migrated,
4637,https://rugbyignite.co.za/fixture/2026/hugenote-vs-hermanus/,Hoërskool Hugenote,Hermanus High School,2026-05-16,2026,64,17,migrated,
4640,https://rugbyignite.co.za/fixture/2026/die-anker-vs-ermelo/,Die Anker,Hoërskool Ermelo,2026-05-16,2026,26,21,migrated,
4641,https://rugbyignite.co.za/fixture/2026/jeugland-vs-potchefstroom/,Jeugland,Hoër Volkskool Potchefstroom,2026-05-16,2026,27,24,migrated,
4674,https://rugbyignite.co.za/fixture/2026/dinamika-vs-merensky-landbou-akademie/,Dinamika,Merensky Landbou Akademie,2026-05-23,2026,27,36,migrated,
4675,https://rugbyignite.co.za/fixture/2026/charlie-hofmeyr-vs-swartland/,Charlie Hofmeyr,Swartland High School,2026-05-23,2026,44,38,migrated,
4689,https://rugbyignite.co.za/fixture/2026/drostdy-vs-worcester-gim/,Drostdy,Worcester Gymnasium,2026-05-30,2026,41,7,migrated,
4693,https://rugbyignite.co.za/fixture/2026/kingswood-vs-muir-college/,Kingswood College,Muir College,2026-05-26,2026,73,21,migrated,
4694,https://rugbyignite.co.za/fixture/2026/ermelo-vs-dinamika/,Hoërskool Ermelo,Dinamika,2026-05-30,2026,20,16,migrated,
4695,https://rugbyignite.co.za/fixture/2026/bergsig-vs-jeugland-2/,Bergsig,Jeugland,2026-05-30,2026,34,26,migrated,
4700,https://rugbyignite.co.za/fixture/2026/rondebosch-vs-milnerton-high-school/,Rondebosch Boys High School,Milnerton High School,2026-06-06,2026,63,7,migrated,
4701,https://rugbyignite.co.za/fixture/2026/die-anker-vs-merensky-landbou-akademie/,Die Anker,Merensky Landbou Akademie,2026-06-06,2026,32,27,migrated,
4704,https://rugbyignite.co.za/fixture/2026/potch-gim-vs-jeugland/,Potchefstroom Gimnasium,Jeugland,2026-06-06,2026,40,35,migrated,
4747,https://rugbyignite.co.za/fixture/2026/helpmekaar-vs-middelburg-high-school/,Helpmekaar,Middelburg High School,2026-06-13,2026,52,17,migrated,
4779,https://rugbyignite.co.za/fixture/2026/drostdy-vs-milnerton-high-school/,Drostdy,Milnerton High School,2026-08-01,2026,22,20,migrated,
4781,https://rugbyignite.co.za/fixture/2026/graeme-college-vs-dale/,Graeme College,Dale College,2026-08-01,2026,33,22,migrated,
4789,https://rugbyignite.co.za/fixture/2026/drostdy-vs-outeniqua/,Drostdy,Hoërskool Outeniqua,2026-08-15,2026,37,26,migrated,
4790,https://rugbyignite.co.za/fixture/2026/bishops-vs-sacs-3/,Bishops,SACS,2026-08-15,2026,22,55,migrated,
4792,https://rugbyignite.co.za/fixture/2026/monument-vs-strand/,Hoërskool Monument,Hoërskool Noordheuwel,2026-08-18,2026,60,52,migrated,
4793,https://rugbyignite.co.za/fixture/2026/hugenote-vs-swartland/,Hoërskool Hugenote,Swartland High School,2026-08-15,2026,28,31,migrated,
4794,https://rugbyignite.co.za/fixture/2026/graeme-college-vs-muir-college/,Graeme College,Muir College,2026-08-15,2026,54,27,migrated,
4795,https://rugbyignite.co.za/fixture/2026/welkom-gim-vs-trio/,Welkom Gimnasium,Trio High School,2026-08-15,2026,37,34,migrated,
4796,https://rugbyignite.co.za/fixture/2026/jim-fouche-vs-sentraal/,Hoerskool Jim Fouche,Hoerskool Sentraal,2026-08-15,2026,35,25,migrated,
4797,https://rugbyignite.co.za/fixture/2026/garsfontein-vs-waterkloof/,Garsfontein,Hoërskool Waterkloof,2026-08-18,2026,26,27,migrated,
4798,https://rugbyignite.co.za/fixture/2026/zwartkop-vs-oos-moot-2/,Zwartkop,Hoërskool Oos-Moot,2026-08-15,2026,45,10,migrated,
4803,https://rugbyignite.co.za/fixture/2026/nelspruit-vs-kempton-park-2/,Hoërskool Nelspruit,Hoërskool Kempton Park,2026-08-18,2026,29,15,migrated,
4805,https://rugbyignite.co.za/fixture/2026/monument-vs-waterkloof/,Hoërskool Monument,Hoërskool Waterkloof,2026-08-22,2026,52,22,migrated,
4806,https://rugbyignite.co.za/fixture/2026/nelspruit-vs-zwartkop/,Hoërskool Nelspruit,Zwartkop,2026-08-22,2026,22,41,migrated,
4807,https://rugbyignite.co.za/fixture/2026/pietersburg-vs-marais-viljoen-3/,Pietersburg Hoërskool,Marais Viljoen,2026-08-22,2026,53,24,migrated,
